{"type": "FeatureCollection", "features": [{"type": "Feature", "id": "18001", "properties": {"daneCode": "18001", "name": "Í", "dptoCode": "18", "dptoName": "Í"}, "geometry": {"type": "Polygon", "coordinates": [[[-75.4043, 1.7695], [-75.479, 1.6047], [-75.4594, 1.4448], [-75.479, 1.3431], [-75.5683, 1.3221], [-75.5916, 1.3915], [-75.6663, 1.4943], [-75.7299, 1.4981], [-75.7789, 1.5824], [-75.8046, 1.6158], [-75.7581, 1.6778], [-75.7862, 1.7633], [-75.7348, 1.7869], [-75.6883, 1.8811], [-75.6589, 1.8922], [-75.5879, 2.0137], [-75.5353, 2.1178], [-75.4447, 2.1438], [-75.4263, 2.1947], [-75.3835, 2.1228], [-75.3921, 1.9951], [-75.3492, 1.9753], [-75.3553, 1.8662], [-75.4043, 1.7695]]]}}, {"type": "Feature", "id": "18029", "properties": {"daneCode": "18029", "name": "Í", "dptoCode": "18", "dptoName": "Í"}, "geometry": {"type": "Polygon", "coordinates": [[[-75.7569, 1.1894], [-75.8107, 1.1721], [-75.8144, 1.1114], [-75.9221, 1.1076], [-75.9552, 1.182], [-75.9944, 1.2477], [-75.9062, 1.3592], [-75.8536, 1.3407], [-75.7862, 1.2068], [-75.7569, 1.1894]]]}}, {"type": "Feature", "id": "18094", "properties": {"daneCode": "18094", "name": "Í", "dptoCode": "18", "dptoName": "Í"}, "geometry": {"type": "Polygon", "coordinates": [[[-75.7789, 1.5824], [-75.7777, 1.4559], [-75.7373, 1.4175], [-75.7422, 1.3233], [-75.7569, 1.1894], [-75.7862, 1.2068], [-75.8536, 1.3407], [-75.9062, 1.3592], [-75.9956, 1.4212], [-76.0274, 1.5291], [-76.0996, 1.5638], [-75.9833, 1.622], [-75.9038, 1.7162], [-75.8377, 1.7398], [-75.7862, 1.7633], [-75.7581, 1.6778], [-75.8046, 1.6158], [-75.7789, 1.5824]]]}}, {"type": "Feature", "id": "18247", "properties": {"daneCode": "18247", "name": "Í", "dptoCode": "18", "dptoName": "Í"}, "geometry": {"type": "Polygon", "coordinates": [[[-75.3492, 2.3236], [-75.2868, 2.2715], [-75.2574, 2.1376], [-75.2978, 2.0546], [-75.3149, 1.8017], [-75.2611, 1.7943], [-75.1778, 1.71], [-75.0542, 1.7323], [-75.0224, 1.6468], [-74.933, 1.5043], [-74.9293, 1.4249], [-74.9648, 1.4435], [-75.0383, 1.482], [-75.075, 1.5452], [-75.3309, 1.6592], [-75.3615, 1.7484], [-75.31, 1.9145], [-75.3859, 2.3149], [-75.3492, 2.3236]]]}}, {"type": "Feature", "id": "18256", "properties": {"daneCode": "18256", "name": "Í", "dptoCode": "18", "dptoName": "Í"}, "geometry": {"type": "Polygon", "coordinates": [[[-74.9648, 1.4435], [-75.0567, 1.3878], [-75.0811, 1.2737], [-75.1179, 1.3407], [-75.2133, 1.3444], [-75.2623, 1.4237], [-75.3284, 1.4832], [-75.3688, 1.5662], [-75.3394, 1.6617], [-75.4043, 1.7695], [-75.3553, 1.8662], [-75.3492, 1.9753], [-75.3921, 1.9951], [-75.3835, 2.1228], [-75.4263, 2.1947], [-75.3945, 2.3025], [-75.3859, 2.3149], [-75.31, 1.9145], [-75.3615, 1.7484], [-75.3309, 1.6592], [-75.075, 1.5452], [-75.0383, 1.482], [-74.9648, 1.4435]]]}}, {"type": "Feature", "id": "18410", "properties": {"daneCode": "18410", "name": "Í", "dptoCode": "18", "dptoName": "Í"}, "geometry": {"type": "Polygon", "coordinates": [[[-75.0811, 1.2737], [-74.9575, 1.1002], [-74.9, 0.9763], [-75.195, 1.0419], [-75.1938, 1.1089], [-75.2807, 1.1721], [-75.3456, 1.2613], [-75.3602, 1.3506], [-75.479, 1.3431], [-75.4594, 1.4448], [-75.479, 1.6047], [-75.4043, 1.7695], [-75.3394, 1.6617], [-75.3688, 1.5662], [-75.3284, 1.4832], [-75.2623, 1.4237], [-75.2133, 1.3444], [-75.1179, 1.3407], [-75.0811, 1.2737]]]}}, {"type": "Feature", "id": "18460", "properties": {"daneCode": "18460", "name": "Í", "dptoCode": "18", "dptoName": "Í"}, "geometry": {"type": "Polygon", "coordinates": [[[-75.195, 1.0419], [-75.2256, 0.9601], [-75.3235, 0.9242], [-75.4006, 1.0308], [-75.5414, 1.0878], [-75.5683, 1.2167], [-75.5683, 1.3221], [-75.479, 1.3431], [-75.3602, 1.3506], [-75.3456, 1.2613], [-75.2807, 1.1721], [-75.1938, 1.1089], [-75.195, 1.0419]]]}}, {"type": "Feature", "id": "18479", "properties": {"daneCode": "18479", "name": "Í", "dptoCode": "18", "dptoName": "Í"}, "geometry": {"type": "Polygon", "coordinates": [[[-75.5683, 1.3221], [-75.5683, 1.2167], [-75.6479, 1.2353], [-75.6675, 1.2948], [-75.7422, 1.3233], [-75.7373, 1.4175], [-75.7777, 1.4559], [-75.7789, 1.5824], [-75.7299, 1.4981], [-75.6663, 1.4943], [-75.5916, 1.3915], [-75.5683, 1.3221]]]}}, {"type": "Feature", "id": "18610", "properties": {"daneCode": "18610", "name": "Í", "dptoCode": "18", "dptoName": "Í"}, "geometry": {"type": "Polygon", "coordinates": [[[-76.0996, 1.5638], [-76.0274, 1.5291], [-75.9956, 1.4212], [-75.9062, 1.3592], [-75.9944, 1.2477], [-75.9552, 1.182], [-76.0984, 1.1485], [-76.1327, 1.1014], [-76.2808, 1.1374], [-76.3028, 1.2365], [-76.2037, 1.3531], [-76.1841, 1.4882], [-76.1498, 1.5365], [-76.1694, 1.5885], [-76.0996, 1.5638]]]}}, {"type": "Feature", "id": "18860", "properties": {"daneCode": "18860", "name": "Í", "dptoCode": "18", "dptoName": "Í"}, "geometry": {"type": "Polygon", "coordinates": [[[-75.5683, 1.2167], [-75.5414, 1.0878], [-75.4006, 1.0308], [-75.3235, 0.9242], [-75.4692, 0.8424], [-75.5169, 0.9614], [-75.6393, 1.0134], [-75.8205, 0.9341], [-75.8756, 1.0271], [-75.8585, 1.0977], [-75.8144, 1.1114], [-75.8107, 1.1721], [-75.7569, 1.1894], [-75.7422, 1.3233], [-75.6675, 1.2948], [-75.6479, 1.2353], [-75.5683, 1.2167]]]}}, {"type": "Feature", "id": "18150", "properties": {"daneCode": "18150", "name": "Í", "dptoCode": "18", "dptoName": "Í"}, "geometry": {"type": "Polygon", "coordinates": [[[-73.6734, 0.5362], [-73.5815, 0.4829], [-73.4848, 0.3243], [-73.4249, 0.2561], [-73.3881, 0.2685], [-73.2351, 0.1607], [-73.1458, 0.1309], [-73.1849, 0.0603], [-73.3281, 0.038], [-73.42, 0.0677], [-73.4799, 0.1148], [-73.5485, 0.0727], [-73.644, 0.0727], [-73.7089, 0.1061], [-73.7615, 0.0789], [-73.8619, 0.1694], [-74.5119, 0.1694], [-74.556, 0.3305], [-74.6417, 0.5263], [-74.7176, 0.6242], [-74.8155, 0.6664], [-74.851, 0.7903], [-74.813, 0.8486], [-74.9, 0.9763], [-74.9575, 1.1002], [-75.0811, 1.2737], [-75.0567, 1.3878], [-74.9648, 1.4435], [-74.9293, 1.4249], [-74.8241, 1.3927], [-74.7984, 1.4187], [-74.7873, 1.5675], [-74.5731, 1.2341], [-74.4727, 1.1758], [-74.3834, 1.099], [-74.3417, 1.0196], [-74.2499, 0.9577], [-74.1753, 0.8821], [-74.0761, 0.8399], [-74.07, 0.7569], [-74.0235, 0.7234], [-73.9623, 0.6156], [-73.8986, 0.6329], [-73.8692, 0.5747], [-73.808, 0.5647], [-73.7284, 0.6218], [-73.6734, 0.5362]]]}}, {"type": "Feature", "id": "18753", "properties": {"daneCode": "18753", "name": "Í", "dptoCode": "18", "dptoName": "Í"}, "geometry": {"type": "Polygon", "coordinates": [[[-74.6, 2.6359], [-74.6808, 2.5541], [-74.6723, 2.4487], [-74.742, 2.3236], [-74.7433, 2.2703], [-74.6502, 2.243], [-74.5939, 2.1352], [-74.6441, 2.0955], [-74.5609, 1.9629], [-74.5633, 1.8476], [-74.4703, 1.8067], [-74.3222, 1.7881], [-74.2071, 1.7162], [-74.1055, 1.6914], [-73.9941, 1.6394], [-73.9108, 1.6369], [-73.8582, 1.6084], [-73.7395, 1.6381], [-73.6599, 1.6121], [-73.6587, 1.5762], [-73.4763, 1.3617], [-73.4138, 1.2452], [-73.393, 1.1473], [-73.322, 1.0804], [-73.2388, 1.032], [-73.2914, 1.0122], [-73.3783, 1.0667], [-73.4653, 1.0444], [-73.5142, 0.9837], [-73.5363, 0.8622], [-73.5693, 0.7817], [-73.5767, 0.6961], [-73.6428, 0.6205], [-73.6734, 0.5362], [-73.7284, 0.6218], [-73.808, 0.5647], [-73.8692, 0.5747], [-73.8986, 0.6329], [-73.9623, 0.6156], [-74.0235, 0.7234], [-74.07, 0.7569], [-74.0761, 0.8399], [-74.1753, 0.8821], [-74.2499, 0.9577], [-74.3417, 1.0196], [-74.3834, 1.099], [-74.4727, 1.1758], [-74.5731, 1.2341], [-74.7873, 1.5675], [-74.8106, 1.6034], [-74.7996, 1.7063], [-74.8449, 1.7509], [-74.8583, 1.865], [-74.9012, 1.953], [-74.9465, 2.098], [-75.026, 2.15], [-75.0077, 2.2132], [-74.9893, 2.4289], [-75.015, 2.4896], [-74.9808, 2.5653], [-75.0542, 2.6285], [-75.1338, 2.5987], [-75.1521, 2.709], [-75.1448, 2.7239], [-75.0701, 2.745], [-74.944, 2.8962], [-74.9049, 2.9582], [-74.8987, 2.9644], [-74.8791, 2.9135], [-74.8033, 2.9359], [-74.7616, 2.8726], [-74.671, 2.8875], [-74.6637, 2.8032], [-74.6196, 2.7524], [-74.6368, 2.7103], [-74.6, 2.6359]]]}}, {"type": "Feature", "id": "18756", "properties": {"daneCode": "18756", "name": "Í", "dptoCode": "18", "dptoName": "Í"}, "geometry": {"type": "Polygon", "coordinates": [[[-72.033, 0.6639], [-71.9816, 0.6292], [-71.9902, 0.566], [-71.9289, 0.5437], [-71.9216, 0.4594], [-71.8567, 0.4557], [-71.8322, 0.3392], [-71.7698, 0.328], [-71.6976, 0.2375], [-71.6266, 0.2165], [-71.5837, 0.1632], [-71.4491, 0.1396], [-71.3744, 0.1743], [-71.3352, 0.1545], [-71.2973, 0.0752], [-71.2544, 0.059], [-71.2716, 0.0355], [-71.4368, 0.007], [-71.4748, -0.0116], [-71.5495, 0.0219], [-71.7049, -0.0674], [-71.7368, -0.1641], [-71.711, -0.2322], [-71.7894, -0.2707], [-71.9963, -0.2769], [-72.0624, -0.3252], [-72.1432, -0.3475], [-72.1836, -0.4615], [-72.2301, -0.4925], [-72.2423, -0.6053], [-72.317, -0.6524], [-72.4333, -0.5669], [-72.5386, -0.6772], [-72.5924, -0.6933], [-72.7455, -0.5607], [-72.8777, -0.6177], [-72.9376, -0.6053], [-72.9964, -0.5334], [-73.1127, -0.6041], [-73.2094, -0.6239], [-73.3355, -0.5062], [-73.4885, -0.5285], [-73.5705, -0.5161], [-73.5803, -0.4553], [-73.677, -0.4219], [-73.8411, -0.3983], [-73.8802, -0.3711], [-73.999, -0.3438], [-74.1092, -0.2359], [-74.1569, -0.2607], [-74.2903, -0.1975], [-74.3515, -0.107], [-74.4115, -0.1182], [-74.4397, -0.0748], [-74.5413, -0.1207], [-74.7041, 0.0367], [-74.6625, 0.0541], [-74.6784, 0.1607], [-74.7371, 0.209], [-74.8449, 0.214], [-74.8926, 0.2487], [-74.9648, 0.245], [-75.015, 0.3863], [-74.9832, 0.4123], [-75.0334, 0.4842], [-75.1962, 0.4792], [-75.2354, 0.566], [-75.2072, 0.6019], [-75.2709, 0.6614], [-75.266, 0.7259], [-75.3382, 0.768], [-75.4227, 0.7383], [-75.4839, 0.7829], [-75.4692, 0.8424], [-75.3235, 0.9242], [-75.2256, 0.9601], [-75.195, 1.0419], [-74.9, 0.9763], [-74.813, 0.8486], [-74.851, 0.7903], [-74.8155, 0.6664], [-74.7176, 0.6242], [-74.6417, 0.5263], [-74.556, 0.3305], [-74.5119, 0.1694], [-73.8619, 0.1694], [-73.7615, 0.0789], [-73.7089, 0.1061], [-73.644, 0.0727], [-73.5485, 0.0727], [-73.4799, 0.1148], [-73.42, 0.0677], [-73.3281, 0.038], [-73.1849, 0.0603], [-73.1458, 0.1309], [-73.2351, 0.1607], [-73.3881, 0.2685], [-73.4249, 0.2561], [-73.4848, 0.3243], [-73.5815, 0.4829], [-73.6734, 0.5362], [-73.6428, 0.6205], [-73.5767, 0.6961], [-73.5693, 0.7817], [-73.5363, 0.8622], [-73.5142, 0.9837], [-73.4653, 1.0444], [-73.3783, 1.0667], [-73.2914, 1.0122], [-73.2388, 1.032], [-73.2168, 0.9973], [-73.0784, 0.8944], [-73.0454, 0.9056], [-72.8569, 1.0432], [-72.8703, 1.1461], [-72.7259, 1.1857], [-72.6512, 1.1721], [-72.508, 1.068], [-72.4676, 1.0841], [-72.399, 1.0023], [-72.2693, 0.7631], [-72.1909, 0.7271], [-72.0807, 0.7048], [-72.033, 0.6639]]]}}, {"type": "Feature", "id": "18785", "properties": {"daneCode": "18785", "name": "Í", "dptoCode": "18", "dptoName": "Í"}, "geometry": {"type": "Polygon", "coordinates": [[[-75.4692, 0.8424], [-75.4839, 0.7829], [-75.5377, 0.8263], [-75.6051, 0.8374], [-75.6369, 0.8771], [-75.7581, 0.8374], [-75.8095, 0.8957], [-75.8205, 0.9341], [-75.6393, 1.0134], [-75.5169, 0.9614], [-75.4692, 0.8424]]]}}, {"type": "Feature", "id": "18205", "properties": {"daneCode": "18205", "name": "Í", "dptoCode": "18", "dptoName": "Í"}, "geometry": {"type": "Polygon", "coordinates": [[[-75.8144, 1.1114], [-75.8585, 1.0977], [-75.8756, 1.0271], [-75.8205, 0.9341], [-75.8095, 0.8957], [-75.856, 0.8845], [-75.976, 1.0618], [-76.0849, 1.0581], [-76.1327, 1.1014], [-76.0984, 1.1485], [-75.9552, 1.182], [-75.9221, 1.1076], [-75.8144, 1.1114]]]}}, {"type": "Feature", "id": "18592", "properties": {"daneCode": "18592", "name": "Í", "dptoCode": "18", "dptoName": "Í"}, "geometry": {"type": "Polygon", "coordinates": [[[-74.7873, 1.5675], [-74.7984, 1.4187], [-74.8241, 1.3927], [-74.9293, 1.4249], [-74.933, 1.5043], [-75.0224, 1.6468], [-75.0542, 1.7323], [-75.1778, 1.71], [-75.2611, 1.7943], [-75.3149, 1.8017], [-75.2978, 2.0546], [-75.2574, 2.1376], [-75.2868, 2.2715], [-75.3492, 2.3236], [-75.195, 2.512], [-75.1338, 2.5987], [-75.0542, 2.6285], [-74.9808, 2.5653], [-75.015, 2.4896], [-74.9893, 2.4289], [-75.0077, 2.2132], [-75.026, 2.15], [-74.9465, 2.098], [-74.9012, 1.953], [-74.8583, 1.865], [-74.8449, 1.7509], [-74.7996, 1.7063], [-74.8106, 1.6034], [-74.7873, 1.5675]]]}}, {"type": "Feature", "id": "19001", "properties": {"daneCode": "19001", "name": "Í", "dptoCode": "19", "dptoName": "Í"}, "geometry": {"type": "Polygon", "coordinates": [[[-76.5881, 2.5529], [-76.3849, 2.424], [-76.5073, 2.4153], [-76.5318, 2.3124], [-76.5575, 2.3979], [-76.6187, 2.4153], [-76.7239, 2.4772], [-76.768, 2.5677], [-76.5881, 2.5529]]]}}, {"type": "Feature", "id": "19022", "properties": {"daneCode": "19022", "name": "Í", "dptoCode": "19", "dptoName": "Í"}, "geometry": {"type": "Polygon", "coordinates": [[[-76.7239, 1.9802], [-76.7484, 1.8947], [-76.7937, 1.8439], [-76.8684, 1.8464], [-76.9357, 1.922], [-76.8659, 1.9827], [-76.8366, 1.9852], [-76.7913, 1.9505], [-76.7239, 1.9802]]]}}, {"type": "Feature", "id": "19050", "properties": {"daneCode": "19050", "name": "Í", "dptoCode": "19", "dptoName": "Í"}, "geometry": {"type": "Polygon", "coordinates": [[[-77.3091, 2.5082], [-77.1365, 2.4351], [-77.134, 2.3161], [-77.1659, 2.2963], [-77.1781, 2.2021], [-77.2124, 2.1575], [-77.3054, 2.1451], [-77.3226, 2.2219], [-77.3752, 2.2641], [-77.4033, 2.383], [-77.3213, 2.4487], [-77.3091, 2.5082]]]}}, {"type": "Feature", "id": "19075", "properties": {"daneCode": "19075", "name": "Í", "dptoCode": "19", "dptoName": "Í"}, "geometry": {"type": "Polygon", "coordinates": [[[-77.2014, 1.9542], [-77.2026, 1.9517], [-77.3323, 2.0496], [-77.3091, 2.1252], [-77.3054, 2.1451], [-77.2124, 2.1575], [-77.1781, 2.2021], [-77.0875, 2.1166], [-77.1193, 2.0298], [-77.161, 2.0273], [-77.2014, 1.9542]]]}}, {"type": "Feature", "id": "19100", "properties": {"daneCode": "19100", "name": "Í", "dptoCode": "19", "dptoName": "Í"}, "geometry": {"type": "Polygon", "coordinates": [[[-76.8659, 1.9827], [-76.9357, 1.922], [-76.8684, 1.8464], [-76.8084, 1.7026], [-76.8525, 1.6356], [-76.9002, 1.6617], [-76.9357, 1.7286], [-77.0263, 1.7137], [-77.052, 1.7398], [-77.019, 1.8166], [-77.0789, 1.824], [-77.0887, 1.9034], [-77.1304, 1.9381], [-77.0349, 2.0025], [-76.9516, 2.0967], [-76.9835, 2.0434], [-76.8659, 1.9827]]]}}, {"type": "Feature", "id": "19110", "properties": {"daneCode": "19110", "name": "Í", "dptoCode": "19", "dptoName": "Í"}, "geometry": {"type": "Polygon", "coordinates": [[[-76.5575, 3.1019], [-76.6113, 2.8751], [-76.6309, 2.8726], [-76.6444, 2.8888], [-76.6872, 2.9817], [-76.8047, 3.0511], [-76.8121, 3.1255], [-76.7888, 3.2185], [-76.7827, 3.2308], [-76.7497, 3.1466], [-76.6774, 3.0995], [-76.5575, 3.1019]]]}}, {"type": "Feature", "id": "19130", "properties": {"daneCode": "19130", "name": "Í", "dptoCode": "19", "dptoName": "Í"}, "geometry": {"type": "Polygon", "coordinates": [[[-76.6689, 2.7189], [-76.6162, 2.6632], [-76.5011, 2.6148], [-76.4975, 2.6062], [-76.5881, 2.5529], [-76.768, 2.5677], [-76.8733, 2.678], [-76.8513, 2.7611], [-76.6689, 2.7189]]]}}, {"type": "Feature", "id": "19137", "properties": {"daneCode": "19137", "name": "Í", "dptoCode": "19", "dptoName": "Í"}, "geometry": {"type": "Polygon", "coordinates": [[[-76.3653, 2.7673], [-76.413, 2.7214], [-76.5048, 2.7066], [-76.5721, 2.8268], [-76.6113, 2.8553], [-76.6309, 2.8726], [-76.6113, 2.8751], [-76.5526, 2.8863], [-76.4779, 2.8441], [-76.3628, 2.9185], [-76.3653, 2.7673]]]}}, {"type": "Feature", "id": "19142", "properties": {"daneCode": "19142", "name": "Í", "dptoCode": "19", "dptoName": "Í"}, "geometry": {"type": "Polygon", "coordinates": [[[-76.4301, 3.2135], [-76.4204, 3.2073], [-76.435, 3.1627], [-76.4044, 3.0759], [-76.3567, 3.071], [-76.3555, 3.1726], [-76.3322, 3.1317], [-76.2759, 3.0697], [-76.3139, 2.9916], [-76.3665, 2.9197], [-76.4375, 3.0189], [-76.4314, 3.1044], [-76.4571, 3.154], [-76.4301, 3.2135]]]}}, {"type": "Feature", "id": "19212", "properties": {"daneCode": "19212", "name": "Í", "dptoCode": "19", "dptoName": "Í"}, "geometry": {"type": "Polygon", "coordinates": [[[-76.0837, 3.1577], [-76.1033, 3.0957], [-76.2147, 3.0598], [-76.2759, 3.0697], [-76.3322, 3.1317], [-76.2869, 3.2284], [-76.1253, 3.1565], [-76.0837, 3.1577]]]}}, {"type": "Feature", "id": "19290", "properties": {"daneCode": "19290", "name": "Í", "dptoCode": "19", "dptoName": "Í"}, "geometry": {"type": "Polygon", "coordinates": [[[-77.052, 1.7398], [-77.0263, 1.7137], [-77.0704, 1.6741], [-77.1438, 1.6778], [-77.052, 1.7398]]]}}, {"type": "Feature", "id": "19300", "properties": {"daneCode": "19300", "name": "Í", "dptoCode": "19", "dptoName": "Í"}, "geometry": {"type": "Polygon", "coordinates": [[[-76.3775, 3.2048], [-76.3555, 3.1726], [-76.3567, 3.071], [-76.4044, 3.0759], [-76.435, 3.1627], [-76.4204, 3.2073], [-76.3775, 3.2048]]]}}, {"type": "Feature", "id": "19355", "properties": {"daneCode": "19355", "name": "Í", "dptoCode": "19", "dptoName": "Í"}, "geometry": {"type": "Polygon", "coordinates": [[[-75.9625, 2.4983], [-76.1266, 2.3806], [-76.2196, 2.3186], [-76.3236, 2.393], [-76.2881, 2.4649], [-76.2269, 2.481], [-76.2257, 2.5479], [-76.211, 2.6322], [-76.0384, 2.6694], [-76.025, 2.5876], [-75.9576, 2.5405], [-75.9625, 2.4983]]]}}, {"type": "Feature", "id": "19364", "properties": {"daneCode": "19364", "name": "Í", "dptoCode": "19", "dptoName": "Í"}, "geometry": {"type": "Polygon", "coordinates": [[[-76.3139, 2.9916], [-76.3053, 2.8739], [-76.2245, 2.854], [-76.2441, 2.7822], [-76.3653, 2.7673], [-76.3628, 2.9185], [-76.3665, 2.9197], [-76.3139, 2.9916]]]}}, {"type": "Feature", "id": "19392", "properties": {"daneCode": "19392", "name": "Í", "dptoCode": "19", "dptoName": "Í"}, "geometry": {"type": "Polygon", "coordinates": [[[-76.8402, 2.2269], [-76.7276, 2.2294], [-76.6493, 2.1885], [-76.7093, 2.1426], [-76.888, 2.1624], [-76.8929, 2.1661], [-76.9321, 2.2579], [-76.8402, 2.2269]]]}}, {"type": "Feature", "id": "19397", "properties": {"daneCode": "19397", "name": "Í", "dptoCode": "19", "dptoName": "Í"}, "geometry": {"type": "Polygon", "coordinates": [[[-76.7093, 2.1426], [-76.6652, 2.0447], [-76.5807, 2.0286], [-76.6236, 1.9753], [-76.7239, 1.9802], [-76.7913, 1.9505], [-76.8366, 1.9852], [-76.8782, 2.0434], [-76.888, 2.1624], [-76.7093, 2.1426]]]}}, {"type": "Feature", "id": "19450", "properties": {"daneCode": "19450", "name": "Í", "dptoCode": "19", "dptoName": "Í"}, "geometry": {"type": "Polygon", "coordinates": [[[-77.1304, 1.9381], [-77.0887, 1.9034], [-77.0789, 1.824], [-77.019, 1.8166], [-77.052, 1.7398], [-77.1438, 1.6778], [-77.2381, 1.658], [-77.2699, 1.6629], [-77.3299, 1.6815], [-77.2944, 1.7658], [-77.2944, 1.8315], [-77.2026, 1.9517], [-77.2014, 1.9542], [-77.1304, 1.9381]]]}}, {"type": "Feature", "id": "19455", "properties": {"daneCode": "19455", "name": "Í", "dptoCode": "19", "dptoName": "Í"}, "geometry": {"type": "Polygon", "coordinates": [[[-76.0556, 3.2234], [-76.0911, 3.1986], [-76.0837, 3.1577], [-76.1253, 3.1565], [-76.2869, 3.2284], [-76.3689, 3.2395], [-76.3518, 3.2866], [-76.3432, 3.2817], [-76.2294, 3.2767], [-76.1914, 3.2271], [-76.0556, 3.2234]]]}}, {"type": "Feature", "id": "19473", "properties": {"daneCode": "19473", "name": "Í", "dptoCode": "19", "dptoName": "Í"}, "geometry": {"type": "Polygon", "coordinates": [[[-76.6444, 2.8888], [-76.6309, 2.8726], [-76.6113, 2.8553], [-76.5758, 2.7326], [-76.6689, 2.7189], [-76.8513, 2.7611], [-76.9161, 2.8156], [-76.8586, 2.9768], [-76.7998, 2.9544], [-76.828, 2.8528], [-76.719, 2.8057], [-76.6444, 2.8888]]]}}, {"type": "Feature", "id": "19513", "properties": {"daneCode": "19513", "name": "Í", "dptoCode": "19", "dptoName": "Í"}, "geometry": {"type": "Polygon", "coordinates": [[[-76.2869, 3.2284], [-76.3322, 3.1317], [-76.3555, 3.1726], [-76.3775, 3.2048], [-76.3689, 3.2395], [-76.2869, 3.2284]]]}}, {"type": "Feature", "id": "19517", "properties": {"daneCode": "19517", "name": "Í", "dptoCode": "19", "dptoName": "Í"}, "geometry": {"type": "Polygon", "coordinates": [[[-76.0286, 2.9408], [-75.8964, 2.8553], [-75.823, 2.8355], [-75.8107, 2.7871], [-75.7483, 2.7189], [-75.7605, 2.6805], [-75.8401, 2.5578], [-75.8144, 2.4834], [-75.8413, 2.4587], [-75.9099, 2.4463], [-75.9625, 2.4983], [-75.9576, 2.5405], [-76.025, 2.5876], [-76.0384, 2.6694], [-76.211, 2.6322], [-76.2502, 2.652], [-76.2159, 2.7747], [-76.2441, 2.7822], [-76.2245, 2.854], [-76.1168, 2.9247], [-76.0678, 3.0462], [-76.0213, 3.0053], [-76.0286, 2.9408]]]}}, {"type": "Feature", "id": "19532", "properties": {"daneCode": "19532", "name": "Í", "dptoCode": "19", "dptoName": "Í"}, "geometry": {"type": "Polygon", "coordinates": [[[-76.9321, 2.2579], [-76.8929, 2.1661], [-76.9516, 2.0967], [-77.0349, 2.0025], [-77.1304, 1.9381], [-77.2014, 1.9542], [-77.161, 2.0273], [-77.1193, 2.0298], [-77.0875, 2.1166], [-77.1781, 2.2021], [-77.1659, 2.2963], [-77.134, 2.3161], [-77.0288, 2.3161], [-76.9933, 2.2058], [-76.9321, 2.2579]]]}}, {"type": "Feature", "id": "19533", "properties": {"daneCode": "19533", "name": "Í", "dptoCode": "19", "dptoName": "Í"}, "geometry": {"type": "Polygon", "coordinates": [[[-76.1327, 1.1014], [-76.0849, 1.0581], [-76.1657, 1.0295], [-76.2135, 0.9787], [-76.4008, 0.98], [-76.4852, 1.0085], [-76.5673, 1.0816], [-76.4693, 1.0965], [-76.424, 1.1845], [-76.2477, 1.3853], [-76.2588, 1.4411], [-76.2159, 1.4956], [-76.1988, 1.5749], [-76.1694, 1.5885], [-76.1498, 1.5365], [-76.1841, 1.4882], [-76.2037, 1.3531], [-76.3028, 1.2365], [-76.2808, 1.1374], [-76.1327, 1.1014]]]}}, {"type": "Feature", "id": "19548", "properties": {"daneCode": "19548", "name": "Í", "dptoCode": "19", "dptoName": "Í"}, "geometry": {"type": "Polygon", "coordinates": [[[-76.5048, 2.7066], [-76.5011, 2.6148], [-76.6162, 2.6632], [-76.6689, 2.7189], [-76.5758, 2.7326], [-76.6113, 2.8553], [-76.5721, 2.8268], [-76.5048, 2.7066]]]}}, {"type": "Feature", "id": "19573", "properties": {"daneCode": "19573", "name": "Í", "dptoCode": "19", "dptoName": "Í"}, "geometry": {"type": "Polygon", "coordinates": [[[-76.4608, 3.2594], [-76.4926, 3.2891], [-76.4608, 3.3288], [-76.3518, 3.2866], [-76.3689, 3.2395], [-76.3775, 3.2048], [-76.4204, 3.2073], [-76.4301, 3.2135], [-76.4608, 3.2594]]]}}, {"type": "Feature", "id": "19585", "properties": {"daneCode": "19585", "name": "Í", "dptoCode": "19", "dptoName": "Í"}, "geometry": {"type": "Polygon", "coordinates": [[[-76.3236, 2.393], [-76.2196, 2.3186], [-76.1266, 2.3806], [-76.1461, 2.2938], [-76.1217, 2.2244], [-76.2086, 2.1984], [-76.2747, 2.2703], [-76.3604, 2.2703], [-76.4191, 2.1922], [-76.4253, 2.129], [-76.5538, 2.1389], [-76.5318, 2.3124], [-76.5073, 2.4153], [-76.3849, 2.424], [-76.3236, 2.393]]]}}, {"type": "Feature", "id": "19622", "properties": {"daneCode": "19622", "name": "Í", "dptoCode": "19", "dptoName": "Í"}, "geometry": {"type": "Polygon", "coordinates": [[[-76.7594, 2.3062], [-76.7154, 2.2864], [-76.6542, 2.2343], [-76.6493, 2.1885], [-76.7276, 2.2294], [-76.8402, 2.2269], [-76.8255, 2.2975], [-76.7594, 2.3062]]]}}, {"type": "Feature", "id": "19693", "properties": {"daneCode": "19693", "name": "Í", "dptoCode": "19", "dptoName": "Í"}, "geometry": {"type": "Polygon", "coordinates": [[[-76.6236, 1.9753], [-76.5905, 1.8687], [-76.6529, 1.7993], [-76.719, 1.8055], [-76.8084, 1.7026], [-76.8684, 1.8464], [-76.7937, 1.8439], [-76.7484, 1.8947], [-76.7239, 1.9802], [-76.6236, 1.9753]]]}}, {"type": "Feature", "id": "19698", "properties": {"daneCode": "19698", "name": "Í", "dptoCode": "19", "dptoName": "Í"}, "geometry": {"type": "Polygon", "coordinates": [[[-76.5036, 3.1441], [-76.4314, 3.1044], [-76.4375, 3.0189], [-76.3665, 2.9197], [-76.3628, 2.9185], [-76.4779, 2.8441], [-76.5526, 2.8863], [-76.6113, 2.8751], [-76.5575, 3.1019], [-76.5036, 3.1441]]]}}, {"type": "Feature", "id": "19701", "properties": {"daneCode": "19701", "name": "Í", "dptoCode": "19", "dptoName": "Í"}, "geometry": {"type": "Polygon", "coordinates": [[[-76.3163, 1.684], [-76.2269, 1.6642], [-76.1988, 1.5749], [-76.2159, 1.4956], [-76.2588, 1.4411], [-76.2477, 1.3853], [-76.424, 1.1845], [-76.4693, 1.0965], [-76.5673, 1.0816], [-76.5403, 1.2043], [-76.5856, 1.3047], [-76.6015, 1.4138], [-76.697, 1.4435], [-76.8855, 1.3729], [-76.921, 1.3456], [-76.9284, 1.5005], [-76.8586, 1.5229], [-76.8525, 1.6356], [-76.8084, 1.7026], [-76.719, 1.8055], [-76.6529, 1.7993], [-76.5905, 1.8687], [-76.4338, 1.7906], [-76.3163, 1.684]]]}}, {"type": "Feature", "id": "19743", "properties": {"daneCode": "19743", "name": "Í", "dptoCode": "19", "dptoName": "Í"}, "geometry": {"type": "Polygon", "coordinates": [[[-76.211, 2.6322], [-76.2257, 2.5479], [-76.3445, 2.5169], [-76.4326, 2.5479], [-76.4975, 2.6062], [-76.5011, 2.6148], [-76.5048, 2.7066], [-76.413, 2.7214], [-76.3653, 2.7673], [-76.2441, 2.7822], [-76.2159, 2.7747], [-76.2502, 2.652], [-76.211, 2.6322]]]}}, {"type": "Feature", "id": "19760", "properties": {"daneCode": "19760", "name": "Í", "dptoCode": "19", "dptoName": "Í"}, "geometry": {"type": "Polygon", "coordinates": [[[-76.6187, 2.4153], [-76.5575, 2.3979], [-76.5318, 2.3124], [-76.5538, 2.1389], [-76.5893, 2.1079], [-76.5807, 2.0286], [-76.6652, 2.0447], [-76.7093, 2.1426], [-76.6493, 2.1885], [-76.6542, 2.2343], [-76.7154, 2.2864], [-76.6493, 2.3099], [-76.6603, 2.3645], [-76.6187, 2.4153]]]}}, {"type": "Feature", "id": "19780", "properties": {"daneCode": "19780", "name": "Í", "dptoCode": "19", "dptoName": "Í"}, "geometry": {"type": "Polygon", "coordinates": [[[-76.6444, 2.8888], [-76.719, 2.8057], [-76.828, 2.8528], [-76.7998, 2.9544], [-76.8586, 2.9768], [-76.8047, 3.0511], [-76.6872, 2.9817], [-76.6444, 2.8888]]]}}, {"type": "Feature", "id": "19785", "properties": {"daneCode": "19785", "name": "Í", "dptoCode": "19", "dptoName": "Í"}, "geometry": {"type": "Polygon", "coordinates": [[[-76.888, 2.1624], [-76.8782, 2.0434], [-76.8366, 1.9852], [-76.8659, 1.9827], [-76.9835, 2.0434], [-76.9516, 2.0967], [-76.8929, 2.1661], [-76.888, 2.1624]]]}}, {"type": "Feature", "id": "19807", "properties": {"daneCode": "19807", "name": "Í", "dptoCode": "19", "dptoName": "Í"}, "geometry": {"type": "Polygon", "coordinates": [[[-76.6187, 2.4153], [-76.6603, 2.3645], [-76.6493, 2.3099], [-76.7154, 2.2864], [-76.7594, 2.3062], [-76.7239, 2.4772], [-76.6187, 2.4153]]]}}, {"type": "Feature", "id": "19821", "properties": {"daneCode": "19821", "name": "Í", "dptoCode": "19", "dptoName": "Í"}, "geometry": {"type": "Polygon", "coordinates": [[[-76.0678, 3.0462], [-76.1168, 2.9247], [-76.2245, 2.854], [-76.3053, 2.8739], [-76.3139, 2.9916], [-76.2759, 3.0697], [-76.2147, 3.0598], [-76.1033, 3.0957], [-76.0678, 3.0462]]]}}, {"type": "Feature", "id": "19824", "properties": {"daneCode": "19824", "name": "Í", "dptoCode": "19", "dptoName": "Í"}, "geometry": {"type": "Polygon", "coordinates": [[[-76.4975, 2.6062], [-76.4326, 2.5479], [-76.3445, 2.5169], [-76.2257, 2.5479], [-76.2269, 2.481], [-76.2881, 2.4649], [-76.3236, 2.393], [-76.3849, 2.424], [-76.5881, 2.5529], [-76.4975, 2.6062]]]}}, {"type": "Feature", "id": "19256", "properties": {"daneCode": "19256", "name": "Í", "dptoCode": "19", "dptoName": "Í"}, "geometry": {"type": "Polygon", "coordinates": [[[-76.9161, 2.8156], [-76.8513, 2.7611], [-76.8733, 2.678], [-76.768, 2.5677], [-76.7239, 2.4772], [-76.7594, 2.3062], [-76.8255, 2.2975], [-76.8402, 2.2269], [-76.9321, 2.2579], [-76.9933, 2.2058], [-77.0288, 2.3161], [-77.134, 2.3161], [-77.1365, 2.4351], [-77.3091, 2.5082], [-77.3103, 2.5578], [-77.2063, 2.6458], [-77.2516, 2.7028], [-77.2185, 2.7698], [-77.0079, 2.8193], [-76.9602, 2.7735], [-76.9161, 2.8156]]]}}, {"type": "Feature", "id": "19318", "properties": {"daneCode": "19318", "name": "Í", "dptoCode": "19", "dptoName": "Í"}, "geometry": {"type": "Polygon", "coordinates": [[[-77.4033, 2.383], [-77.3752, 2.2641], [-77.4597, 2.2864], [-77.4878, 2.1947], [-77.5539, 2.2021], [-77.5992, 2.1674], [-77.7339, 2.1339], [-77.8355, 2.1761], [-77.8477, 2.2603], [-77.9175, 2.4116], [-77.9285, 2.6409], [-77.9077, 2.6805], [-77.7877, 2.6904], [-77.7229, 2.688], [-77.5906, 2.6099], [-77.5784, 2.5529], [-77.4474, 2.4624], [-77.4033, 2.383]]]}}, {"type": "Feature", "id": "19418", "properties": {"daneCode": "19418", "name": "Í", "dptoCode": "19", "dptoName": "Í"}, "geometry": {"type": "Polygon", "coordinates": [[[-76.7888, 3.2185], [-76.8121, 3.1255], [-76.8047, 3.0511], [-76.8586, 2.9768], [-76.9161, 2.8156], [-76.9602, 2.7735], [-77.0079, 2.8193], [-77.2185, 2.7698], [-77.2516, 2.7028], [-77.3128, 2.7165], [-77.3103, 2.8268], [-77.4033, 2.8888], [-77.5723, 2.9247], [-77.6335, 2.9061], [-77.6702, 2.9482], [-77.691, 3.0003], [-77.5625, 3.1627], [-77.4976, 3.216], [-77.4303, 3.2544], [-77.347, 3.1404], [-77.3164, 3.1738], [-77.2344, 3.1081], [-77.1781, 3.1565], [-77.101, 3.185], [-76.9982, 3.1552], [-76.9382, 3.1143], [-76.9088, 3.2011], [-76.7888, 3.2185]]]}}, {"type": "Feature", "id": "19809", "properties": {"daneCode": "19809", "name": "Í", "dptoCode": "19", "dptoName": "Í"}, "geometry": {"type": "Polygon", "coordinates": [[[-77.2516, 2.7028], [-77.2063, 2.6458], [-77.3103, 2.5578], [-77.3091, 2.5082], [-77.3213, 2.4487], [-77.4033, 2.383], [-77.4474, 2.4624], [-77.5784, 2.5529], [-77.5906, 2.6099], [-77.7229, 2.688], [-77.7877, 2.6904], [-77.7975, 2.7475], [-77.7363, 2.7871], [-77.6702, 2.9482], [-77.6335, 2.9061], [-77.5723, 2.9247], [-77.4033, 2.8888], [-77.3103, 2.8268], [-77.3128, 2.7165], [-77.2516, 2.7028]]]}}, {"type": "Feature", "id": "19845", "properties": {"daneCode": "19845", "name": "Í", "dptoCode": "19", "dptoName": "Í"}, "geometry": {"type": "Polygon", "coordinates": [[[-76.4301, 3.2135], [-76.4571, 3.154], [-76.4314, 3.1044], [-76.5036, 3.1441], [-76.4608, 3.2594], [-76.4301, 3.2135]]]}}, {"type": "Feature", "id": "76001", "properties": {"daneCode": "76001", "name": "Í", "dptoCode": "76", "dptoName": "Í"}, "geometry": {"type": "Polygon", "coordinates": [[[-76.4914, 3.506], [-76.4754, 3.4515], [-76.4608, 3.3288], [-76.4926, 3.2891], [-76.5587, 3.2829], [-76.6077, 3.3139], [-76.6958, 3.3114], [-76.7019, 3.356], [-76.7068, 3.4279], [-76.6505, 3.4663], [-76.5954, 3.5482], [-76.5917, 3.5469], [-76.5477, 3.4998], [-76.4914, 3.506]]]}}, {"type": "Feature", "id": "76036", "properties": {"daneCode": "76036", "name": "Í", "dptoCode": "76", "dptoName": "Í"}, "geometry": {"type": "Polygon", "coordinates": [[[-76.0715, 4.0886], [-76.1719, 4.1195], [-76.2453, 4.1679], [-76.249, 4.184], [-76.2355, 4.2137], [-76.151, 4.1828], [-76.0715, 4.0886]]]}}, {"type": "Feature", "id": "76041", "properties": {"daneCode": "76041", "name": "Í", "dptoCode": "76", "dptoName": "Í"}, "geometry": {"type": "Polygon", "coordinates": [[[-75.9895, 4.8806], [-75.9148, 4.8731], [-75.9356, 4.8075], [-75.9637, 4.8013], [-76.0164, 4.6922], [-76.0886, 4.7356], [-76.1474, 4.7851], [-76.1388, 4.8409], [-76.1376, 4.8434], [-76.0715, 4.8372], [-75.9895, 4.8806]]]}}, {"type": "Feature", "id": "76054", "properties": {"daneCode": "76054", "name": "Í", "dptoCode": "76", "dptoName": "Í"}, "geometry": {"type": "Polygon", "coordinates": [[[-76.0886, 4.7356], [-76.1229, 4.6513], [-76.1939, 4.6823], [-76.1474, 4.7851], [-76.0886, 4.7356]]]}}, {"type": "Feature", "id": "76111", "properties": {"daneCode": "76111", "name": "Í", "dptoCode": "76", "dptoName": "Í"}, "geometry": {"type": "Polygon", "coordinates": [[[-76.3126, 3.9931], [-76.2269, 3.9324], [-76.1412, 3.9039], [-76.1009, 3.9572], [-76.0837, 3.9064], [-75.998, 3.894], [-75.8732, 3.9262], [-75.8499, 3.889], [-75.9172, 3.7489], [-75.9552, 3.7142], [-75.9992, 3.7564], [-76.0825, 3.77], [-76.1045, 3.8196], [-76.178, 3.8047], [-76.2771, 3.8382], [-76.3726, 3.8122], [-76.3126, 3.9931]]]}}, {"type": "Feature", "id": "76113", "properties": {"daneCode": "76113", "name": "Í", "dptoCode": "76", "dptoName": "Í"}, "geometry": {"type": "Polygon", "coordinates": [[[-76.0372, 4.2559], [-75.954, 4.1766], [-76.0017, 4.1022], [-76.0715, 4.0886], [-76.151, 4.1828], [-76.2355, 4.2137], [-76.2122, 4.2596], [-76.1719, 4.3179], [-76.0837, 4.2435], [-76.0372, 4.2559]]]}}, {"type": "Feature", "id": "76122", "properties": {"daneCode": "76122", "name": "Í", "dptoCode": "76", "dptoName": "Í"}, "geometry": {"type": "Polygon", "coordinates": [[[-75.8034, 4.3959], [-75.7924, 4.3377], [-75.7948, 4.3104], [-75.8254, 4.215], [-75.8927, 4.2993], [-75.8548, 4.3637], [-75.867, 4.4108], [-75.8034, 4.3959]]]}}, {"type": "Feature", "id": "76126", "properties": {"daneCode": "76126", "name": "Í", "dptoCode": "76", "dptoName": "Í"}, "geometry": {"type": "Polygon", "coordinates": [[[-76.4987, 4.0638], [-76.4155, 4.0092], [-76.424, 3.9423], [-76.4779, 3.8655], [-76.5611, 3.8481], [-76.593, 3.863], [-76.7142, 3.8419], [-76.8145, 3.8754], [-76.888, 3.9931], [-76.8598, 4.0303], [-76.6811, 3.9646], [-76.6248, 4.0154], [-76.5893, 3.9931], [-76.4987, 4.0638]]]}}, {"type": "Feature", "id": "76130", "properties": {"daneCode": "76130", "name": "Í", "dptoCode": "76", "dptoName": "Í"}, "geometry": {"type": "Polygon", "coordinates": [[[-76.2906, 3.4713], [-76.3298, 3.3833], [-76.3004, 3.3659], [-76.3432, 3.2817], [-76.3518, 3.2866], [-76.4608, 3.3288], [-76.4754, 3.4515], [-76.3751, 3.4502], [-76.2906, 3.4713]]]}}, {"type": "Feature", "id": "76147", "properties": {"daneCode": "76147", "name": "Í", "dptoCode": "76", "dptoName": "Í"}, "geometry": {"type": "Polygon", "coordinates": [[[-75.9356, 4.8075], [-75.856, 4.7281], [-75.856, 4.7133], [-75.8279, 4.66], [-75.8658, 4.6129], [-75.9723, 4.6674], [-76.0164, 4.6662], [-76.0164, 4.6922], [-75.9637, 4.8013], [-75.9356, 4.8075]]]}}, {"type": "Feature", "id": "76243", "properties": {"daneCode": "76243", "name": "Í", "dptoCode": "76", "dptoName": "Í"}, "geometry": {"type": "Polygon", "coordinates": [[[-75.9907, 4.9128], [-75.9895, 4.8806], [-76.0715, 4.8372], [-76.1376, 4.8434], [-76.0886, 4.9463], [-76.0776, 5.0467], [-76.0274, 4.9388], [-75.9907, 4.9128]]]}}, {"type": "Feature", "id": "76246", "properties": {"daneCode": "76246", "name": "Í", "dptoCode": "76", "dptoName": "Í"}, "geometry": {"type": "Polygon", "coordinates": [[[-76.1474, 4.7851], [-76.1939, 4.6823], [-76.2979, 4.6984], [-76.3126, 4.7504], [-76.211, 4.8298], [-76.1388, 4.8409], [-76.1474, 4.7851]]]}}, {"type": "Feature", "id": "76248", "properties": {"daneCode": "76248", "name": "Í", "dptoCode": "76", "dptoName": "Í"}, "geometry": {"type": "Polygon", "coordinates": [[[-75.9552, 3.7142], [-75.9601, 3.7043], [-76.0066, 3.7167], [-76.0898, 3.6213], [-76.2416, 3.6213], [-76.293, 3.6027], [-76.3677, 3.6275], [-76.4265, 3.6944], [-76.4008, 3.7403], [-76.3971, 3.7626], [-76.3212, 3.7068], [-76.2012, 3.6622], [-76.1241, 3.6882], [-76.0825, 3.77], [-75.9992, 3.7564], [-75.9552, 3.7142]]]}}, {"type": "Feature", "id": "76250", "properties": {"daneCode": "76250", "name": "Í", "dptoCode": "76", "dptoName": "Í"}, "geometry": {"type": "Polygon", "coordinates": [[[-76.1853, 4.5459], [-76.1657, 4.5125], [-76.2686, 4.4815], [-76.3653, 4.4926], [-76.3004, 4.6538], [-76.2833, 4.5943], [-76.222, 4.6029], [-76.1853, 4.5459]]]}}, {"type": "Feature", "id": "76275", "properties": {"daneCode": "76275", "name": "Í", "dptoCode": "76", "dptoName": "Í"}, "geometry": {"type": "Polygon", "coordinates": [[[-76.0617, 3.3548], [-76.0384, 3.3015], [-76.0556, 3.2234], [-76.1914, 3.2271], [-76.2294, 3.2767], [-76.3432, 3.2817], [-76.3004, 3.3659], [-76.1816, 3.3573], [-76.0886, 3.3883], [-76.0617, 3.3548]]]}}, {"type": "Feature", "id": "76306", "properties": {"daneCode": "76306", "name": "Í", "dptoCode": "76", "dptoName": "Í"}, "geometry": {"type": "Polygon", "coordinates": [[[-76.0825, 3.77], [-76.1241, 3.6882], [-76.2012, 3.6622], [-76.3212, 3.7068], [-76.3028, 3.7601], [-76.2208, 3.7688], [-76.178, 3.8047], [-76.1045, 3.8196], [-76.0825, 3.77]]]}}, {"type": "Feature", "id": "76318", "properties": {"daneCode": "76318", "name": "Í", "dptoCode": "76", "dptoName": "Í"}, "geometry": {"type": "Polygon", "coordinates": [[[-76.178, 3.8047], [-76.2208, 3.7688], [-76.3028, 3.7601], [-76.3212, 3.7068], [-76.3971, 3.7626], [-76.3726, 3.8122], [-76.2771, 3.8382], [-76.178, 3.8047]]]}}, {"type": "Feature", "id": "76020", "properties": {"daneCode": "76020", "name": "Í", "dptoCode": "76", "dptoName": "Í"}, "geometry": {"type": "Polygon", "coordinates": [[[-75.7091, 4.6798], [-75.741, 4.655], [-75.8279, 4.66], [-75.856, 4.7133], [-75.7091, 4.6798]]]}}, {"type": "Feature", "id": "76497", "properties": {"daneCode": "76497", "name": "Í", "dptoCode": "76", "dptoName": "Í"}, "geometry": {"type": "Polygon", "coordinates": [[[-75.8658, 4.6129], [-75.867, 4.5757], [-75.8805, 4.5311], [-75.9637, 4.5311], [-76.0311, 4.5695], [-76.0384, 4.5831], [-76.0164, 4.6662], [-75.9723, 4.6674], [-75.8658, 4.6129]]]}}, {"type": "Feature", "id": "76520", "properties": {"daneCode": "76520", "name": "Í", "dptoCode": "76", "dptoName": "Í"}, "geometry": {"type": "Polygon", "coordinates": [[[-75.9601, 3.7043], [-75.9931, 3.6089], [-75.9846, 3.5593], [-76.0372, 3.4527], [-76.1217, 3.4763], [-76.2906, 3.4713], [-76.3751, 3.4502], [-76.4754, 3.4515], [-76.4914, 3.506], [-76.4265, 3.6808], [-76.4265, 3.6944], [-76.3677, 3.6275], [-76.293, 3.6027], [-76.2416, 3.6213], [-76.0898, 3.6213], [-76.0066, 3.7167], [-75.9601, 3.7043]]]}}, {"type": "Feature", "id": "76563", "properties": {"daneCode": "76563", "name": "Í", "dptoCode": "76", "dptoName": "Í"}, "geometry": {"type": "Polygon", "coordinates": [[[-76.0372, 3.4527], [-76.0617, 3.3548], [-76.0886, 3.3883], [-76.1816, 3.3573], [-76.3004, 3.3659], [-76.3298, 3.3833], [-76.2906, 3.4713], [-76.1217, 3.4763], [-76.0372, 3.4527]]]}}, {"type": "Feature", "id": "76606", "properties": {"daneCode": "76606", "name": "Í", "dptoCode": "76", "dptoName": "Í"}, "geometry": {"type": "Polygon", "coordinates": [[[-76.4779, 3.8655], [-76.4681, 3.8307], [-76.5366, 3.7489], [-76.6028, 3.7514], [-76.5611, 3.8481], [-76.4779, 3.8655]]]}}, {"type": "Feature", "id": "76616", "properties": {"daneCode": "76616", "name": "Í", "dptoCode": "76", "dptoName": "Í"}, "geometry": {"type": "Polygon", "coordinates": [[[-76.249, 4.184], [-76.2453, 4.1679], [-76.3028, 4.0675], [-76.4155, 4.0092], [-76.4987, 4.0638], [-76.4485, 4.1617], [-76.3481, 4.1592], [-76.3261, 4.1952], [-76.249, 4.184]]]}}, {"type": "Feature", "id": "76622", "properties": {"daneCode": "76622", "name": "Í", "dptoCode": "76", "dptoName": "Í"}, "geometry": {"type": "Polygon", "coordinates": [[[-76.1657, 4.5125], [-76.0654, 4.4926], [-76.069, 4.4554], [-76.1486, 4.3724], [-76.2563, 4.4021], [-76.2686, 4.4815], [-76.1657, 4.5125]]]}}, {"type": "Feature", "id": "76670", "properties": {"daneCode": "76670", "name": "Í", "dptoCode": "76", "dptoName": "Í"}, "geometry": {"type": "Polygon", "coordinates": [[[-76.1009, 3.9572], [-76.1412, 3.9039], [-76.2269, 3.9324], [-76.3126, 3.9931], [-76.3004, 4.0489], [-76.1621, 4.0229], [-76.1009, 3.9572]]]}}, {"type": "Feature", "id": "76736", "properties": {"daneCode": "76736", "name": "Í", "dptoCode": "76", "dptoName": "Í"}, "geometry": {"type": "Polygon", "coordinates": [[[-75.867, 4.4108], [-75.8548, 4.3637], [-75.8927, 4.2993], [-75.8254, 4.215], [-75.8401, 4.101], [-75.752, 4.0774], [-75.7458, 4.0427], [-75.823, 3.9051], [-75.8548, 4.0501], [-75.9013, 4.0848], [-75.9136, 4.1753], [-75.954, 4.1766], [-76.0372, 4.2559], [-76.0213, 4.3017], [-75.954, 4.3253], [-75.9515, 4.3724], [-75.8781, 4.4096], [-75.867, 4.4108]]]}}, {"type": "Feature", "id": "76823", "properties": {"daneCode": "76823", "name": "Í", "dptoCode": "76", "dptoName": "Í"}, "geometry": {"type": "Polygon", "coordinates": [[[-76.0164, 4.6922], [-76.0164, 4.6662], [-76.0384, 4.5831], [-76.151, 4.5757], [-76.1229, 4.6513], [-76.0886, 4.7356], [-76.0164, 4.6922]]]}}, {"type": "Feature", "id": "76828", "properties": {"daneCode": "76828", "name": "Í", "dptoCode": "76", "dptoName": "Í"}, "geometry": {"type": "Polygon", "coordinates": [[[-76.2122, 4.2596], [-76.2355, 4.2137], [-76.249, 4.184], [-76.3261, 4.1952], [-76.3481, 4.1592], [-76.4485, 4.1617], [-76.4546, 4.2299], [-76.4069, 4.2993], [-76.2967, 4.2943], [-76.2122, 4.2596]]]}}, {"type": "Feature", "id": "76834", "properties": {"daneCode": "76834", "name": "Í", "dptoCode": "76", "dptoName": "Í"}, "geometry": {"type": "Polygon", "coordinates": [[[-75.823, 3.9051], [-75.8499, 3.889], [-75.8732, 3.9262], [-75.998, 3.894], [-76.0837, 3.9064], [-76.1009, 3.9572], [-76.1621, 4.0229], [-76.3004, 4.0489], [-76.3028, 4.0675], [-76.2453, 4.1679], [-76.1719, 4.1195], [-76.0715, 4.0886], [-76.0017, 4.1022], [-75.954, 4.1766], [-75.9136, 4.1753], [-75.9013, 4.0848], [-75.8548, 4.0501], [-75.823, 3.9051]]]}}, {"type": "Feature", "id": "76845", "properties": {"daneCode": "76845", "name": "Í", "dptoCode": "76", "dptoName": "Í"}, "geometry": {"type": "Polygon", "coordinates": [[[-75.714, 4.7133], [-75.7091, 4.6798], [-75.856, 4.7133], [-75.856, 4.7281], [-75.714, 4.7133]]]}}, {"type": "Feature", "id": "76863", "properties": {"daneCode": "76863", "name": "Í", "dptoCode": "76", "dptoName": "Í"}, "geometry": {"type": "Polygon", "coordinates": [[[-76.1939, 4.6823], [-76.1229, 4.6513], [-76.151, 4.5757], [-76.1853, 4.5459], [-76.222, 4.6029], [-76.2833, 4.5943], [-76.3004, 4.6538], [-76.2979, 4.6984], [-76.1939, 4.6823]]]}}, {"type": "Feature", "id": "76869", "properties": {"daneCode": "76869", "name": "Í", "dptoCode": "76", "dptoName": "Í"}, "geometry": {"type": "Polygon", "coordinates": [[[-76.4008, 3.7403], [-76.4265, 3.6944], [-76.4265, 3.6808], [-76.506, 3.6994], [-76.5366, 3.7489], [-76.4681, 3.8307], [-76.4448, 3.7465], [-76.4008, 3.7403]]]}}, {"type": "Feature", "id": "76890", "properties": {"daneCode": "76890", "name": "Í", "dptoCode": "76", "dptoName": "Í"}, "geometry": {"type": "Polygon", "coordinates": [[[-76.3004, 4.0489], [-76.3126, 3.9931], [-76.3726, 3.8122], [-76.3971, 3.7626], [-76.4008, 3.7403], [-76.4448, 3.7465], [-76.4681, 3.8307], [-76.4779, 3.8655], [-76.424, 3.9423], [-76.4155, 4.0092], [-76.3028, 4.0675], [-76.3004, 4.0489]]]}}, {"type": "Feature", "id": "76892", "properties": {"daneCode": "76892", "name": "Í", "dptoCode": "76", "dptoName": "Í"}, "geometry": {"type": "Polygon", "coordinates": [[[-76.4265, 3.6808], [-76.4914, 3.506], [-76.5477, 3.4998], [-76.5917, 3.5469], [-76.506, 3.6994], [-76.4265, 3.6808]]]}}, {"type": "Feature", "id": "76895", "properties": {"daneCode": "76895", "name": "Í", "dptoCode": "76", "dptoName": "Í"}, "geometry": {"type": "Polygon", "coordinates": [[[-75.8952, 4.4257], [-75.8781, 4.4096], [-75.9515, 4.3724], [-75.954, 4.3253], [-76.0213, 4.3017], [-76.0372, 4.2559], [-76.0837, 4.2435], [-76.1719, 4.3179], [-76.1486, 4.3724], [-76.069, 4.4554], [-76.0384, 4.4654], [-75.9576, 4.4021], [-75.8952, 4.4257]]]}}, {"type": "Feature", "id": "76403", "properties": {"daneCode": "76403", "name": "Í", "dptoCode": "76", "dptoName": "Í"}, "geometry": {"type": "Polygon", "coordinates": [[[-75.8805, 4.5311], [-75.8695, 4.4542], [-75.8952, 4.4257], [-75.9576, 4.4021], [-76.0384, 4.4654], [-76.069, 4.4554], [-76.0654, 4.4926], [-76.0311, 4.5695], [-75.9637, 4.5311], [-75.8805, 4.5311]]]}}, {"type": "Feature", "id": "76400", "properties": {"daneCode": "76400", "name": "Í", "dptoCode": "76", "dptoName": "Í"}, "geometry": {"type": "Polygon", "coordinates": [[[-76.0384, 4.5831], [-76.0311, 4.5695], [-76.0654, 4.4926], [-76.1657, 4.5125], [-76.1853, 4.5459], [-76.151, 4.5757], [-76.0384, 4.5831]]]}}, {"type": "Feature", "id": "76377", "properties": {"daneCode": "76377", "name": "Í", "dptoCode": "76", "dptoName": "Í"}, "geometry": {"type": "Polygon", "coordinates": [[[-76.5611, 3.8481], [-76.6028, 3.7514], [-76.5366, 3.7489], [-76.506, 3.6994], [-76.5917, 3.5469], [-76.5954, 3.5482], [-76.6493, 3.6324], [-76.6444, 3.7849], [-76.593, 3.863], [-76.5611, 3.8481]]]}}, {"type": "Feature", "id": "76364", "properties": {"daneCode": "76364", "name": "Í", "dptoCode": "76", "dptoName": "Í"}, "geometry": {"type": "Polygon", "coordinates": [[[-76.4926, 3.2891], [-76.4608, 3.2594], [-76.5036, 3.1441], [-76.5575, 3.1019], [-76.6774, 3.0995], [-76.7497, 3.1466], [-76.7827, 3.2308], [-76.7019, 3.356], [-76.6958, 3.3114], [-76.6077, 3.3139], [-76.5587, 3.2829], [-76.4926, 3.2891]]]}}, {"type": "Feature", "id": "76100", "properties": {"daneCode": "76100", "name": "Í", "dptoCode": "76", "dptoName": "Í"}, "geometry": {"type": "Polygon", "coordinates": [[[-76.2686, 4.4815], [-76.2563, 4.4021], [-76.1486, 4.3724], [-76.1719, 4.3179], [-76.2122, 4.2596], [-76.2967, 4.2943], [-76.4069, 4.2993], [-76.4546, 4.2299], [-76.4877, 4.2361], [-76.5489, 4.3377], [-76.5391, 4.3959], [-76.4816, 4.4145], [-76.3653, 4.4926], [-76.2686, 4.4815]]]}}, {"type": "Feature", "id": "76233", "properties": {"daneCode": "76233", "name": "Í", "dptoCode": "76", "dptoName": "Í"}, "geometry": {"type": "Polygon", "coordinates": [[[-76.593, 3.863], [-76.6444, 3.7849], [-76.6493, 3.6324], [-76.5954, 3.5482], [-76.6505, 3.4663], [-76.7068, 3.4279], [-76.7484, 3.4341], [-76.8549, 3.5643], [-76.7937, 3.6647], [-76.8219, 3.7056], [-76.7754, 3.7626], [-76.8145, 3.8754], [-76.7142, 3.8419], [-76.593, 3.863]]]}}, {"type": "Feature", "id": "76109", "properties": {"daneCode": "76109", "name": "Í", "dptoCode": "76", "dptoName": "Í"}, "geometry": {"type": "Polygon", "coordinates": [[[-76.8598, 4.0303], [-76.888, 3.9931], [-76.8145, 3.8754], [-76.7754, 3.7626], [-76.8219, 3.7056], [-76.7937, 3.6647], [-76.8549, 3.5643], [-76.7484, 3.4341], [-76.7068, 3.4279], [-76.7019, 3.356], [-76.7827, 3.2308], [-76.7888, 3.2185], [-76.9088, 3.2011], [-76.9382, 3.1143], [-76.9982, 3.1552], [-77.101, 3.185], [-77.1781, 3.1565], [-77.2344, 3.1081], [-77.3164, 3.1738], [-77.347, 3.1404], [-77.4303, 3.2544], [-77.4976, 3.216], [-77.5502, 3.2308], [-77.4805, 3.3226], [-77.3372, 3.4478], [-77.3666, 3.4837], [-77.3005, 3.5705], [-77.2283, 3.5829], [-77.1842, 3.6547], [-77.1977, 3.7465], [-77.1806, 3.832], [-77.2834, 3.8419], [-77.3177, 3.9497], [-77.2124, 4.0092], [-77.243, 4.0836], [-77.314, 4.0291], [-77.3593, 3.9262], [-77.4499, 4.039], [-77.3532, 4.1976], [-77.3066, 4.1654], [-77.1585, 4.1828], [-77.0496, 4.0948], [-76.9945, 4.1208], [-76.9149, 4.096], [-76.8598, 4.0303]]]}}, {"type": "Feature", "id": "86001", "properties": {"daneCode": "86001", "name": "Í", "dptoCode": "86", "dptoName": "Í"}, "geometry": {"type": "Polygon", "coordinates": [[[-76.5673, 1.0816], [-76.4852, 1.0085], [-76.4632, 0.9093], [-76.4106, 0.8684], [-76.4656, 0.8684], [-76.5611, 1.0308], [-76.637, 1.0754], [-76.7411, 1.006], [-76.7913, 1.1213], [-76.746, 1.1994], [-76.8562, 1.2502], [-76.877, 1.2898], [-76.9039, 1.3208], [-76.921, 1.3456], [-76.8855, 1.3729], [-76.697, 1.4435], [-76.6015, 1.4138], [-76.5856, 1.3047], [-76.5403, 1.2043], [-76.5673, 1.0816]]]}}, {"type": "Feature", "id": "86219", "properties": {"daneCode": "86219", "name": "Í", "dptoCode": "86", "dptoName": "Í"}, "geometry": {"type": "Polygon", "coordinates": [[[-76.9333, 1.2849], [-76.9651, 1.1572], [-77.0214, 1.1956], [-76.9333, 1.2849]]]}}, {"type": "Feature", "id": "86320", "properties": {"daneCode": "86320", "name": "Í", "dptoCode": "86", "dptoName": "Í"}, "geometry": {"type": "Polygon", "coordinates": [[[-77.0728, 0.9428], [-77.0018, 0.8994], [-76.9504, 0.9019], [-76.9308, 0.8151], [-76.8917, 0.7705], [-76.7656, 0.7928], [-76.6995, 0.7457], [-76.6542, 0.6478], [-76.7717, 0.5053], [-76.8721, 0.4829], [-76.9994, 0.4929], [-77.0214, 0.5586], [-77.09, 0.4197], [-77.1304, 0.5251], [-77.1279, 0.6019], [-77.1867, 0.6304], [-77.1769, 0.6713], [-77.1597, 0.7432], [-77.1389, 0.8213], [-77.1169, 0.9006], [-77.0728, 0.9428]]]}}, {"type": "Feature", "id": "86749", "properties": {"daneCode": "86749", "name": "Í", "dptoCode": "86", "dptoName": "Í"}, "geometry": {"type": "Polygon", "coordinates": [[[-76.877, 1.2898], [-76.888, 1.1733], [-76.9651, 1.1572], [-76.9333, 1.2849], [-76.9039, 1.3208], [-76.877, 1.2898]]]}}, {"type": "Feature", "id": "86755", "properties": {"daneCode": "86755", "name": "Í", "dptoCode": "86", "dptoName": "Í"}, "geometry": {"type": "Polygon", "coordinates": [[[-76.7411, 1.006], [-76.8537, 1.0457], [-76.948, 1.0965], [-76.9651, 1.1572], [-76.888, 1.1733], [-76.877, 1.2898], [-76.8562, 1.2502], [-76.746, 1.1994], [-76.7913, 1.1213], [-76.7411, 1.006]]]}}, {"type": "Feature", "id": "86757", "properties": {"daneCode": "86757", "name": "Í", "dptoCode": "86", "dptoName": "Í"}, "geometry": {"type": "Polygon", "coordinates": [[[-76.6566, 0.3317], [-76.6407, 0.2586], [-76.7325, 0.2883], [-76.8488, 0.24], [-76.9994, 0.2896], [-77.0496, 0.2896], [-77.0386, 0.3231], [-76.9186, 0.3813], [-76.8415, 0.302], [-76.7607, 0.3416], [-76.6566, 0.3317]]]}}, {"type": "Feature", "id": "86760", "properties": {"daneCode": "86760", "name": "Í", "dptoCode": "86", "dptoName": "Í"}, "geometry": {"type": "Polygon", "coordinates": [[[-77.0214, 1.1956], [-76.9651, 1.1572], [-76.948, 1.0965], [-76.8537, 1.0457], [-76.9724, 0.9812], [-77.0471, 0.9787], [-77.0398, 1.0395], [-77.0838, 1.0618], [-77.0887, 1.182], [-77.0214, 1.1956]]]}}, {"type": "Feature", "id": "86865", "properties": {"daneCode": "86865", "name": "Í", "dptoCode": "86", "dptoName": "Í"}, "geometry": {"type": "Polygon", "coordinates": [[[-76.7717, 0.5053], [-76.6921, 0.5053], [-76.6566, 0.3317], [-76.7607, 0.3416], [-76.8415, 0.302], [-76.9186, 0.3813], [-77.0386, 0.3231], [-77.0496, 0.2896], [-77.1132, 0.3726], [-77.09, 0.4197], [-77.0214, 0.5586], [-76.9994, 0.4929], [-76.8721, 0.4829], [-76.7717, 0.5053]]]}}, {"type": "Feature", "id": "86885", "properties": {"daneCode": "86885", "name": "Í", "dptoCode": "86", "dptoName": "Í"}, "geometry": {"type": "Polygon", "coordinates": [[[-76.4656, 0.8684], [-76.4901, 0.7866], [-76.7656, 0.7928], [-76.8917, 0.7705], [-76.9308, 0.8151], [-76.9504, 0.9019], [-77.0018, 0.8994], [-77.0728, 0.9428], [-77.0471, 0.9787], [-76.9724, 0.9812], [-76.8537, 1.0457], [-76.7411, 1.006], [-76.637, 1.0754], [-76.5611, 1.0308], [-76.4656, 0.8684]]]}}, {"type": "Feature", "id": "86569", "properties": {"daneCode": "86569", "name": "Í", "dptoCode": "86", "dptoName": "Í"}, "geometry": {"type": "Polygon", "coordinates": [[[-76.2367, 0.6614], [-76.5942, 0.6069], [-76.6542, 0.6478], [-76.6995, 0.7457], [-76.7656, 0.7928], [-76.4901, 0.7866], [-76.4656, 0.8684], [-76.4106, 0.8684], [-76.3812, 0.8188], [-76.2318, 0.6986], [-76.2367, 0.6614]]]}}, {"type": "Feature", "id": "86568", "properties": {"daneCode": "86568", "name": "Í", "dptoCode": "86", "dptoName": "Í"}, "geometry": {"type": "Polygon", "coordinates": [[[-75.7716, 0.4396], [-76.1449, 0.3751], [-76.2, 0.3726], [-76.3126, 0.4334], [-76.3371, 0.385], [-76.4118, 0.3788], [-76.4118, 0.2412], [-76.5844, 0.2202], [-76.6407, 0.2586], [-76.6566, 0.3317], [-76.6921, 0.5053], [-76.7717, 0.5053], [-76.6542, 0.6478], [-76.5942, 0.6069], [-76.2367, 0.6614], [-76.08, 0.6205], [-76.0458, 0.5759], [-75.9295, 0.5833], [-75.8217, 0.5164], [-75.7716, 0.4396]]]}}, {"type": "Feature", "id": "86571", "properties": {"daneCode": "86571", "name": "Í", "dptoCode": "86", "dptoName": "Í"}, "geometry": {"type": "Polygon", "coordinates": [[[-75.8095, 0.8957], [-75.7581, 0.8374], [-75.6369, 0.8771], [-75.6051, 0.8374], [-75.5377, 0.8263], [-75.4839, 0.7829], [-75.4227, 0.7383], [-75.3382, 0.768], [-75.266, 0.7259], [-75.4557, 0.4953], [-75.7716, 0.4396], [-75.8217, 0.5164], [-75.9295, 0.5833], [-76.0458, 0.5759], [-76.08, 0.6205], [-76.2367, 0.6614], [-76.2318, 0.6986], [-76.3812, 0.8188], [-76.4106, 0.8684], [-76.4632, 0.9093], [-76.4852, 1.0085], [-76.4008, 0.98], [-76.2135, 0.9787], [-76.1657, 1.0295], [-76.0849, 1.0581], [-75.976, 1.0618], [-75.856, 0.8845], [-75.8095, 0.8957]]]}}, {"type": "Feature", "id": "86573", "properties": {"daneCode": "86573", "name": "Í", "dptoCode": "86", "dptoName": "Í"}, "geometry": {"type": "Polygon", "coordinates": [[[-73.8411, -0.3983], [-74.3895, -0.5533], [-74.5376, -0.4628], [-74.5756, -0.3958], [-74.7261, -0.35], [-74.7775, -0.2087], [-74.8547, -0.2434], [-74.9281, -0.2285], [-75.0689, -0.0946], [-75.2023, -0.0451], [-75.2758, -0.1269], [-75.3921, -0.1021], [-75.5696, -0.0302], [-75.6332, 0.0454], [-75.7397, 0.0318], [-75.8217, 0.0826], [-75.9552, 0.2016], [-76.0103, 0.2983], [-76.0543, 0.328], [-76.1217, 0.3193], [-76.1449, 0.3751], [-75.7716, 0.4396], [-75.4557, 0.4953], [-75.266, 0.7259], [-75.2709, 0.6614], [-75.2072, 0.6019], [-75.2354, 0.566], [-75.1962, 0.4792], [-75.0334, 0.4842], [-74.9832, 0.4123], [-75.015, 0.3863], [-74.9648, 0.245], [-74.8926, 0.2487], [-74.8449, 0.214], [-74.7371, 0.209], [-74.6784, 0.1607], [-74.6625, 0.0541], [-74.7041, 0.0367], [-74.5413, -0.1207], [-74.4397, -0.0748], [-74.4115, -0.1182], [-74.3515, -0.107], [-74.2903, -0.1975], [-74.1569, -0.2607], [-74.1092, -0.2359], [-73.999, -0.3438], [-73.8802, -0.3711], [-73.8411, -0.3983]]]}}, {"type": "Feature", "id": "52683", "properties": {"daneCode": "52683", "name": "Í", "dptoCode": "52", "dptoName": "Í"}, "geometry": {"type": "Polygon", "coordinates": [[[-77.467, 1.363], [-77.4523, 1.3072], [-77.3752, 1.2303], [-77.5062, 1.2638], [-77.5037, 1.3171], [-77.4805, 1.3692], [-77.467, 1.363]]]}}, {"type": "Feature", "id": "52685", "properties": {"daneCode": "52685", "name": "Í", "dptoCode": "52", "dptoName": "Í"}, "geometry": {"type": "Polygon", "coordinates": [[[-76.9321, 1.5005], [-77.019, 1.4956], [-77.0716, 1.5154], [-77.063, 1.5538], [-77.0116, 1.5724], [-76.9321, 1.5005]]]}}, {"type": "Feature", "id": "52687", "properties": {"daneCode": "52687", "name": "Í", "dptoCode": "52", "dptoName": "Í"}, "geometry": {"type": "Polygon", "coordinates": [[[-77.2381, 1.658], [-77.1781, 1.6109], [-77.1475, 1.5303], [-77.1451, 1.5278], [-77.1842, 1.4485], [-77.2356, 1.4522], [-77.3017, 1.5179], [-77.2589, 1.5439], [-77.2699, 1.6629], [-77.2381, 1.658]]]}}, {"type": "Feature", "id": "52560", "properties": {"daneCode": "52560", "name": "Í", "dptoCode": "52", "dptoName": "Í"}, "geometry": {"type": "Polygon", "coordinates": [[[-77.1867, 0.6304], [-77.3862, 0.6267], [-77.4609, 0.7432], [-77.516, 0.7556], [-77.5931, 0.7246], [-77.6384, 0.7395], [-77.5576, 0.8411], [-77.4193, 0.7817], [-77.336, 0.7011], [-77.2638, 0.6961], [-77.1867, 0.6304]]]}}, {"type": "Feature", "id": "52693", "properties": {"daneCode": "52693", "name": "Í", "dptoCode": "52", "dptoName": "Í"}, "geometry": {"type": "Polygon", "coordinates": [[[-76.9002, 1.6617], [-76.9847, 1.6567], [-77.0692, 1.6654], [-77.0704, 1.6741], [-77.0263, 1.7137], [-76.9357, 1.7286], [-76.9002, 1.6617]]]}}, {"type": "Feature", "id": "52565", "properties": {"daneCode": "52565", "name": "Í", "dptoCode": "52", "dptoName": "Í"}, "geometry": {"type": "Polygon", "coordinates": [[[-77.5735, 1.1894], [-77.5784, 1.1708], [-77.6225, 1.2217], [-77.6151, 1.2898], [-77.6139, 1.2973], [-77.5735, 1.1894]]]}}, {"type": "Feature", "id": "52694", "properties": {"daneCode": "52694", "name": "Í", "dptoCode": "52", "dptoName": "Í"}, "geometry": {"type": "Polygon", "coordinates": [[[-77.063, 1.5538], [-77.0716, 1.5154], [-77.0814, 1.4869], [-77.1451, 1.5278], [-77.1475, 1.5303], [-77.063, 1.5538]]]}}, {"type": "Feature", "id": "52573", "properties": {"daneCode": "52573", "name": "Í", "dptoCode": "52", "dptoName": "Í"}, "geometry": {"type": "Polygon", "coordinates": [[[-77.1597, 0.7432], [-77.1769, 0.6713], [-77.2283, 0.7284], [-77.4058, 0.8486], [-77.4866, 0.8424], [-77.5417, 0.892], [-77.538, 0.8957], [-77.4805, 0.9279], [-77.4364, 0.8858], [-77.2295, 0.8858], [-77.2112, 0.7866], [-77.1597, 0.7432]]]}}, {"type": "Feature", "id": "52699", "properties": {"daneCode": "52699", "name": "Í", "dptoCode": "52", "dptoName": "Í"}, "geometry": {"type": "Polygon", "coordinates": [[[-77.6139, 1.2973], [-77.6151, 1.2898], [-77.6519, 1.2477], [-77.6616, 1.1547], [-77.6996, 1.094], [-77.7216, 1.0977], [-77.7939, 1.2279], [-77.8563, 1.2824], [-77.8465, 1.3791], [-77.8404, 1.4634], [-77.7608, 1.394], [-77.6457, 1.3369], [-77.6139, 1.2973]]]}}, {"type": "Feature", "id": "52585", "properties": {"daneCode": "52585", "name": "Í", "dptoCode": "52", "dptoName": "Í"}, "geometry": {"type": "Polygon", "coordinates": [[[-77.5955, 0.9924], [-77.5894, 0.975], [-77.5698, 0.8957], [-77.6151, 0.856], [-77.6727, 0.8659], [-77.6763, 0.9639], [-77.6139, 0.9948], [-77.5955, 0.9924]]]}}, {"type": "Feature", "id": "52678", "properties": {"daneCode": "52678", "name": "Í", "dptoCode": "52", "dptoName": "Í"}, "geometry": {"type": "Polygon", "coordinates": [[[-77.5502, 1.4336], [-77.5711, 1.3568], [-77.538, 1.3047], [-77.5686, 1.208], [-77.5735, 1.1894], [-77.6139, 1.2973], [-77.6457, 1.3369], [-77.7608, 1.394], [-77.8404, 1.4634], [-77.8746, 1.4894], [-77.8428, 1.5947], [-77.7375, 1.5105], [-77.6445, 1.5291], [-77.5784, 1.4299], [-77.5502, 1.4336]]]}}, {"type": "Feature", "id": "52207", "properties": {"daneCode": "52207", "name": "Í", "dptoCode": "52", "dptoName": "Í"}, "geometry": {"type": "Polygon", "coordinates": [[[-77.3752, 1.2303], [-77.3593, 1.2217], [-77.3617, 1.2018], [-77.3789, 1.1919], [-77.4792, 1.156], [-77.5013, 1.2192], [-77.5062, 1.2638], [-77.3752, 1.2303]]]}}, {"type": "Feature", "id": "52210", "properties": {"daneCode": "52210", "name": "Í", "dptoCode": "52", "dptoName": "Í"}, "geometry": {"type": "Polygon", "coordinates": [[[-77.4707, 0.949], [-77.4805, 0.9279], [-77.538, 0.8957], [-77.5515, 0.9031], [-77.576, 0.9564], [-77.4707, 0.949]]]}}, {"type": "Feature", "id": "52215", "properties": {"daneCode": "52215", "name": "Í", "dptoCode": "52", "dptoName": "Í"}, "geometry": {"type": "Polygon", "coordinates": [[[-77.5417, 0.892], [-77.4866, 0.8424], [-77.4058, 0.8486], [-77.2283, 0.7284], [-77.1769, 0.6713], [-77.1867, 0.6304], [-77.2638, 0.6961], [-77.336, 0.7011], [-77.4193, 0.7817], [-77.5576, 0.8411], [-77.5417, 0.892]]]}}, {"type": "Feature", "id": "52001", "properties": {"daneCode": "52001", "name": "Í", "dptoCode": "52", "dptoName": "Í"}, "geometry": {"type": "Polygon", "coordinates": [[[-77.3103, 1.3531], [-77.2491, 1.2886], [-77.2356, 1.2589], [-77.0887, 1.182], [-77.0838, 1.0618], [-77.0398, 1.0395], [-77.0471, 0.9787], [-77.0728, 0.9428], [-77.1169, 0.9006], [-77.1389, 0.8213], [-77.2075, 0.9006], [-77.3177, 0.9614], [-77.2932, 1.0444], [-77.3054, 1.1237], [-77.3617, 1.2018], [-77.3593, 1.2217], [-77.3287, 1.301], [-77.3752, 1.306], [-77.3103, 1.3531]]]}}, {"type": "Feature", "id": "52019", "properties": {"daneCode": "52019", "name": "Í", "dptoCode": "52", "dptoName": "Í"}, "geometry": {"type": "Polygon", "coordinates": [[[-77.019, 1.4956], [-77.1047, 1.4361], [-77.1108, 1.4435], [-77.0814, 1.4869], [-77.0716, 1.5154], [-77.019, 1.4956]]]}}, {"type": "Feature", "id": "52022", "properties": {"daneCode": "52022", "name": "Í", "dptoCode": "52", "dptoName": "Í"}, "geometry": {"type": "Polygon", "coordinates": [[[-77.6763, 0.9639], [-77.6727, 0.8659], [-77.6849, 0.8374], [-77.7253, 0.9093], [-77.6763, 0.9639]]]}}, {"type": "Feature", "id": "52224", "properties": {"daneCode": "52224", "name": "Í", "dptoCode": "52", "dptoName": "Í"}, "geometry": {"type": "Polygon", "coordinates": [[[-77.7253, 0.9093], [-77.6849, 0.8374], [-77.6849, 0.8288], [-77.7584, 0.8387], [-77.7743, 0.918], [-77.7253, 0.9093]]]}}, {"type": "Feature", "id": "52036", "properties": {"daneCode": "52036", "name": "Í", "dptoCode": "52", "dptoName": "Í"}, "geometry": {"type": "Polygon", "coordinates": [[[-77.5037, 1.3171], [-77.5062, 1.2638], [-77.5013, 1.2192], [-77.5686, 1.208], [-77.538, 1.3047], [-77.5037, 1.3171]]]}}, {"type": "Feature", "id": "52051", "properties": {"daneCode": "52051", "name": "Í", "dptoCode": "52", "dptoName": "Í"}, "geometry": {"type": "Polygon", "coordinates": [[[-77.0814, 1.4869], [-77.1108, 1.4435], [-77.1842, 1.4485], [-77.1451, 1.5278], [-77.0814, 1.4869]]]}}, {"type": "Feature", "id": "52083", "properties": {"daneCode": "52083", "name": "Í", "dptoCode": "52", "dptoName": "Í"}, "geometry": {"type": "Polygon", "coordinates": [[[-77.0141, 1.6171], [-77.0116, 1.5724], [-77.063, 1.5538], [-77.0789, 1.5935], [-77.0141, 1.6171]]]}}, {"type": "Feature", "id": "52110", "properties": {"daneCode": "52110", "name": "Í", "dptoCode": "52", "dptoName": "Í"}, "geometry": {"type": "Polygon", "coordinates": [[[-77.1842, 1.4485], [-77.1108, 1.4435], [-77.1047, 1.4361], [-77.0349, 1.3754], [-76.9982, 1.2998], [-76.9333, 1.2849], [-77.0214, 1.1956], [-77.0887, 1.182], [-77.2356, 1.2589], [-77.2491, 1.2886], [-77.2197, 1.3692], [-77.2356, 1.4522], [-77.1842, 1.4485]]]}}, {"type": "Feature", "id": "52203", "properties": {"daneCode": "52203", "name": "Í", "dptoCode": "52", "dptoName": "Í"}, "geometry": {"type": "Polygon", "coordinates": [[[-76.9847, 1.6567], [-77.0141, 1.6171], [-77.0789, 1.5935], [-77.0692, 1.6654], [-76.9847, 1.6567]]]}}, {"type": "Feature", "id": "52480", "properties": {"daneCode": "52480", "name": "Í", "dptoCode": "52", "dptoName": "Í"}, "geometry": {"type": "Polygon", "coordinates": [[[-77.3593, 1.2217], [-77.3752, 1.306], [-77.3287, 1.301], [-77.3593, 1.2217]]]}}, {"type": "Feature", "id": "52506", "properties": {"daneCode": "52506", "name": "Í", "dptoCode": "52", "dptoName": "Í"}, "geometry": {"type": "Polygon", "coordinates": [[[-77.4964, 1.0246], [-77.5955, 0.9924], [-77.5809, 1.0556], [-77.5588, 1.0717], [-77.4964, 1.0246]]]}}, {"type": "Feature", "id": "52720", "properties": {"daneCode": "52720", "name": "Í", "dptoCode": "52", "dptoName": "Í"}, "geometry": {"type": "Polygon", "coordinates": [[[-77.6996, 1.094], [-77.6433, 1.037], [-77.5809, 1.0556], [-77.5955, 0.9924], [-77.6139, 0.9948], [-77.7057, 0.9849], [-77.7645, 1.0395], [-77.7216, 1.0977], [-77.6996, 1.094]]]}}, {"type": "Feature", "id": "52786", "properties": {"daneCode": "52786", "name": "Í", "dptoCode": "52", "dptoName": "Í"}, "geometry": {"type": "Polygon", "coordinates": [[[-77.2699, 1.6629], [-77.2589, 1.5439], [-77.3017, 1.5179], [-77.3226, 1.5005], [-77.385, 1.5278], [-77.396, 1.6059], [-77.3544, 1.6691], [-77.3299, 1.6815], [-77.2699, 1.6629]]]}}, {"type": "Feature", "id": "52788", "properties": {"daneCode": "52788", "name": "Í", "dptoCode": "52", "dptoName": "Í"}, "geometry": {"type": "Polygon", "coordinates": [[[-77.3177, 0.9614], [-77.4278, 1.0543], [-77.3642, 1.1361], [-77.3789, 1.1919], [-77.3617, 1.2018], [-77.3054, 1.1237], [-77.2932, 1.0444], [-77.3177, 0.9614]]]}}, {"type": "Feature", "id": "52240", "properties": {"daneCode": "52240", "name": "Í", "dptoCode": "52", "dptoName": "Í"}, "geometry": {"type": "Polygon", "coordinates": [[[-77.3017, 1.5179], [-77.2356, 1.4522], [-77.2197, 1.3692], [-77.2491, 1.2886], [-77.3103, 1.3531], [-77.2981, 1.4225], [-77.3226, 1.5005], [-77.3017, 1.5179]]]}}, {"type": "Feature", "id": "52254", "properties": {"daneCode": "52254", "name": "Í", "dptoCode": "52", "dptoName": "Í"}, "geometry": {"type": "Polygon", "coordinates": [[[-77.385, 1.5278], [-77.4303, 1.4435], [-77.4829, 1.4547], [-77.4743, 1.5055], [-77.4462, 1.5873], [-77.396, 1.6059], [-77.385, 1.5278]]]}}, {"type": "Feature", "id": "52258", "properties": {"daneCode": "52258", "name": "Í", "dptoCode": "52", "dptoName": "Í"}, "geometry": {"type": "Polygon", "coordinates": [[[-76.9321, 1.5005], [-76.9284, 1.5005], [-76.921, 1.3456], [-76.9039, 1.3208], [-76.9333, 1.2849], [-76.9982, 1.2998], [-77.0349, 1.3754], [-77.1047, 1.4361], [-77.019, 1.4956], [-76.9321, 1.5005]]]}}, {"type": "Feature", "id": "52838", "properties": {"daneCode": "52838", "name": "Í", "dptoCode": "52", "dptoName": "Í"}, "geometry": {"type": "Polygon", "coordinates": [[[-77.5784, 1.1708], [-77.5698, 1.0928], [-77.5588, 1.0717], [-77.5809, 1.0556], [-77.6433, 1.037], [-77.6996, 1.094], [-77.6616, 1.1547], [-77.6519, 1.2477], [-77.6151, 1.2898], [-77.6225, 1.2217], [-77.5784, 1.1708]]]}}, {"type": "Feature", "id": "52411", "properties": {"daneCode": "52411", "name": "Í", "dptoCode": "52", "dptoName": "Í"}, "geometry": {"type": "Polygon", "coordinates": [[[-77.4829, 1.4547], [-77.4805, 1.3692], [-77.5037, 1.3171], [-77.538, 1.3047], [-77.5711, 1.3568], [-77.5502, 1.4336], [-77.5343, 1.4485], [-77.4743, 1.5055], [-77.4829, 1.4547]]]}}, {"type": "Feature", "id": "52885", "properties": {"daneCode": "52885", "name": "Í", "dptoCode": "52", "dptoName": "Í"}, "geometry": {"type": "Polygon", "coordinates": [[[-77.4278, 1.0543], [-77.4474, 1.0556], [-77.478, 1.1176], [-77.4792, 1.156], [-77.3789, 1.1919], [-77.3642, 1.1361], [-77.4278, 1.0543]]]}}, {"type": "Feature", "id": "52435", "properties": {"daneCode": "52435", "name": "Í", "dptoCode": "52", "dptoName": "Í"}, "geometry": {"type": "Polygon", "coordinates": [[[-77.7216, 1.0977], [-77.7645, 1.0395], [-77.7987, 0.9986], [-77.9163, 1.0779], [-77.9775, 1.1994], [-77.9273, 1.2415], [-77.8465, 1.3791], [-77.8563, 1.2824], [-77.7939, 1.2279], [-77.7216, 1.0977]]]}}, {"type": "Feature", "id": "52378", "properties": {"daneCode": "52378", "name": "Í", "dptoCode": "52", "dptoName": "Í"}, "geometry": {"type": "Polygon", "coordinates": [[[-76.8525, 1.6356], [-76.8586, 1.5229], [-76.9284, 1.5005], [-76.9321, 1.5005], [-77.0116, 1.5724], [-77.0141, 1.6171], [-76.9847, 1.6567], [-76.9002, 1.6617], [-76.8525, 1.6356]]]}}, {"type": "Feature", "id": "52381", "properties": {"daneCode": "52381", "name": "Í", "dptoCode": "52", "dptoName": "Í"}, "geometry": {"type": "Polygon", "coordinates": [[[-77.3103, 1.3531], [-77.3752, 1.306], [-77.3593, 1.2217], [-77.3752, 1.2303], [-77.4523, 1.3072], [-77.467, 1.363], [-77.4009, 1.332], [-77.2981, 1.4225], [-77.3103, 1.3531]]]}}, {"type": "Feature", "id": "52260", "properties": {"daneCode": "52260", "name": "Í", "dptoCode": "52", "dptoName": "Í"}, "geometry": {"type": "Polygon", "coordinates": [[[-77.3226, 1.5005], [-77.2981, 1.4225], [-77.4009, 1.332], [-77.467, 1.363], [-77.4805, 1.3692], [-77.4829, 1.4547], [-77.4303, 1.4435], [-77.385, 1.5278], [-77.3226, 1.5005]]]}}, {"type": "Feature", "id": "52287", "properties": {"daneCode": "52287", "name": "Í", "dptoCode": "52", "dptoName": "Í"}, "geometry": {"type": "Polygon", "coordinates": [[[-77.4278, 1.0543], [-77.3177, 0.9614], [-77.2075, 0.9006], [-77.1389, 0.8213], [-77.1597, 0.7432], [-77.2112, 0.7866], [-77.2295, 0.8858], [-77.4364, 0.8858], [-77.4805, 0.9279], [-77.4707, 0.949], [-77.4743, 1.0221], [-77.4474, 1.0556], [-77.4278, 1.0543]]]}}, {"type": "Feature", "id": "52317", "properties": {"daneCode": "52317", "name": "Í", "dptoCode": "52", "dptoName": "Í"}, "geometry": {"type": "Polygon", "coordinates": [[[-77.6139, 0.9948], [-77.6763, 0.9639], [-77.7253, 0.9093], [-77.7743, 0.918], [-77.7987, 0.9986], [-77.7645, 1.0395], [-77.7057, 0.9849], [-77.6139, 0.9948]]]}}, {"type": "Feature", "id": "52399", "properties": {"daneCode": "52399", "name": "Í", "dptoCode": "52", "dptoName": "Í"}, "geometry": {"type": "Polygon", "coordinates": [[[-77.1438, 1.6778], [-77.0704, 1.6741], [-77.0692, 1.6654], [-77.0789, 1.5935], [-77.063, 1.5538], [-77.1475, 1.5303], [-77.1781, 1.6109], [-77.2381, 1.658], [-77.1438, 1.6778]]]}}, {"type": "Feature", "id": "52320", "properties": {"daneCode": "52320", "name": "Í", "dptoCode": "52", "dptoName": "Í"}, "geometry": {"type": "Polygon", "coordinates": [[[-77.4792, 1.156], [-77.478, 1.1176], [-77.5698, 1.0928], [-77.5784, 1.1708], [-77.5735, 1.1894], [-77.5686, 1.208], [-77.5013, 1.2192], [-77.4792, 1.156]]]}}, {"type": "Feature", "id": "52405", "properties": {"daneCode": "52405", "name": "Í", "dptoCode": "52", "dptoName": "Í"}, "geometry": {"type": "Polygon", "coordinates": [[[-77.2026, 1.9517], [-77.2944, 1.8315], [-77.4107, 1.8885], [-77.396, 1.9827], [-77.3103, 1.9678], [-77.3519, 2.0534], [-77.3091, 2.1252], [-77.3323, 2.0496], [-77.2026, 1.9517]]]}}, {"type": "Feature", "id": "52323", "properties": {"daneCode": "52323", "name": "Í", "dptoCode": "52", "dptoName": "Í"}, "geometry": {"type": "Polygon", "coordinates": [[[-77.576, 0.9564], [-77.5515, 0.9031], [-77.5698, 0.8957], [-77.5894, 0.975], [-77.576, 0.9564]]]}}, {"type": "Feature", "id": "52352", "properties": {"daneCode": "52352", "name": "Í", "dptoCode": "52", "dptoName": "Í"}, "geometry": {"type": "Polygon", "coordinates": [[[-77.4743, 1.0221], [-77.4707, 0.949], [-77.576, 0.9564], [-77.5894, 0.975], [-77.5955, 0.9924], [-77.4964, 1.0246], [-77.4743, 1.0221]]]}}, {"type": "Feature", "id": "52354", "properties": {"daneCode": "52354", "name": "Í", "dptoCode": "52", "dptoName": "Í"}, "geometry": {"type": "Polygon", "coordinates": [[[-77.4474, 1.0556], [-77.4743, 1.0221], [-77.4964, 1.0246], [-77.5588, 1.0717], [-77.5698, 1.0928], [-77.478, 1.1176], [-77.4474, 1.0556]]]}}, {"type": "Feature", "id": "52356", "properties": {"daneCode": "52356", "name": "Í", "dptoCode": "52", "dptoName": "Í"}, "geometry": {"type": "Polygon", "coordinates": [[[-77.538, 0.8957], [-77.5417, 0.892], [-77.5576, 0.8411], [-77.6384, 0.7395], [-77.5931, 0.7246], [-77.516, 0.7556], [-77.4609, 0.7432], [-77.3862, 0.6267], [-77.1867, 0.6304], [-77.1279, 0.6019], [-77.1304, 0.5251], [-77.09, 0.4197], [-77.1132, 0.3726], [-77.2968, 0.3652], [-77.325, 0.3875], [-77.5233, 0.416], [-77.5221, 0.5313], [-77.4854, 0.6565], [-77.5637, 0.6515], [-77.6971, 0.7544], [-77.6849, 0.8288], [-77.6849, 0.8374], [-77.6727, 0.8659], [-77.6151, 0.856], [-77.5698, 0.8957], [-77.5515, 0.9031], [-77.538, 0.8957]]]}}, {"type": "Feature", "id": "52227", "properties": {"daneCode": "52227", "name": "Í", "dptoCode": "52", "dptoName": "Í"}, "geometry": {"type": "Polygon", "coordinates": [[[-77.7987, 0.9986], [-77.7743, 0.918], [-77.7584, 0.8387], [-77.8673, 0.8015], [-77.9652, 0.8238], [-78.0338, 0.8796], [-78.1966, 0.949], [-78.2088, 1.0048], [-77.9163, 1.0779], [-77.7987, 0.9986]]]}}, {"type": "Feature", "id": "52233", "properties": {"daneCode": "52233", "name": "Í", "dptoCode": "52", "dptoName": "Í"}, "geometry": {"type": "Polygon", "coordinates": [[[-77.609, 1.8724], [-77.5955, 1.7608], [-77.5294, 1.741], [-77.4805, 1.6022], [-77.6004, 1.6009], [-77.6115, 1.6666], [-77.6592, 1.7013], [-77.6531, 1.8005], [-77.7131, 1.8154], [-77.6812, 1.8959], [-77.6714, 1.9034], [-77.609, 1.8724]]]}}, {"type": "Feature", "id": "52256", "properties": {"daneCode": "52256", "name": "Í", "dptoCode": "52", "dptoName": "Í"}, "geometry": {"type": "Polygon", "coordinates": [[[-77.396, 1.9827], [-77.4107, 1.8885], [-77.2944, 1.8315], [-77.2944, 1.7658], [-77.3299, 1.6815], [-77.3544, 1.6691], [-77.4413, 1.8092], [-77.609, 1.8724], [-77.6714, 1.9034], [-77.6017, 1.9406], [-77.5135, 1.9071], [-77.4939, 1.9579], [-77.396, 1.9827]]]}}, {"type": "Feature", "id": "52385", "properties": {"daneCode": "52385", "name": "Í", "dptoCode": "52", "dptoName": "Í"}, "geometry": {"type": "Polygon", "coordinates": [[[-77.5343, 1.4485], [-77.5502, 1.4336], [-77.5784, 1.4299], [-77.6445, 1.5291], [-77.7375, 1.5105], [-77.8428, 1.5947], [-77.8649, 1.6171], [-77.8294, 1.6617], [-77.6727, 1.5452], [-77.598, 1.5786], [-77.5919, 1.5142], [-77.5343, 1.4485]]]}}, {"type": "Feature", "id": "52418", "properties": {"daneCode": "52418", "name": "Í", "dptoCode": "52", "dptoName": "Í"}, "geometry": {"type": "Polygon", "coordinates": [[[-77.7131, 1.8154], [-77.6531, 1.8005], [-77.6592, 1.7013], [-77.6115, 1.6666], [-77.6004, 1.6009], [-77.4805, 1.6022], [-77.4462, 1.5873], [-77.4743, 1.5055], [-77.5343, 1.4485], [-77.5919, 1.5142], [-77.598, 1.5786], [-77.6727, 1.5452], [-77.8294, 1.6617], [-77.8649, 1.6171], [-77.9236, 1.6679], [-77.8746, 1.803], [-77.7963, 1.8538], [-77.7339, 1.8674], [-77.7131, 1.8154]]]}}, {"type": "Feature", "id": "52540", "properties": {"daneCode": "52540", "name": "Í", "dptoCode": "52", "dptoName": "Í"}, "geometry": {"type": "Polygon", "coordinates": [[[-77.3544, 1.6691], [-77.396, 1.6059], [-77.4462, 1.5873], [-77.4805, 1.6022], [-77.5294, 1.741], [-77.5955, 1.7608], [-77.609, 1.8724], [-77.4413, 1.8092], [-77.3544, 1.6691]]]}}, {"type": "Feature", "id": "52612", "properties": {"daneCode": "52612", "name": "Í", "dptoCode": "52", "dptoName": "Í"}, "geometry": {"type": "Polygon", "coordinates": [[[-77.9163, 1.0779], [-78.2088, 1.0048], [-78.27, 1.0469], [-78.2909, 1.1386], [-78.1072, 1.2068], [-78.0289, 1.2502], [-78.0497, 1.3778], [-78.0093, 1.4262], [-77.9212, 1.4014], [-77.8746, 1.4894], [-77.8404, 1.4634], [-77.8465, 1.3791], [-77.9273, 1.2415], [-77.9775, 1.1994], [-77.9163, 1.0779]]]}}, {"type": "Feature", "id": "52079", "properties": {"daneCode": "52079", "name": "Í", "dptoCode": "52", "dptoName": "Í"}, "geometry": {"type": "Polygon", "coordinates": [[[-77.8649, 1.6171], [-77.8428, 1.5947], [-77.8746, 1.4894], [-77.9212, 1.4014], [-78.0093, 1.4262], [-78.0497, 1.3778], [-78.0289, 1.2502], [-78.1072, 1.2068], [-78.2909, 1.1386], [-78.3141, 1.1907], [-78.4182, 1.1597], [-78.51, 1.1894], [-78.4867, 1.3407], [-78.4659, 1.384], [-78.3704, 1.4125], [-78.2627, 1.3902], [-78.2688, 1.5476], [-78.2566, 1.6282], [-78.2333, 1.7311], [-78.2052, 1.7013], [-78.0717, 1.7348], [-78.0081, 1.7261], [-77.9518, 1.7794], [-77.7963, 1.8538], [-77.8746, 1.803], [-77.9236, 1.6679], [-77.8649, 1.6171]]]}}, {"type": "Feature", "id": "52250", "properties": {"daneCode": "52250", "name": "Í", "dptoCode": "52", "dptoName": "Í"}, "geometry": {"type": "Polygon", "coordinates": [[[-78.1134, 2.6433], [-78.0521, 2.4339], [-77.9493, 2.2975], [-77.915, 2.2256], [-77.9408, 2.1612], [-77.8281, 2.0447], [-77.7241, 1.9914], [-77.6543, 2.0236], [-77.5833, 2.0248], [-77.5992, 2.1674], [-77.5539, 2.2021], [-77.4878, 2.1947], [-77.4597, 2.2864], [-77.3752, 2.2641], [-77.3226, 2.2219], [-77.3054, 2.1451], [-77.3091, 2.1252], [-77.3519, 2.0534], [-77.3103, 1.9678], [-77.396, 1.9827], [-77.4939, 1.9579], [-77.5135, 1.9071], [-77.6017, 1.9406], [-77.6714, 1.9034], [-77.6812, 1.8959], [-77.6996, 1.9158], [-77.8306, 1.9232], [-77.904, 2.0843], [-78.0913, 2.0769], [-78.1831, 2.1104], [-78.1587, 2.4252], [-78.1868, 2.5938], [-78.2248, 2.6669], [-78.1427, 2.6805], [-78.1134, 2.6433]]]}}, {"type": "Feature", "id": "52390", "properties": {"daneCode": "52390", "name": "Í", "dptoCode": "52", "dptoName": "Í"}, "geometry": {"type": "Polygon", "coordinates": [[[-78.1831, 2.1104], [-78.2076, 2.0348], [-78.2174, 2.3669], [-78.199, 2.4252], [-78.3104, 2.6582], [-78.2248, 2.6669], [-78.1868, 2.5938], [-78.1587, 2.4252], [-78.1831, 2.1104]]]}}, {"type": "Feature", "id": "52427", "properties": {"daneCode": "52427", "name": "Í", "dptoCode": "52", "dptoName": "Í"}, "geometry": {"type": "Polygon", "coordinates": [[[-77.6812, 1.8959], [-77.7131, 1.8154], [-77.7339, 1.8674], [-77.7963, 1.8538], [-77.9518, 1.7794], [-78.0081, 1.7261], [-78.0717, 1.7348], [-78.2052, 1.7013], [-78.2333, 1.7311], [-78.2615, 1.7658], [-78.2762, 1.8972], [-78.2713, 2.0174], [-78.2076, 2.0348], [-78.1831, 2.1104], [-78.0913, 2.0769], [-77.904, 2.0843], [-77.8306, 1.9232], [-77.6996, 1.9158], [-77.6812, 1.8959]]]}}, {"type": "Feature", "id": "52473", "properties": {"daneCode": "52473", "name": "Í", "dptoCode": "52", "dptoName": "Í"}, "geometry": {"type": "Polygon", "coordinates": [[[-78.3264, 2.657], [-78.3055, 2.5392], [-78.4255, 2.2727], [-78.3851, 2.1934], [-78.4696, 2.2504], [-78.5002, 2.2777], [-78.5589, 2.3186], [-78.5638, 2.4326], [-78.5504, 2.4921], [-78.3264, 2.657]]]}}, {"type": "Feature", "id": "52490", "properties": {"daneCode": "52490", "name": "Í", "dptoCode": "52", "dptoName": "Í"}, "geometry": {"type": "Polygon", "coordinates": [[[-78.2076, 2.0348], [-78.2713, 2.0174], [-78.3508, 2.0881], [-78.3851, 2.1934], [-78.4255, 2.2727], [-78.3055, 2.5392], [-78.3264, 2.657], [-78.3104, 2.6582], [-78.199, 2.4252], [-78.2174, 2.3669], [-78.2076, 2.0348]]]}}, {"type": "Feature", "id": "52520", "properties": {"daneCode": "52520", "name": "Í", "dptoCode": "52", "dptoName": "Í"}, "geometry": {"type": "Polygon", "coordinates": [[[-78.4696, 2.2504], [-78.5296, 2.1314], [-78.5173, 2.0348], [-78.5516, 1.8984], [-78.5871, 1.9728], [-78.6716, 2.031], [-78.7132, 2.1649], [-78.7009, 2.2145], [-78.6263, 2.1872], [-78.5565, 2.1934], [-78.5002, 2.2777], [-78.4696, 2.2504]]]}}, {"type": "Feature", "id": "52621", "properties": {"daneCode": "52621", "name": "Í", "dptoCode": "52", "dptoName": "Í"}, "geometry": {"type": "Polygon", "coordinates": [[[-78.3851, 2.1934], [-78.3508, 2.0881], [-78.2713, 2.0174], [-78.2762, 1.8972], [-78.2615, 1.7658], [-78.2333, 1.7311], [-78.2566, 1.6282], [-78.3288, 1.565], [-78.3974, 1.7274], [-78.4708, 1.7869], [-78.4671, 1.9071], [-78.5345, 1.9703], [-78.5173, 2.0348], [-78.5296, 2.1314], [-78.4696, 2.2504], [-78.3851, 2.1934]]]}}, {"type": "Feature", "id": "52696", "properties": {"daneCode": "52696", "name": "Í", "dptoCode": "52", "dptoName": "Í"}, "geometry": {"type": "Polygon", "coordinates": [[[-77.9285, 2.6409], [-77.9175, 2.4116], [-77.8477, 2.2603], [-77.8355, 2.1761], [-77.7339, 2.1339], [-77.5992, 2.1674], [-77.5833, 2.0248], [-77.6543, 2.0236], [-77.7241, 1.9914], [-77.8281, 2.0447], [-77.9408, 2.1612], [-77.915, 2.2256], [-77.9493, 2.2975], [-78.0521, 2.4339], [-78.1134, 2.6433], [-78.0583, 2.6173], [-77.9726, 2.6607], [-77.9285, 2.6409]]]}}, {"type": "Feature", "id": "94001", "properties": {"daneCode": "94001", "name": "Í", "dptoCode": "94", "dptoName": "Í"}, "geometry": {"type": "Polygon", "coordinates": [[[-67.582, 3.7527], [-67.5379, 3.6746], [-67.5587, 3.6151], [-67.6579, 3.5358], [-67.7668, 3.4725], [-67.8464, 3.3895], [-67.8403, 3.2569], [-67.7901, 3.2321], [-67.7791, 3.1478], [-67.8733, 3.1391], [-68.0594, 3.0846], [-68.1524, 3.0895], [-68.1732, 2.9867], [-68.3287, 3.0189], [-68.4524, 2.9718], [-68.5172, 2.9061], [-68.9126, 2.6855], [-69.0448, 2.595], [-69.1109, 2.6037], [-69.1599, 2.4958], [-69.1771, 2.3632], [-69.1881, 2.3632], [-69.3558, 2.771], [-69.4182, 2.8677], [-69.3876, 2.9978], [-69.2799, 3.0945], [-69.1575, 3.1602], [-69.1256, 3.2098], [-69.0473, 3.1862], [-68.9787, 3.2061], [-68.9065, 3.2767], [-68.8086, 3.3412], [-68.5209, 3.4453], [-68.4842, 3.5097], [-68.5503, 3.5482], [-68.6862, 3.5407], [-68.838, 3.6709], [-68.7535, 3.7837], [-68.7094, 3.7675], [-68.5895, 3.7775], [-68.5735, 3.8109], [-68.4536, 3.8382], [-68.4205, 3.9262], [-68.3471, 3.9237], [-68.314, 3.9782], [-68.232, 3.9733], [-68.0435, 4.0117], [-67.8795, 3.9175], [-67.8195, 3.9795], [-67.7081, 4.0452], [-67.6922, 3.9361], [-67.6126, 3.7551], [-67.582, 3.7527]]]}}, {"type": "Feature", "id": "94343", "properties": {"daneCode": "94343", "name": "Í", "dptoCode": "94", "dptoName": "Í"}, "geometry": {"type": "Polygon", "coordinates": [[[-68.838, 3.6709], [-68.6862, 3.5407], [-68.5503, 3.5482], [-68.4842, 3.5097], [-68.5209, 3.4453], [-68.8086, 3.3412], [-68.9065, 3.2767], [-68.9787, 3.2061], [-69.0473, 3.1862], [-69.1256, 3.2098], [-69.1575, 3.1602], [-69.2799, 3.0945], [-69.3876, 2.9978], [-69.4182, 2.8677], [-69.5186, 2.885], [-69.5835, 2.8528], [-69.7132, 2.8615], [-69.772, 2.7834], [-69.7536, 2.7189], [-69.876, 2.6966], [-69.876, 2.8999], [-69.9789, 3.1528], [-70.0535, 3.3969], [-69.9985, 3.3734], [-69.8736, 3.4329], [-69.8724, 3.5358], [-69.7757, 3.5655], [-69.6912, 3.5444], [-69.5786, 3.6039], [-69.5602, 3.6783], [-69.4243, 3.6671], [-69.3203, 3.6956], [-69.1281, 3.6733], [-69.0559, 3.6386], [-69.0118, 3.682], [-68.8514, 3.6994], [-68.838, 3.6709]]]}}, {"type": "Feature", "id": "94663", "properties": {"daneCode": "94663", "name": "Í", "dptoCode": "94", "dptoName": "Í"}, "geometry": {"type": "Polygon", "coordinates": [[[-70.0535, 3.3969], [-69.9789, 3.1528], [-69.876, 2.8999], [-69.876, 2.6966], [-69.9985, 2.6917], [-69.9985, 2.533], [-70.0964, 2.5194], [-70.2421, 2.595], [-70.3131, 2.5653], [-70.3816, 2.6049], [-70.4551, 2.476], [-70.5848, 2.5293], [-70.5873, 2.4661], [-70.635, 2.3483], [-70.7072, 2.4723], [-70.766, 2.5392], [-70.848, 2.5677], [-70.9166, 2.5603], [-70.9423, 2.6062], [-70.5016, 2.7884], [-70.351, 2.8602], [-70.3559, 2.9036], [-70.28, 2.9346], [-70.2555, 3.0387], [-70.2837, 3.1292], [-70.247, 3.1763], [-70.1282, 3.2036], [-70.1576, 3.2817], [-70.1123, 3.3858], [-70.0535, 3.3969]]]}}, {"type": "Feature", "id": "94883", "properties": {"daneCode": "94883", "name": "Í", "dptoCode": "94", "dptoName": "Í"}, "geometry": {"type": "Polygon", "coordinates": [[[-67.3359, 2.5008], [-67.298, 2.4425], [-67.1878, 2.3508], [-67.2209, 2.2504], [-67.1621, 2.1327], [-67.1144, 2.1339], [-67.0972, 2.0509], [-67.1229, 1.9802], [-67.0715, 1.9344], [-67.0336, 1.7869], [-66.9858, 1.6865], [-67.1437, 1.6047], [-67.1339, 1.7955], [-67.2, 1.8513], [-67.227, 1.9121], [-67.3029, 1.9009], [-67.3469, 1.9852], [-67.3567, 2.1116], [-67.3298, 2.1463], [-67.369, 2.2157], [-67.4179, 2.2207], [-67.4498, 2.1686], [-67.511, 2.1637], [-67.5869, 2.1215], [-67.6016, 2.0434], [-67.6775, 2.0087], [-67.6322, 2.2616], [-67.6775, 2.331], [-67.6664, 2.4587], [-67.6273, 2.4735], [-67.5379, 2.4463], [-67.3359, 2.5008]]]}}, {"type": "Feature", "id": "94884", "properties": {"daneCode": "94884", "name": "Í", "dptoCode": "94", "dptoName": "Í"}, "geometry": {"type": "Polygon", "coordinates": [[[-67.5159, 3.1751], [-67.8623, 2.8652], [-67.8219, 2.8268], [-67.6579, 2.797], [-67.6212, 2.8144], [-67.5624, 2.7214], [-67.5685, 2.6681], [-67.4865, 2.6669], [-67.4706, 2.6247], [-67.391, 2.5714], [-67.3359, 2.5008], [-67.5379, 2.4463], [-67.6273, 2.4735], [-67.6664, 2.4587], [-67.6775, 2.331], [-67.6322, 2.2616], [-67.6775, 2.0087], [-67.7754, 2.0124], [-67.8843, 1.8947], [-67.9076, 1.8042], [-68.1035, 1.9083], [-68.1451, 1.9728], [-68.2173, 1.9653], [-68.2553, 2.0224], [-68.2247, 2.1042], [-68.2712, 2.1773], [-68.3238, 2.0967], [-68.5638, 2.0645], [-68.7633, 2.1203], [-68.8233, 2.0806], [-68.8502, 2.129], [-68.8282, 2.2641], [-68.7817, 2.2727], [-68.7388, 2.3347], [-68.7988, 2.4252], [-68.9885, 2.3905], [-69.0595, 2.3273], [-69.1771, 2.3632], [-69.1599, 2.4958], [-69.1109, 2.6037], [-69.0448, 2.595], [-68.9126, 2.6855], [-68.5172, 2.9061], [-68.4524, 2.9718], [-68.3287, 3.0189], [-68.1732, 2.9867], [-68.1524, 3.0895], [-68.0594, 3.0846], [-67.8733, 3.1391], [-67.7791, 3.1478], [-67.7068, 3.1317], [-67.5159, 3.1751]]]}}, {"type": "Feature", "id": "94885", "properties": {"daneCode": "94885", "name": "Í", "dptoCode": "94", "dptoName": "Í"}, "geometry": {"type": "Polygon", "coordinates": [[[-67.1437, 1.6047], [-66.9858, 1.6865], [-66.9638, 1.5972], [-66.9209, 1.5315], [-66.9124, 1.4274], [-66.8561, 1.3692], [-66.8805, 1.2898], [-66.8573, 1.2279], [-67.0886, 1.1659], [-67.1009, 1.2601], [-67.156, 1.3171], [-67.0752, 1.3729], [-67.0789, 1.4733], [-67.1131, 1.5947], [-67.1437, 1.6047]]]}}, {"type": "Feature", "id": "94886", "properties": {"daneCode": "94886", "name": "Í", "dptoCode": "94", "dptoName": "Í"}, "geometry": {"type": "Polygon", "coordinates": [[[-67.5159, 3.1751], [-67.7068, 3.1317], [-67.7791, 3.1478], [-67.7901, 3.2321], [-67.8403, 3.2569], [-67.8464, 3.3895], [-67.7668, 3.4725], [-67.6579, 3.5358], [-67.5587, 3.6151], [-67.5379, 3.6746], [-67.582, 3.7527], [-67.5012, 3.7675], [-67.4388, 3.6399], [-67.4437, 3.5853], [-67.402, 3.48], [-67.3396, 3.4515], [-67.3127, 3.3945], [-67.3347, 3.335], [-67.5159, 3.1751]]]}}, {"type": "Feature", "id": "94887", "properties": {"daneCode": "94887", "name": "Í", "dptoCode": "94", "dptoName": "Í"}, "geometry": {"type": "Polygon", "coordinates": [[[-68.2173, 1.9653], [-68.2846, 1.8364], [-68.232, 1.8203], [-68.1635, 1.7274], [-68.8135, 1.7274], [-69.3937, 1.7261], [-69.5345, 1.7769], [-69.6447, 1.7298], [-69.7451, 1.7298], [-69.7806, 1.6951], [-69.8454, 1.7137], [-69.8687, 1.7187], [-70.0548, 1.7769], [-70.149, 1.8674], [-70.1637, 1.9195], [-70.0805, 1.9269], [-70.0621, 1.9827], [-69.9372, 2.0137], [-69.9177, 1.9951], [-69.7402, 1.9728], [-69.6716, 2.0001], [-69.5088, 2.2232], [-69.4868, 2.3298], [-69.4219, 2.3545], [-69.3803, 2.3099], [-69.2982, 2.3186], [-69.1881, 2.3632], [-69.1771, 2.3632], [-69.0595, 2.3273], [-68.9885, 2.3905], [-68.7988, 2.4252], [-68.7388, 2.3347], [-68.7817, 2.2727], [-68.8282, 2.2641], [-68.8502, 2.129], [-68.8233, 2.0806], [-68.7633, 2.1203], [-68.5638, 2.0645], [-68.3238, 2.0967], [-68.2712, 2.1773], [-68.2247, 2.1042], [-68.2553, 2.0224], [-68.2173, 1.9653]]]}}, {"type": "Feature", "id": "94888", "properties": {"daneCode": "94888", "name": "Í", "dptoCode": "94", "dptoName": "Í"}, "geometry": {"type": "Polygon", "coordinates": [[[-69.4182, 2.8677], [-69.3558, 2.771], [-69.1881, 2.3632], [-69.2982, 2.3186], [-69.3803, 2.3099], [-69.4219, 2.3545], [-69.4868, 2.3298], [-69.5088, 2.2232], [-69.6716, 2.0001], [-69.7402, 1.9728], [-69.9177, 1.9951], [-69.9372, 2.0137], [-70.0621, 1.9827], [-70.0805, 1.9269], [-70.1637, 1.9195], [-70.1148, 1.9988], [-70.1099, 2.0806], [-70.1013, 2.1178], [-69.996, 2.2244], [-70.0707, 2.2913], [-70.1894, 2.2318], [-70.2519, 2.2641], [-70.3106, 2.2083], [-70.4269, 2.2678], [-70.4967, 2.2343], [-70.5432, 2.2802], [-70.6301, 2.3124], [-70.635, 2.3483], [-70.5873, 2.4661], [-70.5848, 2.5293], [-70.4551, 2.476], [-70.3816, 2.6049], [-70.3131, 2.5653], [-70.2421, 2.595], [-70.0964, 2.5194], [-69.9985, 2.533], [-69.9985, 2.6917], [-69.876, 2.6966], [-69.7536, 2.7189], [-69.772, 2.7834], [-69.7132, 2.8615], [-69.5835, 2.8528], [-69.5186, 2.885], [-69.4182, 2.8677]]]}}, {"type": "Feature", "id": "99624", "properties": {"daneCode": "99624", "name": "Í", "dptoCode": "99", "dptoName": "Í"}, "geometry": {"type": "Polygon", "coordinates": [[[-70.6522, 5.3739], [-70.198, 4.8831], [-70.2457, 4.8273], [-70.3535, 4.748], [-70.4171, 4.7678], [-70.4771, 4.712], [-70.6448, 4.7727], [-70.6913, 4.8062], [-70.8003, 4.7839], [-70.8909, 4.8174], [-70.9998, 4.7492], [-71.0782, 4.7269], [-71.0782, 4.8992], [-71.0023, 4.9797], [-70.9741, 5.0801], [-70.9129, 5.1409], [-70.8652, 5.1433], [-70.6938, 5.2834], [-70.6522, 5.3739]]]}}, {"type": "Feature", "id": "99001", "properties": {"daneCode": "99001", "name": "Í", "dptoCode": "99", "dptoName": "Í"}, "geometry": {"type": "Polygon", "coordinates": [[[-67.8146, 5.3429], [-67.8513, 5.3776], [-67.9125, 5.3615], [-67.9456, 5.307], [-67.9945, 5.3665], [-68.0888, 5.3776], [-68.1867, 5.4359], [-68.3006, 5.4408], [-68.3263, 5.5016], [-68.4646, 5.5251], [-68.4768, 5.5623], [-68.6311, 5.5078], [-68.7498, 5.3925], [-68.8159, 5.4185], [-68.8135, 6.1733], [-68.6433, 6.1287], [-68.5968, 6.1634], [-68.3789, 6.1857], [-68.2957, 6.1659], [-68.2577, 6.1969], [-68.0937, 6.2316], [-68.0263, 6.1969], [-67.9247, 6.2403], [-67.8354, 6.3171], [-67.7693, 6.2948], [-67.615, 6.2874], [-67.5342, 6.2589], [-67.4571, 6.1895], [-67.4938, 6.1275], [-67.4118, 6.011], [-67.4179, 5.9825], [-67.5244, 5.9106], [-67.5893, 5.8387], [-67.6309, 5.7333], [-67.6371, 5.6453], [-67.5991, 5.5449], [-67.6248, 5.4768], [-67.8146, 5.3429]]]}}, {"type": "Feature", "id": "99524", "properties": {"daneCode": "99524", "name": "Í", "dptoCode": "99", "dptoName": "Í"}, "geometry": {"type": "Polygon", "coordinates": [[[-68.8135, 6.1733], [-68.8159, 5.4185], [-68.9004, 5.3528], [-69.024, 5.3256], [-69.095, 5.2698], [-69.1562, 5.1743], [-69.2701, 5.1917], [-69.395, 5.1719], [-69.4305, 5.0318], [-69.5125, 4.9835], [-69.5651, 4.9153], [-69.6643, 4.9153], [-69.7047, 4.8843], [-69.805, 4.893], [-69.8271, 4.9636], [-69.8895, 4.9636], [-70.0621, 4.9178], [-70.105, 4.8905], [-70.198, 4.8831], [-70.6522, 5.3739], [-70.6044, 5.4222], [-70.3584, 5.5871], [-70.2641, 5.5635], [-70.1527, 5.6007], [-70.0572, 5.7023], [-69.8479, 5.9986], [-69.8356, 6.0407], [-69.6141, 6.0358], [-69.5357, 6.0457], [-69.428, 6.1077], [-69.3448, 6.1448], [-69.3105, 6.0903], [-69.237, 6.0804], [-69.1232, 6.1919], [-69.0436, 6.2217], [-68.8759, 6.1671], [-68.8135, 6.1733]]]}}, {"type": "Feature", "id": "99773", "properties": {"daneCode": "99773", "name": "Í", "dptoCode": "99", "dptoName": "Í"}, "geometry": {"type": "Polygon", "coordinates": [[[-67.8146, 5.3429], [-67.8501, 5.3045], [-67.8231, 5.2475], [-67.855, 5.1384], [-67.806, 5.0553], [-67.8378, 4.9475], [-67.8182, 4.7071], [-67.8452, 4.6451], [-67.8574, 4.5249], [-67.7913, 4.4666], [-67.7644, 4.3612], [-67.806, 4.3154], [-67.7974, 4.2299], [-67.7338, 4.1233], [-67.7081, 4.0452], [-67.8195, 3.9795], [-67.8795, 3.9175], [-68.0435, 4.0117], [-68.232, 3.9733], [-68.314, 3.9782], [-68.3471, 3.9237], [-68.4205, 3.9262], [-68.4536, 3.8382], [-68.5735, 3.8109], [-68.5895, 3.7775], [-68.7094, 3.7675], [-68.7535, 3.7837], [-68.838, 3.6709], [-68.8514, 3.6994], [-69.0118, 3.682], [-69.0559, 3.6386], [-69.1281, 3.6733], [-69.3203, 3.6956], [-69.4243, 3.6671], [-69.5602, 3.6783], [-69.5786, 3.6039], [-69.6912, 3.5444], [-69.7757, 3.5655], [-69.8724, 3.5358], [-69.8736, 3.4329], [-69.9985, 3.3734], [-70.0535, 3.3969], [-70.1123, 3.3858], [-70.1576, 3.2817], [-70.1282, 3.2036], [-70.247, 3.1763], [-70.2837, 3.1292], [-70.2555, 3.0387], [-70.28, 2.9346], [-70.3559, 2.9036], [-70.351, 2.8602], [-70.5016, 2.7884], [-70.5836, 2.8404], [-70.7207, 2.7499], [-70.8223, 2.8131], [-70.9362, 2.7884], [-70.9594, 2.8429], [-71.0549, 2.8516], [-71.0769, 2.8826], [-71.0782, 3.356], [-71.0782, 3.9733], [-71.0782, 4.7269], [-70.9998, 4.7492], [-70.8909, 4.8174], [-70.8003, 4.7839], [-70.6913, 4.8062], [-70.6448, 4.7727], [-70.4771, 4.712], [-70.4171, 4.7678], [-70.3535, 4.748], [-70.2457, 4.8273], [-70.198, 4.8831], [-70.105, 4.8905], [-70.0621, 4.9178], [-69.8895, 4.9636], [-69.8271, 4.9636], [-69.805, 4.893], [-69.7047, 4.8843], [-69.6643, 4.9153], [-69.5651, 4.9153], [-69.5125, 4.9835], [-69.4305, 5.0318], [-69.395, 5.1719], [-69.2701, 5.1917], [-69.1562, 5.1743], [-69.095, 5.2698], [-69.024, 5.3256], [-68.9004, 5.3528], [-68.8159, 5.4185], [-68.7498, 5.3925], [-68.6311, 5.5078], [-68.4768, 5.5623], [-68.4646, 5.5251], [-68.3263, 5.5016], [-68.3006, 5.4408], [-68.1867, 5.4359], [-68.0888, 5.3776], [-67.9945, 5.3665], [-67.9456, 5.307], [-67.9125, 5.3615], [-67.8513, 5.3776], [-67.8146, 5.3429]]]}}, {"type": "Feature", "id": "85001", "properties": {"daneCode": "85001", "name": "Í", "dptoCode": "85", "dptoName": "Í"}, "geometry": {"type": "Polygon", "coordinates": [[[-72.3011, 5.5065], [-72.224, 5.5375], [-72.2007, 5.4297], [-72.0979, 5.3441], [-72.0832, 5.2586], [-71.9742, 5.0677], [-71.9816, 5.0194], [-72.0832, 4.9661], [-72.1554, 4.9041], [-72.3035, 5.0206], [-72.3378, 5.0677], [-72.4137, 5.2388], [-72.5043, 5.2772], [-72.5667, 5.3739], [-72.5839, 5.3826], [-72.5018, 5.4445], [-72.4443, 5.5201], [-72.3966, 5.5697], [-72.3011, 5.5065]]]}}, {"type": "Feature", "id": "85010", "properties": {"daneCode": "85010", "name": "Í", "dptoCode": "85", "dptoName": "Í"}, "geometry": {"type": "Polygon", "coordinates": [[[-72.3378, 5.0677], [-72.3403, 5.002], [-72.4847, 4.9897], [-72.4419, 4.9066], [-72.4468, 4.8546], [-72.5055, 4.8979], [-72.5569, 4.9773], [-72.672, 5.002], [-72.7234, 5.0504], [-72.7308, 5.1533], [-72.7565, 5.1843], [-72.7002, 5.2735], [-72.6194, 5.3516], [-72.5667, 5.3739], [-72.5043, 5.2772], [-72.4137, 5.2388], [-72.3378, 5.0677]]]}}, {"type": "Feature", "id": "85015", "properties": {"daneCode": "85015", "name": "Í", "dptoCode": "85", "dptoName": "Í"}, "geometry": {"type": "Polygon", "coordinates": [[[-72.7687, 5.1781], [-72.8103, 5.1285], [-72.8728, 5.157], [-72.9095, 5.1037], [-72.9731, 5.1458], [-72.9376, 5.2041], [-72.8972, 5.2599], [-72.8801, 5.3503], [-72.8116, 5.3776], [-72.7883, 5.3367], [-72.8336, 5.2152], [-72.7687, 5.1781]]]}}, {"type": "Feature", "id": "85136", "properties": {"daneCode": "85136", "name": "Í", "dptoCode": "85", "dptoName": "Í"}, "geometry": {"type": "Polygon", "coordinates": [[[-72.2729, 6.1312], [-72.3207, 6.0878], [-72.3623, 6.0754], [-72.4125, 6.1882], [-72.3966, 6.2725], [-72.339, 6.3456], [-72.3672, 6.3072], [-72.3439, 6.2266], [-72.2925, 6.2043], [-72.2729, 6.1312]]]}}, {"type": "Feature", "id": "85139", "properties": {"daneCode": "85139", "name": "Í", "dptoCode": "85", "dptoName": "Í"}, "geometry": {"type": "Polygon", "coordinates": [[[-72.3378, 5.0677], [-72.3035, 5.0206], [-72.1554, 4.9041], [-72.0869, 4.8818], [-71.9657, 4.7579], [-71.9094, 4.7219], [-71.8078, 4.6067], [-71.6694, 4.6091], [-71.7355, 4.5744], [-71.8139, 4.5744], [-71.8677, 4.505], [-71.9987, 4.3823], [-72.0734, 4.3922], [-72.1579, 4.4418], [-72.2582, 4.4183], [-72.3537, 4.4158], [-72.4896, 4.5335], [-72.541, 4.6401], [-72.5631, 4.8322], [-72.4468, 4.8546], [-72.4419, 4.9066], [-72.4847, 4.9897], [-72.3403, 5.002], [-72.3378, 5.0677]]]}}, {"type": "Feature", "id": "85162", "properties": {"daneCode": "85162", "name": "Í", "dptoCode": "85", "dptoName": "Í"}, "geometry": {"type": "Polygon", "coordinates": [[[-72.7589, 4.6414], [-72.7785, 4.6835], [-72.8569, 4.7194], [-72.9303, 4.7504], [-72.9891, 4.8459], [-72.9413, 4.9599], [-72.9756, 4.9748], [-72.9034, 5.0677], [-72.8862, 5.012], [-72.8275, 4.9959], [-72.8226, 4.945], [-72.7552, 4.8979], [-72.7112, 4.7604], [-72.7112, 4.6984], [-72.7589, 4.6414]]]}}, {"type": "Feature", "id": "85225", "properties": {"daneCode": "85225", "name": "Í", "dptoCode": "85", "dptoName": "Í"}, "geometry": {"type": "Polygon", "coordinates": [[[-72.1052, 5.7135], [-71.9522, 5.5474], [-71.8335, 5.416], [-72.0893, 5.3764], [-72.0979, 5.3441], [-72.2007, 5.4297], [-72.224, 5.5375], [-72.3011, 5.5065], [-72.2876, 5.6057], [-72.2484, 5.6962], [-72.2105, 5.7234], [-72.1052, 5.7135]]]}}, {"type": "Feature", "id": "85230", "properties": {"daneCode": "85230", "name": "Í", "dptoCode": "85", "dptoName": "Í"}, "geometry": {"type": "Polygon", "coordinates": [[[-70.9741, 5.0801], [-71.0023, 4.9797], [-71.0782, 4.8992], [-71.2116, 4.8174], [-71.3193, 4.769], [-71.5788, 4.6736], [-71.6694, 4.6091], [-71.8078, 4.6067], [-71.9094, 4.7219], [-71.9657, 4.7579], [-72.0869, 4.8818], [-72.1554, 4.9041], [-72.0832, 4.9661], [-71.9816, 5.0194], [-71.9742, 5.0677], [-71.9559, 5.1285], [-71.8249, 5.1111], [-71.7037, 5.0739], [-71.6547, 5.1595], [-71.5225, 5.2115], [-71.427, 5.1805], [-71.3132, 5.1161], [-71.2128, 5.0058], [-71.1455, 5.0318], [-71.0414, 5.0132], [-70.9741, 5.0801]]]}}, {"type": "Feature", "id": "85263", "properties": {"daneCode": "85263", "name": "Í", "dptoCode": "85", "dptoName": "Í"}, "geometry": {"type": "Polygon", "coordinates": [[[-71.6596, 5.5561], [-71.7514, 5.5375], [-71.9057, 5.5375], [-71.9522, 5.5474], [-72.1052, 5.7135], [-72.1015, 5.7842], [-72.0489, 5.8375], [-71.9706, 5.8003], [-71.8837, 5.7098], [-71.7331, 5.6354], [-71.6596, 5.5561]]]}}, {"type": "Feature", "id": "85279", "properties": {"daneCode": "85279", "name": "Í", "dptoCode": "85", "dptoName": "Í"}, "geometry": {"type": "Polygon", "coordinates": [[[-72.7002, 5.2735], [-72.7565, 5.1843], [-72.7687, 5.1781], [-72.8336, 5.2152], [-72.7883, 5.3367], [-72.8116, 5.3776], [-72.7002, 5.2735]]]}}, {"type": "Feature", "id": "85300", "properties": {"daneCode": "85300", "name": "Í", "dptoCode": "85", "dptoName": "Í"}, "geometry": {"type": "Polygon", "coordinates": [[[-72.9756, 4.9748], [-72.9413, 4.9599], [-72.9891, 4.8459], [-72.9303, 4.7504], [-72.8569, 4.7194], [-72.9842, 4.6612], [-73.0405, 4.6773], [-73.0527, 4.7368], [-73.0772, 4.8124], [-73.0417, 4.8793], [-73.0307, 4.9822], [-72.9756, 4.9748]]]}}, {"type": "Feature", "id": "85315", "properties": {"daneCode": "85315", "name": "Í", "dptoCode": "85", "dptoName": "Í"}, "geometry": {"type": "Polygon", "coordinates": [[[-72.0612, 6.1176], [-72.0257, 6.0494], [-72.093, 6.0048], [-72.1958, 5.98], [-72.2509, 6.032], [-72.3427, 6.0011], [-72.3207, 6.0878], [-72.2729, 6.1312], [-72.1383, 6.0668], [-72.0612, 6.1176]]]}}, {"type": "Feature", "id": "85325", "properties": {"daneCode": "85325", "name": "Í", "dptoCode": "85", "dptoName": "Í"}, "geometry": {"type": "Polygon", "coordinates": [[[-71.9057, 5.5375], [-71.8273, 5.4706], [-71.667, 5.4136], [-71.5323, 5.3231], [-71.454, 5.3144], [-71.3732, 5.2586], [-71.2263, 5.2574], [-71.1026, 5.1966], [-70.9655, 5.2004], [-70.9129, 5.1409], [-70.9741, 5.0801], [-71.0414, 5.0132], [-71.1455, 5.0318], [-71.2128, 5.0058], [-71.3132, 5.1161], [-71.427, 5.1805], [-71.5225, 5.2115], [-71.6547, 5.1595], [-71.7037, 5.0739], [-71.8249, 5.1111], [-71.9559, 5.1285], [-71.9742, 5.0677], [-72.0832, 5.2586], [-72.0979, 5.3441], [-72.0893, 5.3764], [-71.8335, 5.416], [-71.9522, 5.5474], [-71.9057, 5.5375]]]}}, {"type": "Feature", "id": "85400", "properties": {"daneCode": "85400", "name": "Í", "dptoCode": "85", "dptoName": "Í"}, "geometry": {"type": "Polygon", "coordinates": [[[-72.0257, 6.0494], [-72.0097, 5.9552], [-72.0489, 5.8375], [-72.1015, 5.7842], [-72.1052, 5.7135], [-72.2105, 5.7234], [-72.2484, 5.6962], [-72.2974, 5.7544], [-72.3097, 5.7941], [-72.4614, 5.8474], [-72.4162, 5.9044], [-72.3403, 5.892], [-72.3427, 6.0011], [-72.2509, 6.032], [-72.1958, 5.98], [-72.093, 6.0048], [-72.0257, 6.0494]]]}}, {"type": "Feature", "id": "85410", "properties": {"daneCode": "85410", "name": "Í", "dptoCode": "85", "dptoName": "Í"}, "geometry": {"type": "Polygon", "coordinates": [[[-72.7565, 5.1843], [-72.7308, 5.1533], [-72.7234, 5.0504], [-72.672, 5.002], [-72.5569, 4.9773], [-72.5055, 4.8979], [-72.4468, 4.8546], [-72.5631, 4.8322], [-72.541, 4.6401], [-72.4896, 4.5335], [-72.3537, 4.4158], [-72.2582, 4.4183], [-72.3035, 4.4071], [-72.4051, 4.3179], [-72.5545, 4.3365], [-72.6169, 4.3104], [-72.6598, 4.329], [-72.6659, 4.4158], [-72.7516, 4.5013], [-72.7589, 4.6414], [-72.7112, 4.6984], [-72.7112, 4.7604], [-72.7552, 4.8979], [-72.8226, 4.945], [-72.8275, 4.9959], [-72.8862, 5.012], [-72.9034, 5.0677], [-72.9095, 5.1037], [-72.8728, 5.157], [-72.8103, 5.1285], [-72.7687, 5.1781], [-72.7565, 5.1843]]]}}, {"type": "Feature", "id": "85430", "properties": {"daneCode": "85430", "name": "Í", "dptoCode": "85", "dptoName": "Í"}, "geometry": {"type": "Polygon", "coordinates": [[[-71.6596, 5.5561], [-71.5617, 5.54], [-71.476, 5.4966], [-71.3964, 5.504], [-71.3242, 5.4607], [-71.2471, 5.4458], [-71.0561, 5.452], [-71.0121, 5.416], [-70.9239, 5.452], [-70.8052, 5.4284], [-70.6485, 5.4619], [-70.6044, 5.4222], [-70.6522, 5.3739], [-70.6938, 5.2834], [-70.8652, 5.1433], [-70.9129, 5.1409], [-70.9655, 5.2004], [-71.1026, 5.1966], [-71.2263, 5.2574], [-71.3732, 5.2586], [-71.454, 5.3144], [-71.5323, 5.3231], [-71.667, 5.4136], [-71.8273, 5.4706], [-71.9057, 5.5375], [-71.7514, 5.5375], [-71.6596, 5.5561]]]}}, {"type": "Feature", "id": "85440", "properties": {"daneCode": "85440", "name": "Í", "dptoCode": "85", "dptoName": "Í"}, "geometry": {"type": "Polygon", "coordinates": [[[-72.7589, 4.6414], [-72.7516, 4.5013], [-72.6659, 4.4158], [-72.6598, 4.329], [-72.6169, 4.3104], [-72.7393, 4.3092], [-72.7932, 4.3997], [-72.8434, 4.4331], [-72.8972, 4.4753], [-72.9682, 4.5992], [-73.0405, 4.6773], [-72.9842, 4.6612], [-72.8569, 4.7194], [-72.7785, 4.6835], [-72.7589, 4.6414]]]}}, {"type": "Feature", "id": "85125", "properties": {"daneCode": "85125", "name": "Í", "dptoCode": "85", "dptoName": "Í"}, "geometry": {"type": "Polygon", "coordinates": [[[-69.892, 6.0544], [-70.018, 6.0581], [-70.1148, 6.1139], [-70.2959, 6.1039], [-70.3241, 6.1275], [-70.4024, 6.0668], [-70.5371, 6.0668], [-70.5909, 6.1077], [-70.6852, 6.0891], [-70.7329, 6.1213], [-70.8113, 6.0606], [-70.9264, 6.037], [-71.2104, 6.0568], [-71.2875, 6.032], [-71.3903, 5.9255], [-71.5801, 5.8523], [-71.7025, 5.8201], [-71.8053, 5.8969], [-71.9204, 5.9267], [-71.9706, 6.0197], [-72.0257, 6.0494], [-72.0612, 6.1176], [-71.9608, 6.1671], [-71.88, 6.1597], [-71.7771, 6.1932], [-71.667, 6.1919], [-71.5335, 6.2142], [-71.4882, 6.2019], [-71.4172, 6.2428], [-71.345, 6.2316], [-71.2251, 6.2948], [-71.1418, 6.2651], [-71.0965, 6.2775], [-70.9839, 6.2291], [-70.7868, 6.2514], [-70.7195, 6.2204], [-70.5567, 6.2452], [-70.531, 6.2304], [-70.3804, 6.3023], [-70.3131, 6.2799], [-70.1992, 6.2948], [-70.1209, 6.2576], [-70.0303, 6.1622], [-69.9825, 6.1585], [-69.8993, 6.0965], [-69.892, 6.0544]]]}}, {"type": "Feature", "id": "85250", "properties": {"daneCode": "85250", "name": "Í", "dptoCode": "85", "dptoName": "Í"}, "geometry": {"type": "Polygon", "coordinates": [[[-69.892, 6.0544], [-69.8356, 6.0407], [-69.8479, 5.9986], [-70.0572, 5.7023], [-70.1527, 5.6007], [-70.2641, 5.5635], [-70.3584, 5.5871], [-70.6044, 5.4222], [-70.6485, 5.4619], [-70.8052, 5.4284], [-70.9239, 5.452], [-71.0121, 5.416], [-71.0561, 5.452], [-71.2471, 5.4458], [-71.3242, 5.4607], [-71.3964, 5.504], [-71.476, 5.4966], [-71.5617, 5.54], [-71.6596, 5.5561], [-71.7331, 5.6354], [-71.8837, 5.7098], [-71.9706, 5.8003], [-72.0489, 5.8375], [-72.0097, 5.9552], [-72.0257, 6.0494], [-71.9706, 6.0197], [-71.9204, 5.9267], [-71.8053, 5.8969], [-71.7025, 5.8201], [-71.5801, 5.8523], [-71.3903, 5.9255], [-71.2875, 6.032], [-71.2104, 6.0568], [-70.9264, 6.037], [-70.8113, 6.0606], [-70.7329, 6.1213], [-70.6852, 6.0891], [-70.5909, 6.1077], [-70.5371, 6.0668], [-70.4024, 6.0668], [-70.3241, 6.1275], [-70.2959, 6.1039], [-70.1148, 6.1139], [-70.018, 6.0581], [-69.892, 6.0544]]]}}, {"type": "Feature", "id": "91001", "properties": {"daneCode": "91001", "name": "Í", "dptoCode": "91", "dptoName": "Í"}, "geometry": {"type": "Polygon", "coordinates": [[[-69.7145, -3.0024], [-69.8491, -3.7511], [-69.9336, -4.2196], [-69.9825, -4.1899], [-70.089, -4.0647], [-70.1772, -4.0349], [-70.1833, -3.9283], [-70.2482, -3.8949], [-70.3082, -3.8118], [-70.3069, -3.7511], [-70.3657, -3.6904], [-70.3351, -3.197], [-70.1686, -3.1797], [-70.1111, -3.0966], [-69.9801, -3.0024], [-69.7145, -3.0024]]]}}, {"type": "Feature", "id": "91263", "properties": {"daneCode": "91263", "name": "Í", "dptoCode": "91", "dptoName": "Í"}, "geometry": {"type": "Polygon", "coordinates": [[[-72.9964, -1.5027], [-72.6891, -1.5027], [-72.6855, -1.5709], [-72.6047, -1.6502], [-72.5704, -1.7146], [-72.5251, -1.6824], [-72.4774, -1.7382], [-72.5031, -1.7754], [-72.4529, -1.8448], [-72.2827, -1.913], [-72.2693, -2.0233], [-72.1995, -2.0964], [-72.0832, -2.1063], [-72.093, -2.1844], [-71.995, -2.1423], [-71.9302, -2.1869], [-71.8053, -2.1497], [-71.7686, -2.1807], [-71.8335, -2.1968], [-71.9155, -2.3678], [-72.0159, -2.3691], [-72.0489, -2.3393], [-72.1211, -2.405], [-72.366, -2.493], [-72.4002, -2.4348], [-72.5251, -2.4224], [-72.6316, -2.3592], [-72.6928, -2.4521], [-72.7626, -2.4001], [-72.9058, -2.4447], [-72.9829, -2.3443], [-73.0539, -2.3666], [-73.1568, -2.26], [-73.0943, -2.0443], [-73.1213, -2.0158], [-73.109, -1.8844], [-73.1568, -1.8535], [-73.2094, -1.758], [-73.3355, -1.8039], [-73.5069, -1.732], [-73.5412, -1.6985], [-73.5057, -1.6192], [-73.4922, -1.5027], [-72.9964, -1.5027]]]}}, {"type": "Feature", "id": "91405", "properties": {"daneCode": "91405", "name": "Í", "dptoCode": "91", "dptoName": "Í"}, "geometry": {"type": "Polygon", "coordinates": [[[-72.9964, -0.5334], [-72.7822, -1.0069], [-72.7834, -1.1185], [-72.7503, -1.147], [-72.65, -1.1618], [-72.5961, -1.1321], [-72.5447, -1.1767], [-72.4749, -1.1569], [-72.3941, -1.2164], [-72.268, -1.2089], [-72.2227, -1.2536], [-72.1774, -1.2213], [-72.0771, -1.3093], [-72.0783, -1.3663], [-72.0428, -1.468], [-71.9902, -1.5337], [-71.995, -2.1423], [-72.093, -2.1844], [-72.0832, -2.1063], [-72.1995, -2.0964], [-72.2693, -2.0233], [-72.2827, -1.913], [-72.4529, -1.8448], [-72.5031, -1.7754], [-72.4774, -1.7382], [-72.5251, -1.6824], [-72.5704, -1.7146], [-72.6047, -1.6502], [-72.6855, -1.5709], [-72.6891, -1.5027], [-72.9964, -1.5027], [-73.393, -0.9846], [-73.8411, -0.3983], [-73.677, -0.4219], [-73.5803, -0.4553], [-73.5705, -0.5161], [-73.4885, -0.5285], [-73.3355, -0.5062], [-73.2094, -0.6239], [-73.1127, -0.6041], [-72.9964, -0.5334]]]}}, {"type": "Feature", "id": "91407", "properties": {"daneCode": "91407", "name": "Í", "dptoCode": "91", "dptoName": "Í"}, "geometry": {"type": "Polygon", "coordinates": [[[-70.2555, -0.433], [-70.2445, -0.4702], [-70.3204, -0.5495], [-70.2641, -0.5818], [-70.2519, -0.7454], [-70.291, -0.8073], [-70.2249, -0.8953], [-70.302, -0.9784], [-70.2384, -1.0205], [-70.1784, -1.0999], [-70.127, -1.1098], [-70.0793, -1.0354], [-70.1405, -0.9995], [-70.1013, -0.9536], [-70.045, -0.9796], [-69.9605, -0.9685], [-69.936, -1.0961], [-69.8687, -1.0738], [-69.8393, -1.028], [-69.7047, -1.0478], [-69.6802, -1.2027], [-69.592, -1.1457], [-69.5663, -1.1916], [-69.4819, -1.2139], [-69.4329, -1.0689], [-69.3962, -1.137], [-69.4292, -1.235], [-69.3986, -1.3663], [-69.428, -1.3874], [-69.5345, -2.0022], [-70.4967, -2.0034], [-70.4967, -1.4767], [-70.4967, -0.9598], [-70.4967, -0.3859], [-70.4367, -0.4776], [-70.2555, -0.433]]]}}, {"type": "Feature", "id": "91430", "properties": {"daneCode": "91430", "name": "Í", "dptoCode": "91", "dptoName": "Í"}, "geometry": {"type": "Polygon", "coordinates": [[[-70.8431, -0.3326], [-70.8982, -0.3487], [-71.0072, -0.2905], [-71.0855, -0.3004], [-71.1724, -0.2508], [-71.2593, -0.1665], [-71.2728, -0.0463], [-71.3928, -0.0426], [-71.4368, 0.007], [-71.2716, 0.0355], [-71.2544, 0.059], [-71.1847, 0.0975], [-71.1369, 0.007], [-70.9986, -0.0029], [-70.9276, -0.0513], [-70.897, -0.1033], [-70.9447, -0.1591], [-70.8847, -0.2112], [-70.8431, -0.3326]]]}}, {"type": "Feature", "id": "91460", "properties": {"daneCode": "91460", "name": "Í", "dptoCode": "91", "dptoName": "Í"}, "geometry": {"type": "Polygon", "coordinates": [[[-71.4368, 0.007], [-71.3928, -0.0426], [-71.2728, -0.0463], [-71.2593, -0.1665], [-71.1724, -0.2508], [-71.0855, -0.3004], [-71.0072, -0.2905], [-70.8982, -0.3487], [-70.8431, -0.3326], [-70.7709, -0.3351], [-70.7391, -0.2868], [-70.6656, -0.35], [-70.6375, -0.3202], [-70.564, -0.3698], [-70.4967, -0.3859], [-70.4967, -0.9598], [-70.4967, -1.4767], [-70.5457, -1.4729], [-70.5909, -1.4184], [-70.6742, -1.4519], [-70.7281, -1.4283], [-70.777, -1.3998], [-70.837, -1.2895], [-70.9056, -1.2511], [-70.9949, -1.2498], [-71.0794, -1.1147], [-71.1736, -1.054], [-71.3475, -1.0478], [-71.394, -1.1123], [-71.4785, -1.1556], [-71.5605, -1.1296], [-71.5788, -1.0602], [-71.5397, -0.9858], [-71.5752, -0.9375], [-71.7404, -0.9685], [-71.8041, -0.9177], [-71.8102, -0.8383], [-71.9118, -0.7565], [-71.9963, -0.7838], [-71.9963, -0.2769], [-71.7894, -0.2707], [-71.711, -0.2322], [-71.7368, -0.1641], [-71.7049, -0.0674], [-71.5495, 0.0219], [-71.4748, -0.0116], [-71.4368, 0.007]]]}}, {"type": "Feature", "id": "91530", "properties": {"daneCode": "91530", "name": "Í", "dptoCode": "91", "dptoName": "Í"}, "geometry": {"type": "Polygon", "coordinates": [[[-72.9964, -1.5027], [-73.4922, -1.5027], [-73.5828, -1.3763], [-73.6317, -1.2721], [-73.6832, -1.2412], [-73.7737, -1.2622], [-73.8692, -1.225], [-73.9047, -1.1284], [-73.9696, -1.1259], [-74.0271, -1.0652], [-74.2744, -0.9796], [-74.2671, -0.8272], [-74.3148, -0.7677], [-74.3785, -0.64], [-74.3895, -0.5533], [-73.8411, -0.3983], [-73.393, -0.9846], [-72.9964, -1.5027]]]}}, {"type": "Feature", "id": "91536", "properties": {"daneCode": "91536", "name": "Í", "dptoCode": "91", "dptoName": "Í"}, "geometry": {"type": "Polygon", "coordinates": [[[-70.7281, -1.4283], [-70.6742, -1.4519], [-70.5909, -1.4184], [-70.5457, -1.4729], [-70.4967, -1.4767], [-70.4967, -2.0034], [-70.4955, -2.4769], [-70.6289, -2.4794], [-70.6632, -2.3592], [-70.8407, -2.291], [-70.8688, -2.2278], [-70.9362, -2.2575], [-70.9815, -2.2141], [-71.0365, -2.2761], [-71.132, -2.2885], [-71.1271, -2.3381], [-71.1932, -2.3827], [-71.23, -2.348], [-71.3169, -2.3802], [-71.3989, -2.3592], [-71.4503, -2.2848], [-71.6082, -2.2377], [-71.629, -2.2104], [-71.7319, -2.2253], [-71.7686, -2.1807], [-71.8053, -2.1497], [-71.9302, -2.1869], [-71.995, -2.1423], [-71.9902, -1.5337], [-71.9608, -1.5138], [-71.8445, -1.5609], [-71.7967, -1.6688], [-71.7049, -1.7184], [-71.6449, -1.851], [-71.4931, -1.8274], [-71.4258, -1.727], [-71.4087, -1.6465], [-71.3597, -1.6118], [-71.3389, -1.4643], [-71.2055, -1.4531], [-71.2251, -1.3924], [-70.9888, -1.3986], [-70.9508, -1.4221], [-70.8333, -1.4097], [-70.7281, -1.4283]]]}}, {"type": "Feature", "id": "91540", "properties": {"daneCode": "91540", "name": "Í", "dptoCode": "91", "dptoName": "Í"}, "geometry": {"type": "Polygon", "coordinates": [[[-70.3082, -3.8118], [-70.3547, -3.8007], [-70.4857, -3.8763], [-70.564, -3.8242], [-70.6534, -3.8292], [-70.7134, -3.7957], [-70.3351, -3.197], [-70.3657, -3.6904], [-70.3069, -3.7511], [-70.3082, -3.8118]]]}}, {"type": "Feature", "id": "91669", "properties": {"daneCode": "91669", "name": "Í", "dptoCode": "91", "dptoName": "Í"}, "geometry": {"type": "Polygon", "coordinates": [[[-70.7281, -1.4283], [-70.8333, -1.4097], [-70.9508, -1.4221], [-70.9888, -1.3986], [-71.2251, -1.3924], [-71.2055, -1.4531], [-71.3389, -1.4643], [-71.3597, -1.6118], [-71.4087, -1.6465], [-71.4258, -1.727], [-71.4931, -1.8274], [-71.6449, -1.851], [-71.7049, -1.7184], [-71.7967, -1.6688], [-71.8445, -1.5609], [-71.9608, -1.5138], [-71.9902, -1.5337], [-72.0428, -1.468], [-72.0783, -1.3663], [-72.0771, -1.3093], [-72.1774, -1.2213], [-72.2227, -1.2536], [-72.268, -1.2089], [-72.3941, -1.2164], [-72.4749, -1.1569], [-72.5447, -1.1767], [-72.5961, -1.1321], [-72.65, -1.1618], [-72.7503, -1.147], [-72.7834, -1.1185], [-72.7822, -1.0069], [-72.9964, -0.5334], [-72.9376, -0.6053], [-72.8777, -0.6177], [-72.7455, -0.5607], [-72.5924, -0.6933], [-72.5386, -0.6772], [-72.4333, -0.5669], [-72.317, -0.6524], [-72.2423, -0.6053], [-72.2301, -0.4925], [-72.1836, -0.4615], [-72.1432, -0.3475], [-72.0624, -0.3252], [-71.9963, -0.2769], [-71.9963, -0.7838], [-71.9118, -0.7565], [-71.8102, -0.8383], [-71.8041, -0.9177], [-71.7404, -0.9685], [-71.5752, -0.9375], [-71.5397, -0.9858], [-71.5788, -1.0602], [-71.5605, -1.1296], [-71.4785, -1.1556], [-71.394, -1.1123], [-71.3475, -1.0478], [-71.1736, -1.054], [-71.0794, -1.1147], [-70.9949, -1.2498], [-70.9056, -1.2511], [-70.837, -1.2895], [-70.777, -1.3998], [-70.7281, -1.4283]]]}}, {"type": "Feature", "id": "91798", "properties": {"daneCode": "91798", "name": "Í", "dptoCode": "91", "dptoName": "Í"}, "geometry": {"type": "Polygon", "coordinates": [[[-69.7145, -3.0024], [-69.9801, -3.0024], [-70.1111, -3.0966], [-70.1686, -3.1797], [-70.3351, -3.197], [-70.0609, -2.7595], [-70.0756, -2.6641], [-70.2188, -2.6566], [-70.2604, -2.555], [-70.3743, -2.498], [-70.4392, -2.5265], [-70.4955, -2.4769], [-70.4967, -2.0034], [-69.5345, -2.0022], [-69.7145, -3.0024]]]}}, {"type": "Feature", "id": "97001", "properties": {"daneCode": "97001", "name": "Í", "dptoCode": "97", "dptoName": "Í"}, "geometry": {"type": "Polygon", "coordinates": [[[-69.8687, 1.7187], [-69.8454, 1.7137], [-69.8467, 1.0779], [-69.8148, 1.0643], [-69.9164, 1.001], [-70.0144, 0.8647], [-70.116, 0.8275], [-70.0389, 0.566], [-70.0474, 0.2598], [-70.1294, 0.183], [-70.2115, 0.1582], [-70.2604, 0.2326], [-70.3314, 0.2549], [-70.3657, 0.3466], [-70.5714, 0.3478], [-70.6154, 0.3776], [-70.602, 0.4991], [-70.6485, 0.6044], [-70.8284, 0.4024], [-70.8933, 0.5424], [-70.9508, 0.4532], [-70.9937, 0.566], [-71.0365, 0.5722], [-71.1186, 0.7891], [-71.0194, 0.8808], [-70.9937, 1.1535], [-70.8431, 1.3407], [-70.4538, 1.7906], [-70.3669, 1.7534], [-70.2739, 1.7497], [-70.1294, 1.6592], [-69.9556, 1.6629], [-69.8687, 1.7187]]]}}, {"type": "Feature", "id": "97161", "properties": {"daneCode": "97161", "name": "Í", "dptoCode": "97", "dptoName": "Í"}, "geometry": {"type": "Polygon", "coordinates": [[[-71.2532, 1.6704], [-71.2593, 1.6158], [-70.9937, 1.1535], [-71.0194, 0.8808], [-71.1186, 0.7891], [-71.0365, 0.5722], [-71.1565, 0.5759], [-71.1981, 0.6044], [-71.3316, 0.5809], [-71.4172, 0.6416], [-71.4809, 0.5957], [-71.8029, 0.8882], [-71.7404, 0.9849], [-71.6413, 0.9948], [-71.5739, 1.0816], [-71.547, 1.27], [-71.4552, 1.4646], [-71.4381, 1.5464], [-71.3903, 1.5985], [-71.3928, 1.736], [-71.2532, 1.6704]]]}}, {"type": "Feature", "id": "97511", "properties": {"daneCode": "97511", "name": "Í", "dptoCode": "97", "dptoName": "Í"}, "geometry": {"type": "Polygon", "coordinates": [[[-71.0365, 0.5722], [-70.9937, 0.566], [-70.9508, 0.4532], [-70.8933, 0.5424], [-70.8284, 0.4024], [-70.6485, 0.6044], [-70.602, 0.4991], [-70.6154, 0.3776], [-70.5714, 0.3478], [-70.3657, 0.3466], [-70.3314, 0.2549], [-70.2604, 0.2326], [-70.2115, 0.1582], [-70.1294, 0.183], [-70.0474, 0.2598], [-70.0462, -0.1157], [-70.1515, -0.2223], [-70.1294, -0.2892], [-70.2139, -0.319], [-70.2555, -0.433], [-70.4367, -0.4776], [-70.4967, -0.3859], [-70.564, -0.3698], [-70.6375, -0.3202], [-70.6656, -0.35], [-70.7391, -0.2868], [-70.7709, -0.3351], [-70.8431, -0.3326], [-70.8847, -0.2112], [-70.9447, -0.1591], [-70.897, -0.1033], [-70.9276, -0.0513], [-70.9986, -0.0029], [-71.1369, 0.007], [-71.1847, 0.0975], [-71.2544, 0.059], [-71.2973, 0.0752], [-71.3352, 0.1545], [-71.3744, 0.1743], [-71.4491, 0.1396], [-71.5837, 0.1632], [-71.6266, 0.2165], [-71.6976, 0.2375], [-71.7698, 0.328], [-71.8322, 0.3392], [-71.8567, 0.4557], [-71.9216, 0.4594], [-71.9289, 0.5437], [-71.9902, 0.566], [-71.9816, 0.6292], [-72.033, 0.6639], [-71.8029, 0.8882], [-71.4809, 0.5957], [-71.4172, 0.6416], [-71.3316, 0.5809], [-71.1981, 0.6044], [-71.1565, 0.5759], [-71.0365, 0.5722]]]}}, {"type": "Feature", "id": "97666", "properties": {"daneCode": "97666", "name": "Í", "dptoCode": "97", "dptoName": "Í"}, "geometry": {"type": "Polygon", "coordinates": [[[-69.4329, -1.0689], [-69.4819, -1.2139], [-69.5663, -1.1916], [-69.592, -1.1457], [-69.6802, -1.2027], [-69.7047, -1.0478], [-69.8393, -1.028], [-69.8687, -1.0738], [-69.936, -1.0961], [-69.9605, -0.9685], [-70.045, -0.9796], [-70.1013, -0.9536], [-70.1405, -0.9995], [-70.0793, -1.0354], [-70.127, -1.1098], [-70.1784, -1.0999], [-70.2384, -1.0205], [-70.302, -0.9784], [-70.2249, -0.8953], [-70.291, -0.8073], [-70.2519, -0.7454], [-70.2641, -0.5818], [-70.3204, -0.5495], [-70.2445, -0.4702], [-70.2555, -0.433], [-70.2139, -0.319], [-70.1294, -0.2892], [-70.1515, -0.2223], [-70.0462, -0.1157], [-70.0658, -0.1641], [-69.9017, -0.3376], [-69.8295, -0.3624], [-69.7096, -0.4541], [-69.6116, -0.5], [-69.6018, -0.5966], [-69.5725, -0.6326], [-69.6116, -0.7664], [-69.5259, -0.8693], [-69.5284, -0.9189], [-69.4305, -1.0156], [-69.4329, -1.0689]]]}}, {"type": "Feature", "id": "97777", "properties": {"daneCode": "97777", "name": "Í", "dptoCode": "97", "dptoName": "Í"}, "geometry": {"type": "Polygon", "coordinates": [[[-70.1099, 2.0806], [-70.1148, 1.9988], [-70.1637, 1.9195], [-70.149, 1.8674], [-70.0548, 1.7769], [-69.8687, 1.7187], [-69.9556, 1.6629], [-70.1294, 1.6592], [-70.2739, 1.7497], [-70.3669, 1.7534], [-70.4538, 1.7906], [-70.8431, 1.3407], [-70.9937, 1.1535], [-71.2593, 1.6158], [-71.2532, 1.6704], [-71.1651, 1.7559], [-70.9888, 1.824], [-70.8945, 1.9195], [-70.7048, 1.9071], [-70.4869, 1.9492], [-70.4416, 1.9939], [-70.2298, 2.0348], [-70.1882, 2.0236], [-70.1099, 2.0806]]]}}, {"type": "Feature", "id": "97889", "properties": {"daneCode": "97889", "name": "Í", "dptoCode": "97", "dptoName": "Í"}, "geometry": {"type": "Polygon", "coordinates": [[[-70.0389, 0.566], [-70.116, 0.8275], [-70.0144, 0.8647], [-69.9164, 1.001], [-69.8148, 1.0643], [-69.7451, 1.1138], [-69.6741, 1.0705], [-69.3815, 1.0742], [-69.3215, 1.0878], [-69.1991, 0.9961], [-69.1403, 0.6899], [-69.1991, 0.6156], [-69.2725, 0.6019], [-69.2982, 0.649], [-69.3582, 0.6168], [-69.4341, 0.7122], [-69.4819, 0.7358], [-69.6337, 0.6366], [-69.6875, 0.6639], [-69.723, 0.6156], [-69.936, 0.5536], [-70.0389, 0.566]]]}}, {"type": "Feature", "id": "95001", "properties": {"daneCode": "95001", "name": "Í", "dptoCode": "95", "dptoName": "Í"}, "geometry": {"type": "Polygon", "coordinates": [[[-71.0769, 2.8826], [-71.0549, 2.8516], [-70.9594, 2.8429], [-70.9362, 2.7884], [-70.8223, 2.8131], [-70.7207, 2.7499], [-70.5836, 2.8404], [-70.5016, 2.7884], [-70.9423, 2.6062], [-70.9166, 2.5603], [-70.848, 2.5677], [-70.766, 2.5392], [-70.7072, 2.4723], [-70.635, 2.3483], [-70.6301, 2.3124], [-70.5432, 2.2802], [-70.635, 2.2294], [-70.8468, 2.1761], [-71.0145, 2.217], [-71.0965, 2.2182], [-71.1736, 2.186], [-71.263, 2.2789], [-71.2495, 2.3446], [-71.3597, 2.2913], [-71.4527, 2.217], [-71.525, 2.2256], [-71.5531, 2.1178], [-71.6143, 2.1525], [-71.6584, 2.2393], [-71.7245, 2.2368], [-71.7906, 2.2851], [-71.8347, 2.2294], [-71.9032, 2.2021], [-71.9791, 2.2715], [-72.0538, 2.2963], [-72.1015, 2.3434], [-72.2325, 2.3682], [-72.4725, 2.3731], [-72.4872, 2.393], [-72.6316, 2.4252], [-72.7491, 2.4314], [-72.7981, 2.295], [-72.9425, 2.2554], [-72.9903, 2.1562], [-73.0429, 2.0608], [-73.1102, 2.0224], [-73.1494, 2.0695], [-73.2865, 2.0236], [-73.3086, 2.0546], [-73.4138, 2.0682], [-73.5044, 2.031], [-73.5656, 2.0645], [-73.6611, 2.062], [-73.6611, 2.2938], [-73.6317, 2.3533], [-73.5142, 2.3496], [-73.4469, 2.3855], [-73.3906, 2.3521], [-73.2988, 2.3359], [-73.24, 2.3892], [-73.1531, 2.3669], [-73.0699, 2.4252], [-73.0123, 2.4339], [-72.9413, 2.5243], [-72.9217, 2.5603], [-72.8165, 2.6148], [-72.7357, 2.5714], [-72.7002, 2.6198], [-72.5998, 2.6148], [-72.5631, 2.6818], [-72.4859, 2.6855], [-72.4357, 2.74], [-72.2521, 2.8231], [-72.2044, 2.859], [-72.1126, 2.8751], [-72.0465, 2.8181], [-71.8579, 2.8429], [-71.7416, 2.8838], [-71.6523, 2.8206], [-71.4687, 2.8937], [-71.3891, 2.8454], [-71.3291, 2.8925], [-71.2777, 2.8677], [-71.0769, 2.8826]]]}}, {"type": "Feature", "id": "95015", "properties": {"daneCode": "95015", "name": "Í", "dptoCode": "95", "dptoName": "Í"}, "geometry": {"type": "Polygon", "coordinates": [[[-72.4357, 1.855], [-72.3647, 1.7831], [-72.4064, 1.741], [-72.4002, 1.6146], [-72.3243, 1.5997], [-72.295, 1.5315], [-72.3647, 1.5105], [-72.4002, 1.4386], [-72.5239, 1.4448], [-72.5777, 1.4857], [-72.7259, 1.1857], [-72.8703, 1.1461], [-72.8569, 1.0432], [-73.0454, 0.9056], [-73.0784, 0.8944], [-73.2168, 0.9973], [-73.2388, 1.032], [-73.322, 1.0804], [-73.393, 1.1473], [-73.4138, 1.2452], [-73.4763, 1.3617], [-73.6587, 1.5762], [-73.6599, 1.6121], [-73.6611, 2.062], [-73.5656, 2.0645], [-73.5044, 2.031], [-73.4138, 2.0682], [-73.3086, 2.0546], [-73.2865, 2.0236], [-73.1494, 2.0695], [-73.1102, 2.0224], [-73.0429, 2.0608], [-72.9903, 2.1562], [-72.852, 2.1909], [-72.7846, 2.1451], [-72.7663, 2.0918], [-72.6745, 2.1277], [-72.6035, 2.0831], [-72.4566, 1.9554], [-72.4357, 1.855]]]}}, {"type": "Feature", "id": "95025", "properties": {"daneCode": "95025", "name": "Í", "dptoCode": "95", "dptoName": "Í"}, "geometry": {"type": "Polygon", "coordinates": [[[-70.5432, 2.2802], [-70.4967, 2.2343], [-70.4269, 2.2678], [-70.3106, 2.2083], [-70.2519, 2.2641], [-70.1894, 2.2318], [-70.0707, 2.2913], [-69.996, 2.2244], [-70.1013, 2.1178], [-70.1099, 2.0806], [-70.1882, 2.0236], [-70.2298, 2.0348], [-70.4416, 1.9939], [-70.4869, 1.9492], [-70.7048, 1.9071], [-70.8945, 1.9195], [-70.9888, 1.824], [-71.1651, 1.7559], [-71.2532, 1.6704], [-71.3928, 1.736], [-71.498, 1.7769], [-71.6596, 1.8092], [-71.7857, 1.8724], [-71.869, 1.886], [-71.9179, 1.9604], [-72.0293, 1.9951], [-72.082, 1.9703], [-72.4357, 1.855], [-72.4566, 1.9554], [-72.6035, 2.0831], [-72.6745, 2.1277], [-72.7663, 2.0918], [-72.7846, 2.1451], [-72.852, 2.1909], [-72.9903, 2.1562], [-72.9425, 2.2554], [-72.7981, 2.295], [-72.7491, 2.4314], [-72.6316, 2.4252], [-72.4872, 2.393], [-72.4725, 2.3731], [-72.2325, 2.3682], [-72.1015, 2.3434], [-72.0538, 2.2963], [-71.9791, 2.2715], [-71.9032, 2.2021], [-71.8347, 2.2294], [-71.7906, 2.2851], [-71.7245, 2.2368], [-71.6584, 2.2393], [-71.6143, 2.1525], [-71.5531, 2.1178], [-71.525, 2.2256], [-71.4527, 2.217], [-71.3597, 2.2913], [-71.2495, 2.3446], [-71.263, 2.2789], [-71.1736, 2.186], [-71.0965, 2.2182], [-71.0145, 2.217], [-70.8468, 2.1761], [-70.635, 2.2294], [-70.5432, 2.2802]]]}}, {"type": "Feature", "id": "95200", "properties": {"daneCode": "95200", "name": "Í", "dptoCode": "95", "dptoName": "Í"}, "geometry": {"type": "Polygon", "coordinates": [[[-71.3928, 1.736], [-71.3903, 1.5985], [-71.4381, 1.5464], [-71.4552, 1.4646], [-71.547, 1.27], [-71.5739, 1.0816], [-71.6413, 0.9948], [-71.7404, 0.9849], [-71.8029, 0.8882], [-72.033, 0.6639], [-72.0807, 0.7048], [-72.1909, 0.7271], [-72.2693, 0.7631], [-72.399, 1.0023], [-72.4676, 1.0841], [-72.508, 1.068], [-72.6512, 1.1721], [-72.7259, 1.1857], [-72.5777, 1.4857], [-72.5239, 1.4448], [-72.4002, 1.4386], [-72.3647, 1.5105], [-72.295, 1.5315], [-72.3243, 1.5997], [-72.4002, 1.6146], [-72.4064, 1.741], [-72.3647, 1.7831], [-72.4357, 1.855], [-72.082, 1.9703], [-72.0293, 1.9951], [-71.9179, 1.9604], [-71.869, 1.886], [-71.7857, 1.8724], [-71.6596, 1.8092], [-71.498, 1.7769], [-71.3928, 1.736]]]}}, {"type": "Feature", "id": "17001", "properties": {"daneCode": "17001", "name": "Í", "dptoCode": "17", "dptoName": "Í"}, "geometry": {"type": "Polygon", "coordinates": [[[-75.3284, 5.0417], [-75.4753, 5.0268], [-75.5879, 4.9847], [-75.6026, 5.0157], [-75.6663, 5.0777], [-75.6773, 5.1409], [-75.6626, 5.1657], [-75.4863, 5.1421], [-75.3492, 5.1086], [-75.3382, 5.0454], [-75.3284, 5.0417]]]}}, {"type": "Feature", "id": "17013", "properties": {"daneCode": "17013", "name": "Í", "dptoCode": "17", "dptoName": "Í"}, "geometry": {"type": "Polygon", "coordinates": [[[-75.5696, 5.7247], [-75.5561, 5.7247], [-75.479, 5.6639], [-75.4239, 5.6962], [-75.3113, 5.5102], [-75.3162, 5.4594], [-75.3811, 5.4197], [-75.3725, 5.4966], [-75.4141, 5.5425], [-75.4973, 5.5772], [-75.5708, 5.5437], [-75.5806, 5.6057], [-75.5989, 5.6813], [-75.5696, 5.7247]]]}}, {"type": "Feature", "id": "17486", "properties": {"daneCode": "17486", "name": "Í", "dptoCode": "17", "dptoName": "Í"}, "geometry": {"type": "Polygon", "coordinates": [[[-75.5524, 5.2115], [-75.4912, 5.2326], [-75.3725, 5.2214], [-75.3358, 5.1966], [-75.3492, 5.1086], [-75.4863, 5.1421], [-75.6626, 5.1657], [-75.6932, 5.2549], [-75.6663, 5.276], [-75.6491, 5.2338], [-75.5524, 5.2115]]]}}, {"type": "Feature", "id": "17446", "properties": {"daneCode": "17446", "name": "Í", "dptoCode": "17", "dptoName": "Í"}, "geometry": {"type": "Polygon", "coordinates": [[[-75.2097, 5.2859], [-75.2415, 5.2524], [-75.2097, 5.1756], [-75.1668, 5.1694], [-75.2354, 5.126], [-75.288, 5.1384], [-75.3382, 5.0454], [-75.3492, 5.1086], [-75.3358, 5.1966], [-75.3725, 5.2214], [-75.348, 5.3293], [-75.2868, 5.3466], [-75.2109, 5.3503], [-75.2097, 5.2859]]]}}, {"type": "Feature", "id": "17444", "properties": {"daneCode": "17444", "name": "Í", "dptoCode": "17", "dptoName": "Í"}, "geometry": {"type": "Polygon", "coordinates": [[[-74.9624, 5.3417], [-74.9673, 5.3008], [-75.0003, 5.2921], [-75.0603, 5.271], [-75.1191, 5.3094], [-75.0346, 5.3441], [-74.9624, 5.3417]]]}}, {"type": "Feature", "id": "17442", "properties": {"daneCode": "17442", "name": "Í", "dptoCode": "17", "dptoName": "Í"}, "geometry": {"type": "Polygon", "coordinates": [[[-75.5769, 5.5164], [-75.5818, 5.4569], [-75.5855, 5.4458], [-75.6406, 5.5301], [-75.5769, 5.5164]]]}}, {"type": "Feature", "id": "17433", "properties": {"daneCode": "17433", "name": "Í", "dptoCode": "17", "dptoName": "Í"}, "geometry": {"type": "Polygon", "coordinates": [[[-75.1191, 5.3094], [-75.0603, 5.271], [-75.1166, 5.1607], [-75.1497, 5.1644], [-75.1668, 5.1694], [-75.2097, 5.1756], [-75.2415, 5.2524], [-75.2097, 5.2859], [-75.1191, 5.3094]]]}}, {"type": "Feature", "id": "17388", "properties": {"daneCode": "17388", "name": "Í", "dptoCode": "17", "dptoName": "Í"}, "geometry": {"type": "Polygon", "coordinates": [[[-75.5328, 5.4421], [-75.5108, 5.3342], [-75.5402, 5.328], [-75.6075, 5.3764], [-75.5855, 5.4458], [-75.5818, 5.4569], [-75.5328, 5.4421]]]}}, {"type": "Feature", "id": "17380", "properties": {"daneCode": "17380", "name": "Í", "dptoCode": "17", "dptoName": "Í"}, "geometry": {"type": "Polygon", "coordinates": [[[-74.6649, 5.768], [-74.6612, 5.7519], [-74.627, 5.6974], [-74.6747, 5.5164], [-74.6502, 5.4421], [-74.7347, 5.2871], [-74.7898, 5.2983], [-74.7947, 5.3702], [-74.742, 5.4569], [-74.7053, 5.566], [-74.813, 5.6044], [-74.7396, 5.6999], [-74.7139, 5.7693], [-74.6649, 5.768]]]}}, {"type": "Feature", "id": "17272", "properties": {"daneCode": "17272", "name": "Í", "dptoCode": "17", "dptoName": "Í"}, "geometry": {"type": "Polygon", "coordinates": [[[-75.5402, 5.328], [-75.5194, 5.2735], [-75.5524, 5.2115], [-75.6491, 5.2338], [-75.6663, 5.276], [-75.6479, 5.307], [-75.61, 5.3751], [-75.6075, 5.3764], [-75.5402, 5.328]]]}}, {"type": "Feature", "id": "17174", "properties": {"daneCode": "17174", "name": "Í", "dptoCode": "17", "dptoName": "Í"}, "geometry": {"type": "Polygon", "coordinates": [[[-75.6026, 5.0157], [-75.5879, 4.9847], [-75.572, 4.9364], [-75.714, 4.9574], [-75.7471, 5.0467], [-75.7434, 5.0516], [-75.7103, 5.0777], [-75.6895, 5.007], [-75.6026, 5.0157]]]}}, {"type": "Feature", "id": "17088", "properties": {"daneCode": "17088", "name": "Í", "dptoCode": "17", "dptoName": "Í"}, "geometry": {"type": "Polygon", "coordinates": [[[-75.774, 5.0628], [-75.7434, 5.0516], [-75.7471, 5.0467], [-75.8144, 4.919], [-75.867, 4.9339], [-75.8609, 4.9426], [-75.8585, 5.0045], [-75.774, 5.0628]]]}}, {"type": "Feature", "id": "17050", "properties": {"daneCode": "17050", "name": "Í", "dptoCode": "17", "dptoName": "Í"}, "geometry": {"type": "Polygon", "coordinates": [[[-75.3725, 5.2214], [-75.4912, 5.2326], [-75.5524, 5.2115], [-75.5194, 5.2735], [-75.5402, 5.328], [-75.5108, 5.3342], [-75.3933, 5.2735], [-75.3725, 5.2214]]]}}, {"type": "Feature", "id": "17042", "properties": {"daneCode": "17042", "name": "Í", "dptoCode": "17", "dptoName": "Í"}, "geometry": {"type": "Polygon", "coordinates": [[[-75.7483, 5.2846], [-75.6932, 5.2549], [-75.6626, 5.1657], [-75.6773, 5.1409], [-75.7042, 5.1124], [-75.763, 5.1756], [-75.8107, 5.1173], [-75.8364, 5.1148], [-75.8022, 5.1979], [-75.8242, 5.2698], [-75.7483, 5.2846]]]}}, {"type": "Feature", "id": "17495", "properties": {"daneCode": "17495", "name": "Í", "dptoCode": "17", "dptoName": "Í"}, "geometry": {"type": "Polygon", "coordinates": [[[-74.7396, 5.6999], [-74.813, 5.6044], [-74.8902, 5.5586], [-74.9379, 5.6193], [-74.862, 5.6776], [-74.8804, 5.7457], [-74.8069, 5.6999], [-74.7396, 5.6999]]]}}, {"type": "Feature", "id": "17877", "properties": {"daneCode": "17877", "name": "Í", "dptoCode": "17", "dptoName": "Í"}, "geometry": {"type": "Polygon", "coordinates": [[[-75.8364, 5.1148], [-75.8107, 5.1173], [-75.8438, 5.0851], [-75.8585, 5.0045], [-75.8609, 4.9426], [-75.9221, 5.0417], [-75.8842, 5.131], [-75.8364, 5.1148]]]}}, {"type": "Feature", "id": "17873", "properties": {"daneCode": "17873", "name": "Í", "dptoCode": "17", "dptoName": "Í"}, "geometry": {"type": "Polygon", "coordinates": [[[-75.3284, 5.0417], [-75.3541, 4.9624], [-75.3345, 4.8992], [-75.3198, 4.893], [-75.3186, 4.8868], [-75.3749, 4.8025], [-75.4276, 4.8161], [-75.4827, 4.9165], [-75.572, 4.9364], [-75.5879, 4.9847], [-75.4753, 5.0268], [-75.3284, 5.0417]]]}}, {"type": "Feature", "id": "17867", "properties": {"daneCode": "17867", "name": "Í", "dptoCode": "17", "dptoName": "Í"}, "geometry": {"type": "Polygon", "coordinates": [[[-74.813, 5.6044], [-74.7053, 5.566], [-74.742, 5.4569], [-74.7947, 5.3702], [-74.7898, 5.2983], [-74.8608, 5.3057], [-74.9673, 5.3008], [-74.9624, 5.3417], [-74.9134, 5.4024], [-74.9183, 5.4644], [-74.8902, 5.5586], [-74.813, 5.6044]]]}}, {"type": "Feature", "id": "17777", "properties": {"daneCode": "17777", "name": "Í", "dptoCode": "17", "dptoName": "Í"}, "geometry": {"type": "Polygon", "coordinates": [[[-75.6406, 5.5301], [-75.5855, 5.4458], [-75.6075, 5.3764], [-75.61, 5.3751], [-75.6467, 5.3801], [-75.7042, 5.5375], [-75.6406, 5.5301]]]}}, {"type": "Feature", "id": "17665", "properties": {"daneCode": "17665", "name": "Í", "dptoCode": "17", "dptoName": "Í"}, "geometry": {"type": "Polygon", "coordinates": [[[-75.774, 5.0628], [-75.8585, 5.0045], [-75.8438, 5.0851], [-75.774, 5.0628]]]}}, {"type": "Feature", "id": "17662", "properties": {"daneCode": "17662", "name": "Í", "dptoCode": "17", "dptoName": "Í"}, "geometry": {"type": "Polygon", "coordinates": [[[-74.8902, 5.5586], [-74.9183, 5.4644], [-74.9134, 5.4024], [-74.9624, 5.3417], [-75.0346, 5.3441], [-75.0848, 5.4284], [-75.0836, 5.5065], [-75.1325, 5.5412], [-75.0689, 5.6627], [-74.993, 5.716], [-74.8804, 5.7457], [-74.862, 5.6776], [-74.9379, 5.6193], [-74.8902, 5.5586]]]}}, {"type": "Feature", "id": "17653", "properties": {"daneCode": "17653", "name": "Í", "dptoCode": "17", "dptoName": "Í"}, "geometry": {"type": "Polygon", "coordinates": [[[-75.3811, 5.4197], [-75.3162, 5.4594], [-75.2807, 5.4111], [-75.2868, 5.3466], [-75.348, 5.3293], [-75.3725, 5.2214], [-75.3933, 5.2735], [-75.5108, 5.3342], [-75.5328, 5.4421], [-75.4557, 5.4545], [-75.3811, 5.4197]]]}}, {"type": "Feature", "id": "17616", "properties": {"daneCode": "17616", "name": "Í", "dptoCode": "17", "dptoName": "Í"}, "geometry": {"type": "Polygon", "coordinates": [[[-75.7042, 5.1124], [-75.7103, 5.0777], [-75.7434, 5.0516], [-75.774, 5.0628], [-75.8438, 5.0851], [-75.8107, 5.1173], [-75.763, 5.1756], [-75.7042, 5.1124]]]}}, {"type": "Feature", "id": "17541", "properties": {"daneCode": "17541", "name": "Í", "dptoCode": "17", "dptoName": "Í"}, "geometry": {"type": "Polygon", "coordinates": [[[-75.0346, 5.3441], [-75.1191, 5.3094], [-75.2097, 5.2859], [-75.2109, 5.3503], [-75.2868, 5.3466], [-75.2807, 5.4111], [-75.3162, 5.4594], [-75.2831, 5.4755], [-75.1325, 5.5412], [-75.0836, 5.5065], [-75.0848, 5.4284], [-75.0346, 5.3441]]]}}, {"type": "Feature", "id": "17524", "properties": {"daneCode": "17524", "name": "Í", "dptoCode": "17", "dptoName": "Í"}, "geometry": {"type": "Polygon", "coordinates": [[[-75.6026, 5.0157], [-75.6895, 5.007], [-75.7103, 5.0777], [-75.7042, 5.1124], [-75.6773, 5.1409], [-75.6663, 5.0777], [-75.6026, 5.0157]]]}}, {"type": "Feature", "id": "17513", "properties": {"daneCode": "17513", "name": "Í", "dptoCode": "17", "dptoName": "Í"}, "geometry": {"type": "Polygon", "coordinates": [[[-75.3811, 5.4197], [-75.4557, 5.4545], [-75.5328, 5.4421], [-75.5818, 5.4569], [-75.5769, 5.5164], [-75.5708, 5.5437], [-75.4973, 5.5772], [-75.4141, 5.5425], [-75.3725, 5.4966], [-75.3811, 5.4197]]]}}, {"type": "Feature", "id": "17614", "properties": {"daneCode": "17614", "name": "Í", "dptoCode": "17", "dptoName": "Í"}, "geometry": {"type": "Polygon", "coordinates": [[[-75.714, 5.5474], [-75.7042, 5.5375], [-75.6467, 5.3801], [-75.61, 5.3751], [-75.6479, 5.307], [-75.6981, 5.3776], [-75.7507, 5.3863], [-75.8328, 5.3615], [-75.8683, 5.4904], [-75.7299, 5.5635], [-75.714, 5.5474]]]}}, {"type": "Feature", "id": "63001", "properties": {"daneCode": "63001", "name": "Í", "dptoCode": "63", "dptoName": "Í"}, "geometry": {"type": "Polygon", "coordinates": [[[-75.6332, 4.5695], [-75.7189, 4.4492], [-75.774, 4.3947], [-75.7973, 4.479], [-75.741, 4.5397], [-75.643, 4.5881], [-75.6332, 4.5695]]]}}, {"type": "Feature", "id": "63111", "properties": {"daneCode": "63111", "name": "Í", "dptoCode": "63", "dptoName": "Í"}, "geometry": {"type": "Polygon", "coordinates": [[[-75.7275, 4.4059], [-75.7165, 4.3774], [-75.7838, 4.3464], [-75.7275, 4.4059]]]}}, {"type": "Feature", "id": "63130", "properties": {"daneCode": "63130", "name": "Í", "dptoCode": "63", "dptoName": "Í"}, "geometry": {"type": "Polygon", "coordinates": [[[-75.5561, 4.4716], [-75.583, 4.4245], [-75.7275, 4.4059], [-75.7838, 4.3464], [-75.7924, 4.3377], [-75.8034, 4.3959], [-75.774, 4.3947], [-75.7189, 4.4492], [-75.6332, 4.5695], [-75.5561, 4.4716]]]}}, {"type": "Feature", "id": "63190", "properties": {"daneCode": "63190", "name": "Í", "dptoCode": "63", "dptoName": "Í"}, "geometry": {"type": "Polygon", "coordinates": [[[-75.6002, 4.6761], [-75.643, 4.5881], [-75.741, 4.5397], [-75.7348, 4.5806], [-75.6993, 4.6079], [-75.6002, 4.6761]]]}}, {"type": "Feature", "id": "63212", "properties": {"daneCode": "63212", "name": "Í", "dptoCode": "63", "dptoName": "Í"}, "geometry": {"type": "Polygon", "coordinates": [[[-75.583, 4.4245], [-75.5928, 4.3612], [-75.7165, 4.3774], [-75.7275, 4.4059], [-75.583, 4.4245]]]}}, {"type": "Feature", "id": "63272", "properties": {"daneCode": "63272", "name": "Í", "dptoCode": "63", "dptoName": "Í"}, "geometry": {"type": "Polygon", "coordinates": [[[-75.5647, 4.7009], [-75.6002, 4.6761], [-75.6993, 4.6079], [-75.741, 4.655], [-75.7091, 4.6798], [-75.714, 4.7133], [-75.5647, 4.7009]]]}}, {"type": "Feature", "id": "63302", "properties": {"daneCode": "63302", "name": "Í", "dptoCode": "63", "dptoName": "Í"}, "geometry": {"type": "Polygon", "coordinates": [[[-75.6589, 4.2224], [-75.6969, 4.1319], [-75.752, 4.0774], [-75.8401, 4.101], [-75.8254, 4.215], [-75.7948, 4.3104], [-75.7263, 4.2299], [-75.6589, 4.2224]]]}}, {"type": "Feature", "id": "63401", "properties": {"daneCode": "63401", "name": "Í", "dptoCode": "63", "dptoName": "Í"}, "geometry": {"type": "Polygon", "coordinates": [[[-75.774, 4.3947], [-75.8034, 4.3959], [-75.867, 4.4108], [-75.8781, 4.4096], [-75.8952, 4.4257], [-75.8695, 4.4542], [-75.7973, 4.479], [-75.774, 4.3947]]]}}, {"type": "Feature", "id": "63470", "properties": {"daneCode": "63470", "name": "Í", "dptoCode": "63", "dptoName": "Í"}, "geometry": {"type": "Polygon", "coordinates": [[[-75.741, 4.5397], [-75.7973, 4.479], [-75.8695, 4.4542], [-75.8805, 4.5311], [-75.867, 4.5757], [-75.7348, 4.5806], [-75.741, 4.5397]]]}}, {"type": "Feature", "id": "63548", "properties": {"daneCode": "63548", "name": "Í", "dptoCode": "63", "dptoName": "Í"}, "geometry": {"type": "Polygon", "coordinates": [[[-75.5928, 4.3612], [-75.5977, 4.2794], [-75.6589, 4.2224], [-75.7263, 4.2299], [-75.7948, 4.3104], [-75.7924, 4.3377], [-75.7838, 4.3464], [-75.7165, 4.3774], [-75.5928, 4.3612]]]}}, {"type": "Feature", "id": "63594", "properties": {"daneCode": "63594", "name": "Í", "dptoCode": "63", "dptoName": "Í"}, "geometry": {"type": "Polygon", "coordinates": [[[-75.741, 4.655], [-75.6993, 4.6079], [-75.7348, 4.5806], [-75.867, 4.5757], [-75.8658, 4.6129], [-75.8279, 4.66], [-75.741, 4.655]]]}}, {"type": "Feature", "id": "63690", "properties": {"daneCode": "63690", "name": "Í", "dptoCode": "63", "dptoName": "Í"}, "geometry": {"type": "Polygon", "coordinates": [[[-75.3835, 4.7083], [-75.3859, 4.7009], [-75.4153, 4.6228], [-75.4851, 4.5819], [-75.5561, 4.4716], [-75.6332, 4.5695], [-75.643, 4.5881], [-75.6002, 4.6761], [-75.5647, 4.7009], [-75.4924, 4.6662], [-75.3884, 4.7157], [-75.3835, 4.7083]]]}}, {"type": "Feature", "id": "66001", "properties": {"daneCode": "66001", "name": "Í", "dptoCode": "66", "dptoName": "Í"}, "geometry": {"type": "Polygon", "coordinates": [[[-75.7079, 4.8731], [-75.7189, 4.8298], [-75.6455, 4.7926], [-75.5218, 4.6996], [-75.4692, 4.7194], [-75.3749, 4.8025], [-75.3884, 4.7157], [-75.4924, 4.6662], [-75.5647, 4.7009], [-75.714, 4.7133], [-75.856, 4.7281], [-75.9356, 4.8075], [-75.9148, 4.8731], [-75.8854, 4.893], [-75.8156, 4.9066], [-75.774, 4.8694], [-75.7079, 4.8731]]]}}, {"type": "Feature", "id": "66045", "properties": {"daneCode": "66045", "name": "Í", "dptoCode": "66", "dptoName": "Í"}, "geometry": {"type": "Polygon", "coordinates": [[[-75.9282, 5.2264], [-75.9307, 5.1768], [-75.8842, 5.131], [-75.9221, 5.0417], [-76.0005, 5.1272], [-76.0605, 5.1322], [-75.9882, 5.1595], [-75.9282, 5.2264]]]}}, {"type": "Feature", "id": "66075", "properties": {"daneCode": "66075", "name": "Í", "dptoCode": "66", "dptoName": "Í"}, "geometry": {"type": "Polygon", "coordinates": [[[-75.8817, 4.9128], [-75.8854, 4.893], [-75.9148, 4.8731], [-75.9895, 4.8806], [-75.9907, 4.9128], [-75.9454, 4.9897], [-75.8817, 4.9128]]]}}, {"type": "Feature", "id": "66088", "properties": {"daneCode": "66088", "name": "Í", "dptoCode": "66", "dptoName": "Í"}, "geometry": {"type": "Polygon", "coordinates": [[[-75.8511, 5.2723], [-75.8242, 5.2698], [-75.8022, 5.1979], [-75.8364, 5.1148], [-75.8842, 5.131], [-75.9307, 5.1768], [-75.9282, 5.2264], [-75.9246, 5.2462], [-75.8511, 5.2723]]]}}, {"type": "Feature", "id": "66170", "properties": {"daneCode": "66170", "name": "Í", "dptoCode": "66", "dptoName": "Í"}, "geometry": {"type": "Polygon", "coordinates": [[[-75.6455, 4.7926], [-75.7189, 4.8298], [-75.7079, 4.8731], [-75.6883, 4.8893], [-75.6455, 4.8781], [-75.6455, 4.7926]]]}}, {"type": "Feature", "id": "66318", "properties": {"daneCode": "66318", "name": "Í", "dptoCode": "66", "dptoName": "Í"}, "geometry": {"type": "Polygon", "coordinates": [[[-75.7507, 5.3863], [-75.7789, 5.3243], [-75.7483, 5.2846], [-75.8242, 5.2698], [-75.8511, 5.2723], [-75.8328, 5.3615], [-75.7507, 5.3863]]]}}, {"type": "Feature", "id": "66383", "properties": {"daneCode": "66383", "name": "Í", "dptoCode": "66", "dptoName": "Í"}, "geometry": {"type": "Polygon", "coordinates": [[[-75.9454, 4.9897], [-75.9907, 4.9128], [-76.0274, 4.9388], [-76.0776, 5.0467], [-75.9895, 5.0368], [-75.9454, 4.9897]]]}}, {"type": "Feature", "id": "66400", "properties": {"daneCode": "66400", "name": "Í", "dptoCode": "66", "dptoName": "Í"}, "geometry": {"type": "Polygon", "coordinates": [[[-75.8144, 4.919], [-75.8156, 4.9066], [-75.8854, 4.893], [-75.8817, 4.9128], [-75.867, 4.9339], [-75.8144, 4.919]]]}}, {"type": "Feature", "id": "66440", "properties": {"daneCode": "66440", "name": "Í", "dptoCode": "66", "dptoName": "Í"}, "geometry": {"type": "Polygon", "coordinates": [[[-75.714, 4.9574], [-75.6883, 4.8893], [-75.7079, 4.8731], [-75.774, 4.8694], [-75.8156, 4.9066], [-75.8144, 4.919], [-75.7471, 5.0467], [-75.714, 4.9574]]]}}, {"type": "Feature", "id": "66456", "properties": {"daneCode": "66456", "name": "Í", "dptoCode": "66", "dptoName": "Í"}, "geometry": {"type": "Polygon", "coordinates": [[[-75.9062, 5.4817], [-75.8683, 5.4904], [-75.8328, 5.3615], [-75.8511, 5.2723], [-75.9246, 5.2462], [-75.954, 5.3404], [-76.0617, 5.3665], [-76.0886, 5.447], [-76.0849, 5.5338], [-76.009, 5.5672], [-75.9833, 5.5189], [-75.9062, 5.4817]]]}}, {"type": "Feature", "id": "66572", "properties": {"daneCode": "66572", "name": "Í", "dptoCode": "66", "dptoName": "Í"}, "geometry": {"type": "Polygon", "coordinates": [[[-76.0886, 5.447], [-76.0617, 5.3665], [-75.954, 5.3404], [-75.9246, 5.2462], [-75.9282, 5.2264], [-75.9882, 5.1595], [-76.0605, 5.1322], [-76.1327, 5.183], [-76.2012, 5.3218], [-76.1914, 5.4148], [-76.0886, 5.447]]]}}, {"type": "Feature", "id": "66594", "properties": {"daneCode": "66594", "name": "Í", "dptoCode": "66", "dptoName": "Í"}, "geometry": {"type": "Polygon", "coordinates": [[[-75.6479, 5.307], [-75.6663, 5.276], [-75.6932, 5.2549], [-75.7483, 5.2846], [-75.7789, 5.3243], [-75.7507, 5.3863], [-75.6981, 5.3776], [-75.6479, 5.307]]]}}, {"type": "Feature", "id": "66682", "properties": {"daneCode": "66682", "name": "Í", "dptoCode": "66", "dptoName": "Í"}, "geometry": {"type": "Polygon", "coordinates": [[[-75.572, 4.9364], [-75.4827, 4.9165], [-75.4276, 4.8161], [-75.3749, 4.8025], [-75.4692, 4.7194], [-75.5218, 4.6996], [-75.6455, 4.7926], [-75.6455, 4.8781], [-75.6883, 4.8893], [-75.714, 4.9574], [-75.572, 4.9364]]]}}, {"type": "Feature", "id": "66687", "properties": {"daneCode": "66687", "name": "Í", "dptoCode": "66", "dptoName": "Í"}, "geometry": {"type": "Polygon", "coordinates": [[[-75.9221, 5.0417], [-75.8609, 4.9426], [-75.867, 4.9339], [-75.8817, 4.9128], [-75.9454, 4.9897], [-75.9895, 5.0368], [-76.0776, 5.0467], [-76.0605, 5.1322], [-76.0005, 5.1272], [-75.9221, 5.0417]]]}}, {"type": "Feature", "id": "05001", "properties": {"daneCode": "05001", "name": "Í", "dptoCode": "05", "dptoName": "Í"}, "geometry": {"type": "Polygon", "coordinates": [[[-75.6687, 6.3729], [-75.6516, 6.3332], [-75.5218, 6.2886], [-75.501, 6.2973], [-75.4863, 6.2056], [-75.4851, 6.1907], [-75.583, 6.1895], [-75.6479, 6.1721], [-75.6797, 6.1634], [-75.6944, 6.1944], [-75.7103, 6.2589], [-75.7177, 6.3605], [-75.6687, 6.3729]]]}}, {"type": "Feature", "id": "05101", "properties": {"daneCode": "05101", "name": "Í", "dptoCode": "05", "dptoName": "Í"}, "geometry": {"type": "Polygon", "coordinates": [[[-75.9148, 5.8635], [-75.9148, 5.8474], [-75.9552, 5.7978], [-76.0201, 5.7532], [-76.0654, 5.7643], [-76.0984, 5.8498], [-76.0543, 5.9317], [-75.9148, 5.8635]]]}}, {"type": "Feature", "id": "05107", "properties": {"daneCode": "05107", "name": "Í", "dptoCode": "05", "dptoName": "Í"}, "geometry": {"type": "Polygon", "coordinates": [[[-75.4716, 7.0497], [-75.5353, 6.9902], [-75.6087, 7.0558], [-75.6589, 7.0286], [-75.6871, 7.0844], [-75.6051, 7.1786], [-75.4447, 7.2492], [-75.4973, 7.1327], [-75.4716, 7.0497]]]}}, {"type": "Feature", "id": "05113", "properties": {"daneCode": "05113", "name": "Í", "dptoCode": "05", "dptoName": "Í"}, "geometry": {"type": "Polygon", "coordinates": [[[-75.845, 6.8712], [-75.8707, 6.7844], [-75.8328, 6.6803], [-75.8805, 6.6456], [-75.9589, 6.7262], [-75.9833, 6.7609], [-75.954, 6.9666], [-75.9172, 6.9641], [-75.845, 6.8712]]]}}, {"type": "Feature", "id": "05120", "properties": {"daneCode": "05120", "name": "Í", "dptoCode": "05", "dptoName": "Í"}, "geometry": {"type": "Polygon", "coordinates": [[[-75.0199, 7.5814], [-75.0799, 7.5157], [-75.0297, 7.4897], [-74.9942, 7.3942], [-75.0456, 7.424], [-75.1656, 7.3558], [-75.2488, 7.4574], [-75.2745, 7.5343], [-75.3321, 7.5355], [-75.3664, 7.6186], [-75.4386, 7.6694], [-75.4851, 7.7363], [-75.4582, 7.8342], [-75.3541, 7.8689], [-75.3309, 7.926], [-75.2941, 7.8913], [-75.2158, 7.9445], [-75.1644, 7.89], [-75.1644, 7.8008], [-75.0334, 7.771], [-75.042, 7.6111], [-75.0199, 7.5814]]]}}, {"type": "Feature", "id": "05093", "properties": {"daneCode": "05093", "name": "Í", "dptoCode": "05", "dptoName": "Í"}, "geometry": {"type": "Polygon", "coordinates": [[[-75.8548, 6.2465], [-75.8413, 6.1659], [-75.9968, 6.0779], [-76.0482, 6.2613], [-76.0041, 6.2849], [-75.9331, 6.2167], [-75.8548, 6.2465]]]}}, {"type": "Feature", "id": "05091", "properties": {"daneCode": "05091", "name": "Í", "dptoCode": "05", "dptoName": "Í"}, "geometry": {"type": "Polygon", "coordinates": [[[-75.8927, 5.7544], [-75.9062, 5.6974], [-76.0029, 5.6701], [-76.0739, 5.6776], [-76.0874, 5.6887], [-76.0654, 5.7643], [-76.0201, 5.7532], [-75.9552, 5.7978], [-75.8927, 5.7544]]]}}, {"type": "Feature", "id": "05088", "properties": {"daneCode": "05088", "name": "Í", "dptoCode": "05", "dptoName": "Í"}, "geometry": {"type": "Polygon", "coordinates": [[[-75.5328, 6.389], [-75.5218, 6.2886], [-75.6516, 6.3332], [-75.6687, 6.3729], [-75.6626, 6.4051], [-75.5916, 6.4324], [-75.5328, 6.389]]]}}, {"type": "Feature", "id": "05086", "properties": {"daneCode": "05086", "name": "Í", "dptoCode": "05", "dptoName": "Í"}, "geometry": {"type": "Polygon", "coordinates": [[[-75.6271, 6.7856], [-75.5855, 6.6753], [-75.654, 6.6543], [-75.5647, 6.5303], [-75.6455, 6.4944], [-75.6504, 6.5018], [-75.7177, 6.6357], [-75.7201, 6.6518], [-75.7263, 6.798], [-75.6675, 6.7534], [-75.6271, 6.7856]]]}}, {"type": "Feature", "id": "05079", "properties": {"daneCode": "05079", "name": "Í", "dptoCode": "05", "dptoName": "Í"}, "geometry": {"type": "Polygon", "coordinates": [[[-75.2635, 6.508], [-75.2415, 6.4473], [-75.3064, 6.3915], [-75.4043, 6.3655], [-75.4484, 6.4361], [-75.3957, 6.4411], [-75.3235, 6.513], [-75.2635, 6.508]]]}}, {"type": "Feature", "id": "05059", "properties": {"daneCode": "05059", "name": "Í", "dptoCode": "05", "dptoName": "Í"}, "geometry": {"type": "Polygon", "coordinates": [[[-75.8168, 6.2254], [-75.7471, 6.1461], [-75.7667, 6.1349], [-75.8548, 6.1002], [-75.8413, 6.1659], [-75.8548, 6.2465], [-75.8523, 6.249], [-75.8168, 6.2254]]]}}, {"type": "Feature", "id": "05055", "properties": {"daneCode": "05055", "name": "Í", "dptoCode": "05", "dptoName": "Í"}, "geometry": {"type": "Polygon", "coordinates": [[[-74.8804, 5.7457], [-74.993, 5.716], [-75.0689, 5.6627], [-75.1607, 5.6466], [-75.2354, 5.6763], [-75.2366, 5.7259], [-75.0983, 5.7594], [-74.9905, 5.7408], [-74.8804, 5.7457]]]}}, {"type": "Feature", "id": "05051", "properties": {"daneCode": "05051", "name": "Í", "dptoCode": "05", "dptoName": "Í"}, "geometry": {"type": "Polygon", "coordinates": [[[-76.364, 8.7093], [-76.2514, 8.6114], [-76.2551, 8.594], [-76.32, 8.5445], [-76.3285, 8.4465], [-76.4032, 8.4639], [-76.4338, 8.4503], [-76.5709, 8.5816], [-76.566, 8.6114], [-76.451, 8.6895], [-76.4865, 8.8184], [-76.413, 8.8742], [-76.364, 8.7093]]]}}, {"type": "Feature", "id": "05044", "properties": {"daneCode": "05044", "name": "Í", "dptoCode": "05", "dptoName": "Í"}, "geometry": {"type": "Polygon", "coordinates": [[[-75.8315, 6.3977], [-75.856, 6.327], [-75.8523, 6.249], [-75.8548, 6.2465], [-75.9331, 6.2167], [-76.0041, 6.2849], [-75.9882, 6.3444], [-75.905, 6.3965], [-75.8315, 6.3977]]]}}, {"type": "Feature", "id": "05042", "properties": {"daneCode": "05042", "name": "Í", "dptoCode": "05", "dptoName": "Í"}, "geometry": {"type": "Polygon", "coordinates": [[[-75.823, 6.6419], [-75.8009, 6.5378], [-75.8193, 6.4101], [-75.8315, 6.3977], [-75.905, 6.3965], [-75.9429, 6.4584], [-76.0384, 6.5043], [-76.0078, 6.6344], [-75.9307, 6.622], [-75.8805, 6.6456], [-75.8328, 6.6803], [-75.823, 6.6419]]]}}, {"type": "Feature", "id": "05040", "properties": {"daneCode": "05040", "name": "Í", "dptoCode": "05", "dptoName": "Í"}, "geometry": {"type": "Polygon", "coordinates": [[[-74.9134, 7.2876], [-75.0212, 7.1401], [-75.0848, 6.9654], [-75.1705, 6.9059], [-75.2244, 6.9331], [-75.2244, 7.0373], [-75.2599, 7.1153], [-75.3149, 7.16], [-75.3174, 7.2133], [-75.3015, 7.2269], [-75.2966, 7.2294], [-75.1913, 7.2703], [-75.1656, 7.3558], [-75.0456, 7.424], [-74.9942, 7.3942], [-74.8902, 7.393], [-74.9134, 7.2876]]]}}, {"type": "Feature", "id": "05038", "properties": {"daneCode": "05038", "name": "Í", "dptoCode": "05", "dptoName": "Í"}, "geometry": {"type": "Polygon", "coordinates": [[[-75.2427, 6.9269], [-75.288, 6.8216], [-75.3786, 6.7733], [-75.49, 6.7733], [-75.4716, 6.8513], [-75.3749, 6.9009], [-75.3358, 6.9455], [-75.2684, 6.9703], [-75.2427, 6.9269]]]}}, {"type": "Feature", "id": "05036", "properties": {"daneCode": "05036", "name": "Í", "dptoCode": "05", "dptoName": "Í"}, "geometry": {"type": "Polygon", "coordinates": [[[-75.6797, 6.1634], [-75.6724, 6.1188], [-75.6773, 6.0878], [-75.7471, 6.0692], [-75.7667, 6.1349], [-75.7471, 6.1461], [-75.6944, 6.1944], [-75.6797, 6.1634]]]}}, {"type": "Feature", "id": "05034", "properties": {"daneCode": "05034", "name": "Í", "dptoCode": "05", "dptoName": "Í"}, "geometry": {"type": "Polygon", "coordinates": [[[-75.8364, 5.7296], [-75.8095, 5.6552], [-75.8732, 5.6367], [-75.8707, 5.5437], [-75.9062, 5.4817], [-75.9833, 5.5189], [-76.009, 5.5672], [-76.0066, 5.623], [-76.0739, 5.6776], [-76.0029, 5.6701], [-75.9062, 5.6974], [-75.8927, 5.7544], [-75.8732, 5.7755], [-75.8364, 5.7296]]]}}, {"type": "Feature", "id": "05031", "properties": {"daneCode": "05031", "name": "Í", "dptoCode": "05", "dptoName": "Í"}, "geometry": {"type": "Polygon", "coordinates": [[[-74.9134, 7.2876], [-74.9159, 7.2641], [-74.8424, 7.1339], [-74.8583, 7.0472], [-74.8375, 6.9914], [-74.8767, 6.8489], [-74.9208, 6.7509], [-75.026, 6.834], [-75.0591, 6.7671], [-75.1093, 6.7819], [-75.1815, 6.8464], [-75.1705, 6.9059], [-75.0848, 6.9654], [-75.0212, 7.1401], [-74.9134, 7.2876]]]}}, {"type": "Feature", "id": "05030", "properties": {"daneCode": "05030", "name": "Í", "dptoCode": "05", "dptoName": "Í"}, "geometry": {"type": "Polygon", "coordinates": [[[-75.67, 5.9986], [-75.6993, 5.9812], [-75.7667, 5.9998], [-75.7471, 6.0692], [-75.6773, 6.0878], [-75.67, 5.9986]]]}}, {"type": "Feature", "id": "05021", "properties": {"daneCode": "05021", "name": "Í", "dptoCode": "05", "dptoName": "Í"}, "geometry": {"type": "Polygon", "coordinates": [[[-74.9869, 6.3853], [-75.1166, 6.3023], [-75.1705, 6.2973], [-75.1448, 6.4113], [-75.0885, 6.394], [-75.0334, 6.4175], [-74.9869, 6.3853]]]}}, {"type": "Feature", "id": "05004", "properties": {"daneCode": "05004", "name": "Í", "dptoCode": "05", "dptoName": "Í"}, "geometry": {"type": "Polygon", "coordinates": [[[-76.0115, 6.6468], [-76.0078, 6.6344], [-76.0384, 6.5043], [-76.058, 6.5068], [-76.1621, 6.5923], [-76.1767, 6.6791], [-76.1033, 6.7138], [-76.0874, 6.7547], [-76.0115, 6.6468]]]}}, {"type": "Feature", "id": "05002", "properties": {"daneCode": "05002", "name": "Í", "dptoCode": "05", "dptoName": "Í"}, "geometry": {"type": "Polygon", "coordinates": [[[-75.4153, 5.9019], [-75.2843, 5.8734], [-75.2684, 5.8536], [-75.3211, 5.7817], [-75.4227, 5.7284], [-75.4239, 5.6962], [-75.479, 5.6639], [-75.5561, 5.7247], [-75.5341, 5.8598], [-75.4863, 5.8709], [-75.4814, 5.9341], [-75.4153, 5.9019]]]}}, {"type": "Feature", "id": "05895", "properties": {"daneCode": "05895", "name": "Í", "dptoCode": "05", "dptoName": "Í"}, "geometry": {"type": "Polygon", "coordinates": [[[-74.6074, 7.3868], [-74.6992, 7.3124], [-74.9159, 7.2641], [-74.9134, 7.2876], [-74.8902, 7.393], [-74.9942, 7.3942], [-75.0297, 7.4897], [-75.0799, 7.5157], [-75.0199, 7.5814], [-74.9391, 7.621], [-74.9, 7.6719], [-74.8412, 7.6681], [-74.7824, 7.7252], [-74.7641, 7.6743], [-74.8204, 7.5888], [-74.758, 7.4599], [-74.6747, 7.4376], [-74.6074, 7.3868]]]}}, {"type": "Feature", "id": "05893", "properties": {"daneCode": "05893", "name": "Í", "dptoCode": "05", "dptoName": "Í"}, "geometry": {"type": "Polygon", "coordinates": [[[-73.9231, 7.2133], [-73.9292, 7.1153], [-73.8876, 7.0707], [-73.8974, 6.9864], [-74.0112, 6.9133], [-74.0945, 6.8042], [-74.1092, 6.777], [-74.2316, 6.71], [-74.2561, 6.6753], [-74.3601, 6.632], [-74.4201, 6.7373], [-74.4519, 6.7547], [-74.3809, 6.9108], [-74.2438, 7.0038], [-73.9157, 7.2951], [-73.9231, 7.2133]]]}}, {"type": "Feature", "id": "05890", "properties": {"daneCode": "05890", "name": "Í", "dptoCode": "05", "dptoName": "Í"}, "geometry": {"type": "Polygon", "coordinates": [[[-74.9208, 6.7509], [-74.9073, 6.7373], [-74.9501, 6.7063], [-74.9122, 6.6369], [-74.8008, 6.6419], [-74.6502, 6.6989], [-74.5805, 6.7051], [-74.4972, 6.7001], [-74.5609, 6.6381], [-74.7347, 6.6034], [-74.8388, 6.5092], [-75.0199, 6.539], [-75.0346, 6.5378], [-75.0934, 6.5824], [-75.1362, 6.5477], [-75.2072, 6.5551], [-75.1974, 6.5749], [-75.1228, 6.658], [-75.1093, 6.7819], [-75.0591, 6.7671], [-75.026, 6.834], [-74.9208, 6.7509]]]}}, {"type": "Feature", "id": "05887", "properties": {"daneCode": "05887", "name": "Í", "dptoCode": "05", "dptoName": "Í"}, "geometry": {"type": "Polygon", "coordinates": [[[-75.3015, 7.2269], [-75.3174, 7.2133], [-75.3333, 7.0757], [-75.3137, 7.0112], [-75.3358, 6.9455], [-75.3749, 6.9009], [-75.4716, 6.8513], [-75.49, 6.7733], [-75.5745, 6.8526], [-75.5757, 6.8935], [-75.6026, 6.9753], [-75.6589, 7.0286], [-75.6087, 7.0558], [-75.5353, 6.9902], [-75.4716, 7.0497], [-75.4239, 7.0881], [-75.3872, 7.1711], [-75.3015, 7.2269]]]}}, {"type": "Feature", "id": "05885", "properties": {"daneCode": "05885", "name": "Í", "dptoCode": "05", "dptoName": "Í"}, "geometry": {"type": "Polygon", "coordinates": [[[-74.5792, 6.7819], [-74.5805, 6.7051], [-74.6502, 6.6989], [-74.8008, 6.6419], [-74.9122, 6.6369], [-74.9501, 6.7063], [-74.9073, 6.7373], [-74.8351, 6.7323], [-74.7567, 6.7894], [-74.6429, 6.798], [-74.5792, 6.7819]]]}}, {"type": "Feature", "id": "05861", "properties": {"daneCode": "05861", "name": "Í", "dptoCode": "05", "dptoName": "Í"}, "geometry": {"type": "Polygon", "coordinates": [[[-75.7667, 5.9998], [-75.6993, 5.9812], [-75.7752, 5.8808], [-75.856, 5.9378], [-75.8487, 5.9564], [-75.8413, 6.0085], [-75.7667, 5.9998]]]}}, {"type": "Feature", "id": "05858", "properties": {"daneCode": "05858", "name": "Í", "dptoCode": "05", "dptoName": "Í"}, "geometry": {"type": "Polygon", "coordinates": [[[-74.5792, 6.7819], [-74.6429, 6.798], [-74.7567, 6.7894], [-74.8351, 6.7323], [-74.9073, 6.7373], [-74.9208, 6.7509], [-74.8767, 6.8489], [-74.8375, 6.9914], [-74.8216, 6.8687], [-74.6331, 6.9245], [-74.5719, 6.8613], [-74.5792, 6.7819]]]}}, {"type": "Feature", "id": "05856", "properties": {"daneCode": "05856", "name": "Í", "dptoCode": "05", "dptoName": "Í"}, "geometry": {"type": "Polygon", "coordinates": [[[-75.5989, 5.6813], [-75.5806, 5.6057], [-75.6761, 5.5982], [-75.6418, 5.7569], [-75.5989, 5.6813]]]}}, {"type": "Feature", "id": "05854", "properties": {"daneCode": "05854", "name": "Í", "dptoCode": "05", "dptoName": "Í"}, "geometry": {"type": "Polygon", "coordinates": [[[-75.2966, 7.2294], [-75.3015, 7.2269], [-75.3872, 7.1711], [-75.4239, 7.0881], [-75.4716, 7.0497], [-75.4973, 7.1327], [-75.4447, 7.2492], [-75.5292, 7.2988], [-75.5145, 7.3732], [-75.4606, 7.3595], [-75.2745, 7.388], [-75.2966, 7.2294]]]}}, {"type": "Feature", "id": "05842", "properties": {"daneCode": "05842", "name": "Í", "dptoCode": "05", "dptoName": "Í"}, "geometry": {"type": "Polygon", "coordinates": [[[-75.965, 6.9802], [-75.9833, 6.9431], [-76.1009, 6.8922], [-76.1217, 6.8513], [-76.1559, 6.8241], [-76.2465, 6.8774], [-76.2245, 6.9207], [-76.1535, 6.9778], [-76.0751, 6.9406], [-75.9821, 7.0013], [-75.965, 6.9802]]]}}, {"type": "Feature", "id": "05837", "properties": {"daneCode": "05837", "name": "Í", "dptoCode": "05", "dptoName": "Í"}, "geometry": {"type": "Polygon", "coordinates": [[[-76.9429, 8.1131], [-76.8831, 8.0437], [-76.9247, 8.0251], [-76.9223, 7.9173], [-76.828, 7.9024], [-76.7484, 7.9222], [-76.7337, 8.071], [-76.7386, 8.1739], [-76.7741, 8.2668], [-76.6223, 8.33], [-76.566, 8.4007], [-76.4448, 8.3722], [-76.4338, 8.4503], [-76.4032, 8.4639], [-76.3934, 8.3796], [-76.4106, 8.1912], [-76.402, 8.102], [-76.4253, 8.0735], [-76.533, 7.9631], [-76.7533, 7.8789], [-76.8047, 7.8689], [-76.8096, 7.771], [-76.8096, 7.6681], [-76.7129, 7.5938], [-76.6444, 7.4686], [-76.6823, 7.4674], [-76.8011, 7.5715], [-76.9357, 7.5839], [-76.9602, 7.6396], [-77.123, 7.7896], [-77.0753, 7.8479], [-77.0263, 7.89], [-76.9969, 8.0189], [-76.9382, 8.0685], [-76.9429, 8.1131]]]}}, {"type": "Feature", "id": "05819", "properties": {"daneCode": "05819", "name": "Í", "dptoCode": "05", "dptoName": "Í"}, "geometry": {"type": "Polygon", "coordinates": [[[-75.6871, 7.0844], [-75.6589, 7.0286], [-75.7361, 6.9269], [-75.7654, 7.062], [-75.6871, 7.0844]]]}}, {"type": "Feature", "id": "05809", "properties": {"daneCode": "05809", "name": "Í", "dptoCode": "05", "dptoName": "Í"}, "geometry": {"type": "Polygon", "coordinates": [[[-75.7471, 6.0692], [-75.7667, 5.9998], [-75.8413, 6.0085], [-75.8548, 6.1002], [-75.7667, 6.1349], [-75.7471, 6.0692]]]}}, {"type": "Feature", "id": "05792", "properties": {"daneCode": "05792", "name": "Í", "dptoCode": "05", "dptoName": "Í"}, "geometry": {"type": "Polygon", "coordinates": [[[-75.7752, 5.8808], [-75.7605, 5.8734], [-75.8205, 5.8213], [-75.8866, 5.8647], [-75.8854, 5.9069], [-75.856, 5.9378], [-75.7752, 5.8808]]]}}, {"type": "Feature", "id": "05790", "properties": {"daneCode": "05790", "name": "Í", "dptoCode": "05", "dptoName": "Í"}, "geometry": {"type": "Polygon", "coordinates": [[[-75.1656, 7.3558], [-75.1913, 7.2703], [-75.2966, 7.2294], [-75.2745, 7.388], [-75.4606, 7.3595], [-75.5145, 7.3732], [-75.5683, 7.3806], [-75.5414, 7.4921], [-75.6014, 7.5901], [-75.4851, 7.7363], [-75.4386, 7.6694], [-75.3664, 7.6186], [-75.3321, 7.5355], [-75.2745, 7.5343], [-75.2488, 7.4574], [-75.1656, 7.3558]]]}}, {"type": "Feature", "id": "05789", "properties": {"daneCode": "05789", "name": "Í", "dptoCode": "05", "dptoName": "Í"}, "geometry": {"type": "Polygon", "coordinates": [[[-75.6406, 5.7618], [-75.6418, 5.7569], [-75.6761, 5.5982], [-75.714, 5.5474], [-75.7299, 5.5635], [-75.752, 5.628], [-75.8071, 5.654], [-75.7446, 5.7333], [-75.6651, 5.8003], [-75.6406, 5.7618]]]}}, {"type": "Feature", "id": "05761", "properties": {"daneCode": "05761", "name": "Í", "dptoCode": "05", "dptoName": "Í"}, "geometry": {"type": "Polygon", "coordinates": [[[-75.6504, 6.5018], [-75.7324, 6.4907], [-75.7801, 6.42], [-75.8193, 6.4101], [-75.8009, 6.5378], [-75.7177, 6.6357], [-75.6504, 6.5018]]]}}, {"type": "Feature", "id": "05756", "properties": {"daneCode": "05756", "name": "Í", "dptoCode": "05", "dptoName": "Í"}, "geometry": {"type": "Polygon", "coordinates": [[[-74.6404, 5.8598], [-74.6649, 5.768], [-74.7139, 5.7693], [-74.7396, 5.6999], [-74.8069, 5.6999], [-74.8804, 5.7457], [-74.9905, 5.7408], [-75.0983, 5.7594], [-75.2366, 5.7259], [-75.2354, 5.6763], [-75.2831, 5.4755], [-75.3162, 5.4594], [-75.3113, 5.5102], [-75.4239, 5.6962], [-75.4227, 5.7284], [-75.3211, 5.7817], [-75.2684, 5.8536], [-75.1656, 5.8734], [-75.0554, 5.9193], [-75.0224, 5.8251], [-75.0542, 5.7519], [-74.9501, 5.7817], [-74.8938, 5.8288], [-74.8436, 5.9267], [-74.6404, 5.8598]]]}}, {"type": "Feature", "id": "05736", "properties": {"daneCode": "05736", "name": "Í", "dptoCode": "05", "dptoName": "Í"}, "geometry": {"type": "Polygon", "coordinates": [[[-74.3577, 7.4723], [-74.3197, 7.4401], [-74.3981, 7.3484], [-74.3883, 7.2666], [-74.6184, 7.1674], [-74.7102, 7.0707], [-74.7604, 7.1352], [-74.8424, 7.1339], [-74.9159, 7.2641], [-74.6992, 7.3124], [-74.6074, 7.3868], [-74.5609, 7.4277], [-74.4911, 7.3434], [-74.414, 7.3992], [-74.4127, 7.4599], [-74.3577, 7.4723]]]}}, {"type": "Feature", "id": "05697", "properties": {"daneCode": "05697", "name": "Í", "dptoCode": "05", "dptoName": "Í"}, "geometry": {"type": "Polygon", "coordinates": [[[-75.2329, 6.1634], [-75.1668, 6.1015], [-75.2207, 6.1139], [-75.2684, 6.0568], [-75.3076, 6.1436], [-75.2525, 6.1709], [-75.2329, 6.1634]]]}}, {"type": "Feature", "id": "05690", "properties": {"daneCode": "05690", "name": "Í", "dptoCode": "05", "dptoName": "Í"}, "geometry": {"type": "Polygon", "coordinates": [[[-75.1362, 6.5477], [-75.0346, 6.5378], [-75.0199, 6.539], [-75.097, 6.4634], [-75.0334, 6.4175], [-75.0885, 6.394], [-75.1448, 6.4113], [-75.2415, 6.4473], [-75.2635, 6.508], [-75.2097, 6.5539], [-75.2072, 6.5551], [-75.1362, 6.5477]]]}}, {"type": "Feature", "id": "05686", "properties": {"daneCode": "05686", "name": "Í", "dptoCode": "05", "dptoName": "Í"}, "geometry": {"type": "Polygon", "coordinates": [[[-75.49, 6.7733], [-75.3786, 6.7733], [-75.2868, 6.6778], [-75.1974, 6.5749], [-75.2072, 6.5551], [-75.2097, 6.5539], [-75.2488, 6.5737], [-75.337, 6.5439], [-75.4263, 6.5439], [-75.4582, 6.5167], [-75.5084, 6.5737], [-75.5426, 6.6791], [-75.5855, 6.6753], [-75.6271, 6.7856], [-75.643, 6.8699], [-75.5757, 6.8935], [-75.5745, 6.8526], [-75.49, 6.7733]]]}}, {"type": "Feature", "id": "05679", "properties": {"daneCode": "05679", "name": "Í", "dptoCode": "05", "dptoName": "Í"}, "geometry": {"type": "Polygon", "coordinates": [[[-75.5916, 6.006], [-75.5622, 5.975], [-75.5341, 5.8598], [-75.5561, 5.7247], [-75.5696, 5.7247], [-75.6198, 5.8015], [-75.6357, 5.9664], [-75.6136, 5.9788], [-75.5916, 6.006]]]}}, {"type": "Feature", "id": "05306", "properties": {"daneCode": "05306", "name": "Í", "dptoCode": "05", "dptoName": "Í"}, "geometry": {"type": "Polygon", "coordinates": [[[-75.8805, 6.6456], [-75.9307, 6.622], [-76.0078, 6.6344], [-76.0115, 6.6468], [-75.9589, 6.7262], [-75.8805, 6.6456]]]}}, {"type": "Feature", "id": "05282", "properties": {"daneCode": "05282", "name": "Í", "dptoCode": "05", "dptoName": "Í"}, "geometry": {"type": "Polygon", "coordinates": [[[-75.6136, 5.9788], [-75.6357, 5.9664], [-75.6198, 5.8015], [-75.6406, 5.7618], [-75.6651, 5.8003], [-75.7605, 5.8734], [-75.7752, 5.8808], [-75.6993, 5.9812], [-75.67, 5.9986], [-75.6136, 5.9788]]]}}, {"type": "Feature", "id": "05266", "properties": {"daneCode": "05266", "name": "Í", "dptoCode": "05", "dptoName": "Í"}, "geometry": {"type": "Polygon", "coordinates": [[[-75.4851, 6.1907], [-75.4753, 6.1585], [-75.5732, 6.099], [-75.5904, 6.1126], [-75.6051, 6.1634], [-75.583, 6.1895], [-75.4851, 6.1907]]]}}, {"type": "Feature", "id": "05264", "properties": {"daneCode": "05264", "name": "Í", "dptoCode": "05", "dptoName": "Í"}, "geometry": {"type": "Polygon", "coordinates": [[[-75.4582, 6.5167], [-75.4606, 6.5117], [-75.5647, 6.5303], [-75.654, 6.6543], [-75.5855, 6.6753], [-75.5426, 6.6791], [-75.5084, 6.5737], [-75.4582, 6.5167]]]}}, {"type": "Feature", "id": "05250", "properties": {"daneCode": "05250", "name": "Í", "dptoCode": "05", "dptoName": "Í"}, "geometry": {"type": "Polygon", "coordinates": [[[-74.5609, 7.9681], [-74.5192, 7.9012], [-74.5082, 7.7239], [-74.5609, 7.6458], [-74.5633, 7.4326], [-74.5609, 7.4277], [-74.6074, 7.3868], [-74.6747, 7.4376], [-74.758, 7.4599], [-74.8204, 7.5888], [-74.7641, 7.6743], [-74.7824, 7.7252], [-74.8057, 7.7847], [-74.7898, 7.8094], [-74.8204, 7.9408], [-74.7494, 7.9458], [-74.6343, 7.9012], [-74.5609, 7.9681]]]}}, {"type": "Feature", "id": "05240", "properties": {"daneCode": "05240", "name": "Í", "dptoCode": "05", "dptoName": "Í"}, "geometry": {"type": "Polygon", "coordinates": [[[-75.7177, 6.3605], [-75.7103, 6.2589], [-75.8095, 6.2601], [-75.8168, 6.2254], [-75.8523, 6.249], [-75.856, 6.327], [-75.8315, 6.3977], [-75.8193, 6.4101], [-75.7801, 6.42], [-75.7177, 6.3605]]]}}, {"type": "Feature", "id": "05237", "properties": {"daneCode": "05237", "name": "Í", "dptoCode": "05", "dptoName": "Í"}, "geometry": {"type": "Polygon", "coordinates": [[[-75.2097, 6.5539], [-75.2635, 6.508], [-75.3235, 6.513], [-75.3957, 6.4411], [-75.4484, 6.4361], [-75.4888, 6.4299], [-75.4606, 6.5117], [-75.4582, 6.5167], [-75.4263, 6.5439], [-75.337, 6.5439], [-75.2488, 6.5737], [-75.2097, 6.5539]]]}}, {"type": "Feature", "id": "05212", "properties": {"daneCode": "05212", "name": "Í", "dptoCode": "05", "dptoName": "Í"}, "geometry": {"type": "Polygon", "coordinates": [[[-75.4508, 6.3345], [-75.501, 6.2973], [-75.5218, 6.2886], [-75.5328, 6.389], [-75.4888, 6.4299], [-75.4508, 6.3345]]]}}, {"type": "Feature", "id": "05209", "properties": {"daneCode": "05209", "name": "Í", "dptoCode": "05", "dptoName": "Í"}, "geometry": {"type": "Polygon", "coordinates": [[[-75.8413, 6.1659], [-75.8548, 6.1002], [-75.8413, 6.0085], [-75.8487, 5.9564], [-75.9442, 5.9788], [-75.9429, 6.0444], [-75.998, 6.0692], [-75.9968, 6.0779], [-75.8413, 6.1659]]]}}, {"type": "Feature", "id": "05206", "properties": {"daneCode": "05206", "name": "Í", "dptoCode": "05", "dptoName": "Í"}, "geometry": {"type": "Polygon", "coordinates": [[[-75.1448, 6.4113], [-75.1705, 6.2973], [-75.1827, 6.2849], [-75.2427, 6.3221], [-75.3064, 6.3915], [-75.2415, 6.4473], [-75.1448, 6.4113]]]}}, {"type": "Feature", "id": "05197", "properties": {"daneCode": "05197", "name": "Í", "dptoCode": "05", "dptoName": "Í"}, "geometry": {"type": "Polygon", "coordinates": [[[-75.1668, 6.1015], [-75.0848, 6.0209], [-75.0689, 5.9998], [-75.0554, 5.9193], [-75.1656, 5.8734], [-75.1362, 5.9403], [-75.2684, 6.0568], [-75.2207, 6.1139], [-75.1668, 6.1015]]]}}, {"type": "Feature", "id": "05190", "properties": {"daneCode": "05190", "name": "Í", "dptoCode": "05", "dptoName": "Í"}, "geometry": {"type": "Polygon", "coordinates": [[[-75.0346, 6.5378], [-75.1362, 6.5477], [-75.0934, 6.5824], [-75.0346, 6.5378]]]}}, {"type": "Feature", "id": "05172", "properties": {"daneCode": "05172", "name": "Í", "dptoCode": "05", "dptoName": "Í"}, "geometry": {"type": "Polygon", "coordinates": [[[-76.4914, 7.7202], [-76.5024, 7.5554], [-76.5758, 7.4859], [-76.6444, 7.4686], [-76.7129, 7.5938], [-76.8096, 7.6681], [-76.8096, 7.771], [-76.7019, 7.719], [-76.6199, 7.7338], [-76.4914, 7.7202]]]}}, {"type": "Feature", "id": "05154", "properties": {"daneCode": "05154", "name": "Í", "dptoCode": "05", "dptoName": "Í"}, "geometry": {"type": "Polygon", "coordinates": [[[-74.8057, 7.7847], [-74.7824, 7.7252], [-74.8412, 7.6681], [-74.9, 7.6719], [-74.9391, 7.621], [-75.0199, 7.5814], [-75.042, 7.6111], [-75.0334, 7.771], [-75.1644, 7.8008], [-75.1644, 7.89], [-75.2158, 7.9445], [-75.2941, 7.8913], [-75.3309, 7.926], [-75.337, 7.9483], [-75.3088, 7.947], [-75.2207, 8.066], [-75.168, 8.0524], [-75.0567, 8.0474], [-74.9134, 8.0995], [-74.933, 7.9805], [-74.9232, 7.8094], [-74.8057, 7.7847]]]}}, {"type": "Feature", "id": "05150", "properties": {"daneCode": "05150", "name": "Í", "dptoCode": "05", "dptoName": "Í"}, "geometry": {"type": "Polygon", "coordinates": [[[-75.2868, 6.6778], [-75.3786, 6.7733], [-75.288, 6.8216], [-75.2305, 6.7931], [-75.2868, 6.6778]]]}}, {"type": "Feature", "id": "05148", "properties": {"daneCode": "05148", "name": "Í", "dptoCode": "05", "dptoName": "Í"}, "geometry": {"type": "Polygon", "coordinates": [[[-75.3076, 6.1436], [-75.2684, 6.0568], [-75.1362, 5.9403], [-75.1656, 5.8734], [-75.2684, 5.8536], [-75.2843, 5.8734], [-75.3602, 6.0308], [-75.3872, 6.0581], [-75.3517, 6.1448], [-75.3076, 6.1436]]]}}, {"type": "Feature", "id": "05147", "properties": {"daneCode": "05147", "name": "Í", "dptoCode": "05", "dptoName": "Í"}, "geometry": {"type": "Polygon", "coordinates": [[[-76.7533, 7.8789], [-76.7019, 7.8119], [-76.5489, 7.771], [-76.5171, 7.8355], [-76.4644, 7.8702], [-76.4914, 7.7202], [-76.6199, 7.7338], [-76.7019, 7.719], [-76.8096, 7.771], [-76.8047, 7.8689], [-76.7533, 7.8789]]]}}, {"type": "Feature", "id": "05145", "properties": {"daneCode": "05145", "name": "Í", "dptoCode": "05", "dptoName": "Í"}, "geometry": {"type": "Polygon", "coordinates": [[[-75.5806, 5.6057], [-75.5708, 5.5437], [-75.5769, 5.5164], [-75.6406, 5.5301], [-75.7042, 5.5375], [-75.714, 5.5474], [-75.6761, 5.5982], [-75.5806, 5.6057]]]}}, {"type": "Feature", "id": "05142", "properties": {"daneCode": "05142", "name": "Í", "dptoCode": "05", "dptoName": "Í"}, "geometry": {"type": "Polygon", "coordinates": [[[-74.7176, 6.3965], [-74.6331, 6.275], [-74.7127, 6.2403], [-74.7935, 6.3134], [-74.8375, 6.4336], [-74.8118, 6.4621], [-74.7176, 6.3965]]]}}, {"type": "Feature", "id": "05138", "properties": {"daneCode": "05138", "name": "Í", "dptoCode": "05", "dptoName": "Í"}, "geometry": {"type": "Polygon", "coordinates": [[[-75.954, 6.9666], [-75.9833, 6.7609], [-75.9589, 6.7262], [-76.0115, 6.6468], [-76.0874, 6.7547], [-76.1217, 6.8513], [-76.1009, 6.8922], [-75.9833, 6.9431], [-75.965, 6.9802], [-75.954, 6.9666]]]}}, {"type": "Feature", "id": "05134", "properties": {"daneCode": "05134", "name": "Í", "dptoCode": "05", "dptoName": "Í"}, "geometry": {"type": "Polygon", "coordinates": [[[-75.2244, 6.9331], [-75.2427, 6.9269], [-75.2684, 6.9703], [-75.3358, 6.9455], [-75.3137, 7.0112], [-75.3333, 7.0757], [-75.3174, 7.2133], [-75.3149, 7.16], [-75.2599, 7.1153], [-75.2244, 7.0373], [-75.2244, 6.9331]]]}}, {"type": "Feature", "id": "05129", "properties": {"daneCode": "05129", "name": "Í", "dptoCode": "05", "dptoName": "Í"}, "geometry": {"type": "Polygon", "coordinates": [[[-75.6063, 6.1163], [-75.5904, 6.1126], [-75.5732, 6.099], [-75.5916, 6.006], [-75.6136, 5.9788], [-75.67, 5.9986], [-75.6773, 6.0878], [-75.6724, 6.1188], [-75.6063, 6.1163]]]}}, {"type": "Feature", "id": "05125", "properties": {"daneCode": "05125", "name": "Í", "dptoCode": "05", "dptoName": "Í"}, "geometry": {"type": "Polygon", "coordinates": [[[-76.0384, 6.5043], [-75.9429, 6.4584], [-75.905, 6.3965], [-75.9882, 6.3444], [-76.0421, 6.3779], [-76.058, 6.5068], [-76.0384, 6.5043]]]}}, {"type": "Feature", "id": "05674", "properties": {"daneCode": "05674", "name": "Í", "dptoCode": "05", "dptoName": "Í"}, "geometry": {"type": "Polygon", "coordinates": [[[-75.3064, 6.3915], [-75.2427, 6.3221], [-75.2843, 6.2589], [-75.3272, 6.2242], [-75.3798, 6.2328], [-75.4068, 6.3481], [-75.4043, 6.3655], [-75.3064, 6.3915]]]}}, {"type": "Feature", "id": "05670", "properties": {"daneCode": "05670", "name": "Í", "dptoCode": "05", "dptoName": "Í"}, "geometry": {"type": "Polygon", "coordinates": [[[-74.8388, 6.5092], [-74.8118, 6.4621], [-74.8375, 6.4336], [-74.7935, 6.3134], [-74.8277, 6.3382], [-74.9171, 6.4026], [-74.9869, 6.3853], [-75.0334, 6.4175], [-75.097, 6.4634], [-75.0199, 6.539], [-74.8388, 6.5092]]]}}, {"type": "Feature", "id": "05667", "properties": {"daneCode": "05667", "name": "Í", "dptoCode": "05", "dptoName": "Í"}, "geometry": {"type": "Polygon", "coordinates": [[[-74.8277, 6.3382], [-74.9122, 6.3097], [-75.0579, 6.2093], [-75.1179, 6.2353], [-75.1166, 6.3023], [-74.9869, 6.3853], [-74.9171, 6.4026], [-74.8277, 6.3382]]]}}, {"type": "Feature", "id": "05665", "properties": {"daneCode": "05665", "name": "Í", "dptoCode": "05", "dptoName": "Í"}, "geometry": {"type": "Polygon", "coordinates": [[[-76.2551, 8.594], [-76.2098, 8.5234], [-76.2184, 8.4441], [-76.1804, 8.3994], [-76.2881, 8.3288], [-76.3518, 8.2036], [-76.3481, 8.1553], [-76.402, 8.102], [-76.4106, 8.1912], [-76.3934, 8.3796], [-76.4032, 8.4639], [-76.3285, 8.4465], [-76.32, 8.5445], [-76.2551, 8.594]]]}}, {"type": "Feature", "id": "05664", "properties": {"daneCode": "05664", "name": "Í", "dptoCode": "05", "dptoName": "Í"}, "geometry": {"type": "Polygon", "coordinates": [[[-75.4606, 6.5117], [-75.4888, 6.4299], [-75.5328, 6.389], [-75.5916, 6.4324], [-75.6626, 6.4051], [-75.6455, 6.4944], [-75.5647, 6.5303], [-75.4606, 6.5117]]]}}, {"type": "Feature", "id": "05660", "properties": {"daneCode": "05660", "name": "Í", "dptoCode": "05", "dptoName": "Í"}, "geometry": {"type": "Polygon", "coordinates": [[[-74.9195, 6.0432], [-74.769, 5.9936], [-74.8436, 5.9267], [-74.9538, 5.9527], [-75.0101, 5.9255], [-75.0689, 5.9998], [-75.0848, 6.0209], [-75.0615, 6.1275], [-74.955, 6.1002], [-74.9195, 6.0432]]]}}, {"type": "Feature", "id": "05659", "properties": {"daneCode": "05659", "name": "Í", "dptoCode": "05", "dptoName": "Í"}, "geometry": {"type": "Polygon", "coordinates": [[[-76.566, 8.6114], [-76.6285, 8.7205], [-76.544, 8.7626], [-76.4865, 8.8184], [-76.451, 8.6895], [-76.566, 8.6114]]]}}, {"type": "Feature", "id": "05658", "properties": {"daneCode": "05658", "name": "Í", "dptoCode": "05", "dptoName": "Í"}, "geometry": {"type": "Polygon", "coordinates": [[[-75.643, 6.8699], [-75.6271, 6.7856], [-75.6675, 6.7534], [-75.7263, 6.798], [-75.7336, 6.8055], [-75.6981, 6.8873], [-75.643, 6.8699]]]}}, {"type": "Feature", "id": "05656", "properties": {"daneCode": "05656", "name": "Í", "dptoCode": "05", "dptoName": "Í"}, "geometry": {"type": "Polygon", "coordinates": [[[-75.6504, 6.5018], [-75.6455, 6.4944], [-75.6626, 6.4051], [-75.6687, 6.3729], [-75.7177, 6.3605], [-75.7801, 6.42], [-75.7324, 6.4907], [-75.6504, 6.5018]]]}}, {"type": "Feature", "id": "05652", "properties": {"daneCode": "05652", "name": "Í", "dptoCode": "05", "dptoName": "Í"}, "geometry": {"type": "Polygon", "coordinates": [[[-74.8436, 5.9267], [-74.8938, 5.8288], [-74.9501, 5.7817], [-75.0542, 5.7519], [-75.0224, 5.8251], [-75.0554, 5.9193], [-75.0689, 5.9998], [-75.0101, 5.9255], [-74.9538, 5.9527], [-74.8436, 5.9267]]]}}, {"type": "Feature", "id": "05649", "properties": {"daneCode": "05649", "name": "Í", "dptoCode": "05", "dptoName": "Í"}, "geometry": {"type": "Polygon", "coordinates": [[[-74.7935, 6.3134], [-74.7127, 6.2403], [-74.7726, 6.2006], [-74.8204, 6.0866], [-74.9195, 6.0432], [-74.955, 6.1002], [-75.0615, 6.1275], [-75.1215, 6.2316], [-75.1179, 6.2353], [-75.0579, 6.2093], [-74.9122, 6.3097], [-74.8277, 6.3382], [-74.7935, 6.3134]]]}}, {"type": "Feature", "id": "05647", "properties": {"daneCode": "05647", "name": "Í", "dptoCode": "05", "dptoName": "Í"}, "geometry": {"type": "Polygon", "coordinates": [[[-75.5757, 6.8935], [-75.643, 6.8699], [-75.6981, 6.8873], [-75.7336, 6.8055], [-75.7642, 6.7881], [-75.7361, 6.9269], [-75.6589, 7.0286], [-75.6026, 6.9753], [-75.5757, 6.8935]]]}}, {"type": "Feature", "id": "05642", "properties": {"daneCode": "05642", "name": "Í", "dptoCode": "05", "dptoName": "Í"}, "geometry": {"type": "Polygon", "coordinates": [[[-75.998, 6.0692], [-75.9429, 6.0444], [-75.9442, 5.9788], [-75.8487, 5.9564], [-75.856, 5.9378], [-75.8854, 5.9069], [-75.9148, 5.8635], [-76.0543, 5.9317], [-76.0972, 6.0035], [-75.998, 6.0692]]]}}, {"type": "Feature", "id": "05628", "properties": {"daneCode": "05628", "name": "Í", "dptoCode": "05", "dptoName": "Í"}, "geometry": {"type": "Polygon", "coordinates": [[[-75.7361, 6.9269], [-75.7642, 6.7881], [-75.8707, 6.7844], [-75.845, 6.8712], [-75.823, 6.979], [-75.7752, 7.0459], [-75.7654, 7.062], [-75.7361, 6.9269]]]}}, {"type": "Feature", "id": "05615", "properties": {"daneCode": "05615", "name": "Í", "dptoCode": "05", "dptoName": "Í"}, "geometry": {"type": "Polygon", "coordinates": [[[-75.3272, 6.2242], [-75.3517, 6.1448], [-75.3872, 6.0581], [-75.4447, 6.0593], [-75.4753, 6.1585], [-75.4851, 6.1907], [-75.4863, 6.2056], [-75.3798, 6.2328], [-75.3272, 6.2242]]]}}, {"type": "Feature", "id": "05607", "properties": {"daneCode": "05607", "name": "Í", "dptoCode": "05", "dptoName": "Í"}, "geometry": {"type": "Polygon", "coordinates": [[[-75.4753, 6.1585], [-75.4447, 6.0593], [-75.4582, 6.0011], [-75.5084, 5.9602], [-75.5622, 5.975], [-75.5916, 6.006], [-75.5732, 6.099], [-75.4753, 6.1585]]]}}, {"type": "Feature", "id": "05604", "properties": {"daneCode": "05604", "name": "Í", "dptoCode": "05", "dptoName": "Í"}, "geometry": {"type": "Polygon", "coordinates": [[[-74.2842, 7.0087], [-74.2438, 7.0038], [-74.3809, 6.9108], [-74.4519, 6.7547], [-74.4972, 6.7001], [-74.5805, 6.7051], [-74.5792, 6.7819], [-74.5719, 6.8613], [-74.6331, 6.9245], [-74.8216, 6.8687], [-74.8375, 6.9914], [-74.8583, 7.0472], [-74.8424, 7.1339], [-74.7604, 7.1352], [-74.7102, 7.0707], [-74.6184, 7.1674], [-74.3883, 7.2666], [-74.4103, 7.2021], [-74.3515, 7.0819], [-74.3552, 7.01], [-74.2842, 7.0087]]]}}, {"type": "Feature", "id": "05591", "properties": {"daneCode": "05591", "name": "Í", "dptoCode": "05", "dptoName": "Í"}, "geometry": {"type": "Polygon", "coordinates": [[[-74.6404, 5.8598], [-74.8436, 5.9267], [-74.769, 5.9936], [-74.7041, 6.0308], [-74.567, 6.0581], [-74.5854, 5.9255], [-74.6404, 5.8598]]]}}, {"type": "Feature", "id": "05585", "properties": {"daneCode": "05585", "name": "Í", "dptoCode": "05", "dptoName": "Í"}, "geometry": {"type": "Polygon", "coordinates": [[[-74.6331, 6.275], [-74.5339, 6.2688], [-74.6123, 6.1262], [-74.567, 6.0581], [-74.7041, 6.0308], [-74.769, 5.9936], [-74.9195, 6.0432], [-74.8204, 6.0866], [-74.7726, 6.2006], [-74.7127, 6.2403], [-74.6331, 6.275]]]}}, {"type": "Feature", "id": "05579", "properties": {"daneCode": "05579", "name": "Í", "dptoCode": "05", "dptoName": "Í"}, "geometry": {"type": "Polygon", "coordinates": [[[-74.3601, 6.632], [-74.4091, 6.5861], [-74.3968, 6.4522], [-74.4507, 6.332], [-74.5082, 6.2861], [-74.5266, 6.2737], [-74.5339, 6.2688], [-74.6331, 6.275], [-74.7176, 6.3965], [-74.6502, 6.451], [-74.6086, 6.5811], [-74.5609, 6.6381], [-74.4972, 6.7001], [-74.4519, 6.7547], [-74.4201, 6.7373], [-74.3601, 6.632]]]}}, {"type": "Feature", "id": "05576", "properties": {"daneCode": "05576", "name": "Í", "dptoCode": "05", "dptoName": "Í"}, "geometry": {"type": "Polygon", "coordinates": [[[-75.8854, 5.9069], [-75.8866, 5.8647], [-75.8205, 5.8213], [-75.8364, 5.7296], [-75.8732, 5.7755], [-75.9148, 5.8474], [-75.9148, 5.8635], [-75.8854, 5.9069]]]}}, {"type": "Feature", "id": "05543", "properties": {"daneCode": "05543", "name": "Í", "dptoCode": "05", "dptoName": "Í"}, "geometry": {"type": "Polygon", "coordinates": [[[-75.7752, 7.0459], [-75.823, 6.979], [-75.845, 6.8712], [-75.9172, 6.9641], [-75.954, 6.9666], [-75.965, 6.9802], [-75.9821, 7.0013], [-75.9662, 7.1315], [-75.9454, 7.186], [-75.8854, 7.2219], [-75.8793, 7.1153], [-75.7752, 7.0459]]]}}, {"type": "Feature", "id": "05541", "properties": {"daneCode": "05541", "name": "Í", "dptoCode": "05", "dptoName": "Í"}, "geometry": {"type": "Polygon", "coordinates": [[[-75.1827, 6.2849], [-75.1962, 6.2415], [-75.1632, 6.1721], [-75.2329, 6.1634], [-75.2525, 6.1709], [-75.2843, 6.2589], [-75.2427, 6.3221], [-75.1827, 6.2849]]]}}, {"type": "Feature", "id": "05501", "properties": {"daneCode": "05501", "name": "Í", "dptoCode": "05", "dptoName": "Í"}, "geometry": {"type": "Polygon", "coordinates": [[[-75.7201, 6.6518], [-75.7177, 6.6357], [-75.8009, 6.5378], [-75.823, 6.6419], [-75.7201, 6.6518]]]}}, {"type": "Feature", "id": "05495", "properties": {"daneCode": "05495", "name": "Í", "dptoCode": "05", "dptoName": "Í"}, "geometry": {"type": "Polygon", "coordinates": [[[-74.6147, 8.0313], [-74.5609, 7.9681], [-74.6343, 7.9012], [-74.7494, 7.9458], [-74.8204, 7.9408], [-74.7898, 7.8094], [-74.8057, 7.7847], [-74.9232, 7.8094], [-74.933, 7.9805], [-74.9134, 8.0995], [-74.8302, 8.1999], [-74.7849, 8.1317], [-74.6306, 8.0549], [-74.6147, 8.0313]]]}}, {"type": "Feature", "id": "05490", "properties": {"daneCode": "05490", "name": "Í", "dptoCode": "05", "dptoName": "Í"}, "geometry": {"type": "Polygon", "coordinates": [[[-76.566, 8.6114], [-76.5709, 8.5816], [-76.4338, 8.4503], [-76.4448, 8.3722], [-76.566, 8.4007], [-76.6223, 8.33], [-76.7741, 8.2668], [-76.7582, 8.392], [-76.8243, 8.4961], [-76.9272, 8.542], [-76.8855, 8.6225], [-76.7986, 8.6312], [-76.6493, 8.6709], [-76.6285, 8.7205], [-76.566, 8.6114]]]}}, {"type": "Feature", "id": "05483", "properties": {"daneCode": "05483", "name": "Í", "dptoCode": "05", "dptoName": "Í"}, "geometry": {"type": "Polygon", "coordinates": [[[-75.2831, 5.4755], [-75.2354, 5.6763], [-75.1607, 5.6466], [-75.0689, 5.6627], [-75.1325, 5.5412], [-75.2831, 5.4755]]]}}, {"type": "Feature", "id": "05480", "properties": {"daneCode": "05480", "name": "Í", "dptoCode": "05", "dptoName": "Í"}, "geometry": {"type": "Polygon", "coordinates": [[[-76.3812, 7.3917], [-76.2184, 7.15], [-76.3175, 7.1525], [-76.3959, 7.1872], [-76.4852, 7.1352], [-76.5305, 7.2554], [-76.615, 7.3124], [-76.6823, 7.4674], [-76.6444, 7.4686], [-76.5758, 7.4859], [-76.5024, 7.5554], [-76.3812, 7.3917]]]}}, {"type": "Feature", "id": "05467", "properties": {"daneCode": "05467", "name": "Í", "dptoCode": "05", "dptoName": "Í"}, "geometry": {"type": "Polygon", "coordinates": [[[-75.5622, 5.975], [-75.5084, 5.9602], [-75.4814, 5.9341], [-75.4863, 5.8709], [-75.5341, 5.8598], [-75.5622, 5.975]]]}}, {"type": "Feature", "id": "05440", "properties": {"daneCode": "05440", "name": "Í", "dptoCode": "05", "dptoName": "Í"}, "geometry": {"type": "Polygon", "coordinates": [[[-75.2843, 6.2589], [-75.2525, 6.1709], [-75.3076, 6.1436], [-75.3517, 6.1448], [-75.3272, 6.2242], [-75.2843, 6.2589]]]}}, {"type": "Feature", "id": "05425", "properties": {"daneCode": "05425", "name": "Í", "dptoCode": "05", "dptoName": "Í"}, "geometry": {"type": "Polygon", "coordinates": [[[-74.5609, 6.6381], [-74.6086, 6.5811], [-74.6502, 6.451], [-74.7176, 6.3965], [-74.8118, 6.4621], [-74.8388, 6.5092], [-74.7347, 6.6034], [-74.5609, 6.6381]]]}}, {"type": "Feature", "id": "05411", "properties": {"daneCode": "05411", "name": "Í", "dptoCode": "05", "dptoName": "Í"}, "geometry": {"type": "Polygon", "coordinates": [[[-75.7336, 6.8055], [-75.7263, 6.798], [-75.7201, 6.6518], [-75.823, 6.6419], [-75.8328, 6.6803], [-75.8707, 6.7844], [-75.7642, 6.7881], [-75.7336, 6.8055]]]}}, {"type": "Feature", "id": "05400", "properties": {"daneCode": "05400", "name": "Í", "dptoCode": "05", "dptoName": "Í"}, "geometry": {"type": "Polygon", "coordinates": [[[-75.2843, 5.8734], [-75.4153, 5.9019], [-75.419, 5.9812], [-75.3602, 6.0308], [-75.2843, 5.8734]]]}}, {"type": "Feature", "id": "05390", "properties": {"daneCode": "05390", "name": "Í", "dptoCode": "05", "dptoName": "Í"}, "geometry": {"type": "Polygon", "coordinates": [[[-75.5696, 5.7247], [-75.5989, 5.6813], [-75.6418, 5.7569], [-75.6406, 5.7618], [-75.6198, 5.8015], [-75.5696, 5.7247]]]}}, {"type": "Feature", "id": "05376", "properties": {"daneCode": "05376", "name": "Í", "dptoCode": "05", "dptoName": "Í"}, "geometry": {"type": "Polygon", "coordinates": [[[-75.3872, 6.0581], [-75.3602, 6.0308], [-75.419, 5.9812], [-75.4153, 5.9019], [-75.4814, 5.9341], [-75.5084, 5.9602], [-75.4582, 6.0011], [-75.4447, 6.0593], [-75.3872, 6.0581]]]}}, {"type": "Feature", "id": "05368", "properties": {"daneCode": "05368", "name": "Í", "dptoCode": "05", "dptoName": "Í"}, "geometry": {"type": "Polygon", "coordinates": [[[-75.6651, 5.8003], [-75.7446, 5.7333], [-75.8071, 5.654], [-75.8095, 5.6552], [-75.8364, 5.7296], [-75.8205, 5.8213], [-75.7605, 5.8734], [-75.6651, 5.8003]]]}}, {"type": "Feature", "id": "05364", "properties": {"daneCode": "05364", "name": "Í", "dptoCode": "05", "dptoName": "Í"}, "geometry": {"type": "Polygon", "coordinates": [[[-75.8071, 5.654], [-75.752, 5.628], [-75.7299, 5.5635], [-75.8683, 5.4904], [-75.9062, 5.4817], [-75.8707, 5.5437], [-75.8732, 5.6367], [-75.8095, 5.6552], [-75.8071, 5.654]]]}}, {"type": "Feature", "id": "05360", "properties": {"daneCode": "05360", "name": "Í", "dptoCode": "05", "dptoName": "Í"}, "geometry": {"type": "Polygon", "coordinates": [[[-75.583, 6.1895], [-75.6051, 6.1634], [-75.6259, 6.1535], [-75.6479, 6.1721], [-75.583, 6.1895]]]}}, {"type": "Feature", "id": "05353", "properties": {"daneCode": "05353", "name": "Í", "dptoCode": "05", "dptoName": "Í"}, "geometry": {"type": "Polygon", "coordinates": [[[-75.8732, 5.7755], [-75.8927, 5.7544], [-75.9552, 5.7978], [-75.9148, 5.8474], [-75.8732, 5.7755]]]}}, {"type": "Feature", "id": "05347", "properties": {"daneCode": "05347", "name": "Í", "dptoCode": "05", "dptoName": "Í"}, "geometry": {"type": "Polygon", "coordinates": [[[-75.7103, 6.2589], [-75.6944, 6.1944], [-75.7471, 6.1461], [-75.8168, 6.2254], [-75.8095, 6.2601], [-75.7103, 6.2589]]]}}, {"type": "Feature", "id": "05321", "properties": {"daneCode": "05321", "name": "Í", "dptoCode": "05", "dptoName": "Í"}, "geometry": {"type": "Polygon", "coordinates": [[[-75.1179, 6.2353], [-75.1215, 6.2316], [-75.1632, 6.1721], [-75.1962, 6.2415], [-75.1827, 6.2849], [-75.1705, 6.2973], [-75.1166, 6.3023], [-75.1179, 6.2353]]]}}, {"type": "Feature", "id": "05318", "properties": {"daneCode": "05318", "name": "Í", "dptoCode": "05", "dptoName": "Í"}, "geometry": {"type": "Polygon", "coordinates": [[[-75.4068, 6.3481], [-75.3798, 6.2328], [-75.4863, 6.2056], [-75.501, 6.2973], [-75.4508, 6.3345], [-75.4068, 6.3481]]]}}, {"type": "Feature", "id": "05315", "properties": {"daneCode": "05315", "name": "Í", "dptoCode": "05", "dptoName": "Í"}, "geometry": {"type": "Polygon", "coordinates": [[[-75.1705, 6.9059], [-75.1815, 6.8464], [-75.2305, 6.7931], [-75.288, 6.8216], [-75.2427, 6.9269], [-75.2244, 6.9331], [-75.1705, 6.9059]]]}}, {"type": "Feature", "id": "05313", "properties": {"daneCode": "05313", "name": "Í", "dptoCode": "05", "dptoName": "Í"}, "geometry": {"type": "Polygon", "coordinates": [[[-75.0615, 6.1275], [-75.0848, 6.0209], [-75.1668, 6.1015], [-75.2329, 6.1634], [-75.1632, 6.1721], [-75.1215, 6.2316], [-75.0615, 6.1275]]]}}, {"type": "Feature", "id": "05310", "properties": {"daneCode": "05310", "name": "Í", "dptoCode": "05", "dptoName": "Í"}, "geometry": {"type": "Polygon", "coordinates": [[[-75.1093, 6.7819], [-75.1228, 6.658], [-75.1974, 6.5749], [-75.2868, 6.6778], [-75.2305, 6.7931], [-75.1815, 6.8464], [-75.1093, 6.7819]]]}}, {"type": "Feature", "id": "05308", "properties": {"daneCode": "05308", "name": "Í", "dptoCode": "05", "dptoName": "Í"}, "geometry": {"type": "Polygon", "coordinates": [[[-75.4043, 6.3655], [-75.4068, 6.3481], [-75.4508, 6.3345], [-75.4888, 6.4299], [-75.4484, 6.4361], [-75.4043, 6.3655]]]}}, {"type": "Feature", "id": "05234", "properties": {"daneCode": "05234", "name": "Í", "dptoCode": "05", "dptoName": "Í"}, "geometry": {"type": "Polygon", "coordinates": [[[-76.2184, 7.15], [-76.1572, 7.1277], [-76.0617, 7.1711], [-75.9662, 7.1315], [-75.9821, 7.0013], [-76.0751, 6.9406], [-76.1535, 6.9778], [-76.2245, 6.9207], [-76.2894, 6.8997], [-76.2759, 6.8042], [-76.3151, 6.7745], [-76.4081, 6.8501], [-76.4301, 6.7435], [-76.5207, 6.7646], [-76.577, 6.6952], [-76.6015, 6.715], [-76.5721, 6.8464], [-76.5122, 6.9257], [-76.5477, 7.0026], [-76.5256, 7.1054], [-76.4852, 7.1352], [-76.3959, 7.1872], [-76.3175, 7.1525], [-76.2184, 7.15]]]}}, {"type": "Feature", "id": "05284", "properties": {"daneCode": "05284", "name": "Í", "dptoCode": "05", "dptoName": "Í"}, "geometry": {"type": "Polygon", "coordinates": [[[-76.1217, 6.8513], [-76.0874, 6.7547], [-76.1033, 6.7138], [-76.1767, 6.6791], [-76.1621, 6.5923], [-76.2269, 6.5712], [-76.3175, 6.5055], [-76.38, 6.5935], [-76.484, 6.4968], [-76.5232, 6.5873], [-76.5636, 6.5663], [-76.5734, 6.6332], [-76.577, 6.6952], [-76.5207, 6.7646], [-76.4301, 6.7435], [-76.4081, 6.8501], [-76.3151, 6.7745], [-76.2759, 6.8042], [-76.2894, 6.8997], [-76.2245, 6.9207], [-76.2465, 6.8774], [-76.1559, 6.8241], [-76.1217, 6.8513]]]}}, {"type": "Feature", "id": "05361", "properties": {"daneCode": "05361", "name": "Í", "dptoCode": "05", "dptoName": "Í"}, "geometry": {"type": "Polygon", "coordinates": [[[-75.6724, 7.5975], [-75.6014, 7.5901], [-75.5414, 7.4921], [-75.5683, 7.3806], [-75.5145, 7.3732], [-75.5292, 7.2988], [-75.4447, 7.2492], [-75.6051, 7.1786], [-75.6871, 7.0844], [-75.7654, 7.062], [-75.7752, 7.0459], [-75.8793, 7.1153], [-75.8854, 7.2219], [-75.9454, 7.186], [-75.9662, 7.1315], [-76.0617, 7.1711], [-76.1572, 7.1277], [-76.2184, 7.15], [-76.3812, 7.3917], [-76.0556, 7.3645], [-75.9662, 7.357], [-75.845, 7.3471], [-75.7422, 7.6124], [-75.6724, 7.5975]]]}}, {"type": "Feature", "id": "05847", "properties": {"daneCode": "05847", "name": "Í", "dptoCode": "05", "dptoName": "Í"}, "geometry": {"type": "Polygon", "coordinates": [[[-76.1621, 6.5923], [-76.058, 6.5068], [-76.0421, 6.3779], [-75.9882, 6.3444], [-76.0041, 6.2849], [-76.0482, 6.2613], [-75.9968, 6.0779], [-75.998, 6.0692], [-76.0972, 6.0035], [-76.1596, 6.0035], [-76.1914, 6.0593], [-76.2098, 6.1845], [-76.2465, 6.2043], [-76.3775, 6.1932], [-76.4448, 6.1684], [-76.5232, 6.2192], [-76.5244, 6.3828], [-76.5636, 6.5663], [-76.5232, 6.5873], [-76.484, 6.4968], [-76.38, 6.5935], [-76.3175, 6.5055], [-76.2269, 6.5712], [-76.1621, 6.5923]]]}}, {"type": "Feature", "id": "05475", "properties": {"daneCode": "05475", "name": "Í", "dptoCode": "05", "dptoName": "Í"}, "geometry": {"type": "Polygon", "coordinates": [[[-76.5477, 7.0026], [-76.5122, 6.9257], [-76.5721, 6.8464], [-76.6015, 6.715], [-76.577, 6.6952], [-76.5734, 6.6332], [-76.708, 6.6629], [-76.7497, 6.6394], [-76.8488, 6.6592], [-76.8708, 6.7323], [-76.9174, 6.7844], [-76.9002, 6.829], [-76.7937, 6.865], [-76.8243, 7.005], [-76.6762, 7.0298], [-76.5477, 7.0026]]]}}, {"type": "Feature", "id": "05873", "properties": {"daneCode": "05873", "name": "Í", "dptoCode": "05", "dptoName": "Í"}, "geometry": {"type": "Polygon", "coordinates": [[[-76.9002, 6.829], [-76.9174, 6.7844], [-76.8708, 6.7323], [-76.8488, 6.6592], [-76.7497, 6.6394], [-76.708, 6.6629], [-76.5734, 6.6332], [-76.5636, 6.5663], [-76.5244, 6.3828], [-76.5232, 6.2192], [-76.4448, 6.1684], [-76.6015, 6.1919], [-76.7154, 6.1709], [-76.7178, 6.2155], [-76.7766, 6.2861], [-76.7913, 6.3419], [-76.7778, 6.4894], [-76.899, 6.5799], [-76.9541, 6.6753], [-76.9724, 6.798], [-76.9137, 6.8464], [-76.9002, 6.829]]]}}, {"type": "Feature", "id": "05045", "properties": {"daneCode": "05045", "name": "Í", "dptoCode": "05", "dptoName": "Í"}, "geometry": {"type": "Polygon", "coordinates": [[[-76.4253, 8.0735], [-76.4118, 8.0065], [-76.4216, 7.9123], [-76.4644, 7.8702], [-76.5171, 7.8355], [-76.5489, 7.771], [-76.7019, 7.8119], [-76.7533, 7.8789], [-76.533, 7.9631], [-76.4253, 8.0735]]]}}, {"type": "Feature", "id": "27615", "properties": {"daneCode": "27615", "name": "Í", "dptoCode": "27", "dptoName": "Í"}, "geometry": {"type": "Polygon", "coordinates": [[[-77.1793, 7.9569], [-77.0985, 7.9222], [-77.0753, 7.8479], [-77.123, 7.7896], [-76.9602, 7.6396], [-76.9357, 7.5839], [-76.8011, 7.5715], [-76.6823, 7.4674], [-76.615, 7.3124], [-76.5305, 7.2554], [-76.4852, 7.1352], [-76.5256, 7.1054], [-76.5856, 7.1364], [-76.6603, 7.2517], [-76.7619, 7.3137], [-76.8402, 7.2951], [-76.9871, 7.2913], [-76.9982, 7.2504], [-77.0777, 7.2033], [-77.0985, 7.1426], [-77.2234, 7.1005], [-77.3923, 6.9369], [-77.4033, 6.8712], [-77.363, 6.808], [-77.3715, 6.808], [-77.4584, 6.8228], [-77.5196, 6.7311], [-77.5368, 6.8464], [-77.5906, 6.9319], [-77.5613, 6.9951], [-77.598, 7.0868], [-77.6017, 7.2058], [-77.6678, 7.2219], [-77.7363, 7.3855], [-77.7106, 7.4996], [-77.7486, 7.6149], [-77.7424, 7.6781], [-77.647, 7.6533], [-77.6066, 7.5417], [-77.5686, 7.5083], [-77.4927, 7.5839], [-77.3128, 7.8974], [-77.1793, 7.9569]]]}}, {"type": "Feature", "id": "27001", "properties": {"daneCode": "27001", "name": "Í", "dptoCode": "27", "dptoName": "Í"}, "geometry": {"type": "Polygon", "coordinates": [[[-76.7913, 6.3419], [-76.7766, 6.2861], [-76.7178, 6.2155], [-76.7154, 6.1709], [-76.7533, 6.1324], [-76.8721, 6.1188], [-76.9406, 6.1411], [-76.9835, 6.0358], [-76.9235, 6.0122], [-76.9247, 5.892], [-76.8378, 5.8114], [-76.5868, 5.9093], [-76.5171, 5.9924], [-76.4204, 6.0358], [-76.2833, 6.151], [-76.2465, 6.2043], [-76.2098, 6.1845], [-76.1914, 6.0593], [-76.1596, 6.0035], [-76.1927, 5.9118], [-76.2367, 5.9044], [-76.3702, 5.7904], [-76.3763, 5.7234], [-76.4754, 5.6875], [-76.6517, 5.6292], [-76.6787, 5.6515], [-76.7178, 5.685], [-76.8929, 5.6825], [-76.9492, 5.6676], [-76.9945, 5.7321], [-77.0373, 5.9391], [-77.101, 5.975], [-77.1402, 6.037], [-77.123, 6.0965], [-77.0594, 6.1523], [-77.0741, 6.2341], [-77.0349, 6.2948], [-76.9492, 6.2341], [-76.9014, 6.239], [-76.7913, 6.3419]]]}}, {"type": "Feature", "id": "27006", "properties": {"daneCode": "27006", "name": "Í", "dptoCode": "27", "dptoName": "Í"}, "geometry": {"type": "Polygon", "coordinates": [[[-77.0777, 8.3176], [-77.1561, 8.2879], [-77.2981, 8.2767], [-77.3495, 8.2966], [-77.3483, 8.3573], [-77.3862, 8.4403], [-77.4499, 8.4998], [-77.3446, 8.6448], [-77.2871, 8.5717], [-77.2479, 8.4713], [-77.1291, 8.4094], [-77.0777, 8.3176]]]}}, {"type": "Feature", "id": "27025", "properties": {"daneCode": "27025", "name": "Í", "dptoCode": "27", "dptoName": "Í"}, "geometry": {"type": "Polygon", "coordinates": [[[-77.1402, 6.037], [-77.101, 5.975], [-77.0373, 5.9391], [-76.9945, 5.7321], [-76.9492, 5.6676], [-76.9688, 5.4904], [-76.9149, 5.5387], [-76.8757, 5.5139], [-76.8953, 5.4408], [-76.861, 5.3875], [-76.9321, 5.2871], [-77.0361, 5.3293], [-77.0998, 5.395], [-77.1916, 5.3801], [-77.2601, 5.4284], [-77.2687, 5.5065], [-77.2124, 5.5263], [-77.1903, 5.6429], [-77.2161, 5.7321], [-77.1377, 5.8486], [-77.2185, 5.8784], [-77.2895, 6.006], [-77.276, 6.0283], [-77.1402, 6.037]]]}}, {"type": "Feature", "id": "27050", "properties": {"daneCode": "27050", "name": "Í", "dptoCode": "27", "dptoName": "Í"}, "geometry": {"type": "Polygon", "coordinates": [[[-76.4754, 5.6875], [-76.5146, 5.5586], [-76.5856, 5.5487], [-76.5697, 5.4507], [-76.6101, 5.4036], [-76.6823, 5.4334], [-76.7068, 5.5784], [-76.6787, 5.6515], [-76.6517, 5.6292], [-76.4754, 5.6875]]]}}, {"type": "Feature", "id": "27073", "properties": {"daneCode": "27073", "name": "Í", "dptoCode": "27", "dptoName": "Í"}, "geometry": {"type": "Polygon", "coordinates": [[[-76.0739, 5.6776], [-76.0066, 5.623], [-76.009, 5.5672], [-76.0849, 5.5338], [-76.0886, 5.447], [-76.1914, 5.4148], [-76.2269, 5.3751], [-76.3261, 5.3355], [-76.4044, 5.359], [-76.3983, 5.4197], [-76.3359, 5.4284], [-76.3163, 5.5276], [-76.2196, 5.5821], [-76.14, 5.6552], [-76.0874, 5.6887], [-76.0739, 5.6776]]]}}, {"type": "Feature", "id": "27075", "properties": {"daneCode": "27075", "name": "Í", "dptoCode": "27", "dptoName": "Í"}, "geometry": {"type": "Polygon", "coordinates": [[[-77.363, 6.808], [-77.3128, 6.7671], [-77.3703, 6.7299], [-77.3593, 6.6245], [-77.3091, 6.5514], [-77.3372, 6.425], [-77.3017, 6.3791], [-77.2981, 6.2675], [-77.2552, 6.2601], [-77.2222, 6.1362], [-77.292, 6.0767], [-77.276, 6.0283], [-77.2895, 6.006], [-77.3336, 5.9899], [-77.4548, 6.1337], [-77.4829, 6.1932], [-77.4095, 6.2279], [-77.3593, 6.3927], [-77.3593, 6.4882], [-77.325, 6.5489], [-77.3972, 6.6208], [-77.4046, 6.6852], [-77.4829, 6.6976], [-77.4278, 6.772], [-77.3715, 6.808], [-77.363, 6.808]]]}}, {"type": "Feature", "id": "27077", "properties": {"daneCode": "27077", "name": "Í", "dptoCode": "27", "dptoName": "Í"}, "geometry": {"type": "Polygon", "coordinates": [[[-77.2687, 5.5065], [-77.2601, 5.4284], [-77.1916, 5.3801], [-77.0998, 5.395], [-77.0361, 5.3293], [-76.9321, 5.2871], [-76.97, 5.2983], [-77.0618, 5.2115], [-77.1585, 5.1867], [-77.1867, 5.1049], [-77.2467, 5.0888], [-77.2307, 5.033], [-77.1524, 5.033], [-77.0643, 4.9537], [-76.9773, 4.9178], [-76.9749, 4.8422], [-76.9369, 4.7752], [-77.0594, 4.6947], [-77.1585, 4.5261], [-77.0606, 4.4728], [-77.1903, 4.443], [-77.276, 4.5583], [-77.3262, 4.5695], [-77.3128, 4.774], [-77.3483, 4.8112], [-77.3752, 4.9587], [-77.3874, 5.2884], [-77.4131, 5.4036], [-77.3899, 5.4433], [-77.5233, 5.5053], [-77.3189, 5.5561], [-77.2687, 5.5065]]]}}, {"type": "Feature", "id": "27099", "properties": {"daneCode": "27099", "name": "Í", "dptoCode": "27", "dptoName": "Í"}, "geometry": {"type": "Polygon", "coordinates": [[[-76.7913, 6.3419], [-76.9014, 6.239], [-76.9492, 6.2341], [-77.0349, 6.2948], [-77.0741, 6.2341], [-77.0594, 6.1523], [-77.123, 6.0965], [-77.1402, 6.037], [-77.276, 6.0283], [-77.292, 6.0767], [-77.2222, 6.1362], [-77.2552, 6.2601], [-77.2981, 6.2675], [-77.3017, 6.3791], [-77.3372, 6.425], [-77.3091, 6.5514], [-77.3593, 6.6245], [-77.3703, 6.7299], [-77.3128, 6.7671], [-77.2001, 6.7757], [-77.1867, 6.8352], [-77.0875, 6.8142], [-76.9137, 6.8464], [-76.9724, 6.798], [-76.9541, 6.6753], [-76.899, 6.5799], [-76.7778, 6.4894], [-76.7913, 6.3419]]]}}, {"type": "Feature", "id": "27135", "properties": {"daneCode": "27135", "name": "Í", "dptoCode": "27", "dptoName": "Í"}, "geometry": {"type": "Polygon", "coordinates": [[[-76.7215, 5.4222], [-76.686, 5.3999], [-76.6566, 5.2685], [-76.7044, 5.245], [-76.8415, 5.2685], [-76.8255, 5.3479], [-76.861, 5.3875], [-76.8953, 5.4408], [-76.8757, 5.5139], [-76.8439, 5.4743], [-76.7215, 5.4222]]]}}, {"type": "Feature", "id": "27150", "properties": {"daneCode": "27150", "name": "Í", "dptoCode": "27", "dptoName": "Í"}, "geometry": {"type": "Polygon", "coordinates": [[[-76.5256, 7.1054], [-76.5477, 7.0026], [-76.6762, 7.0298], [-76.8243, 7.005], [-76.7937, 6.865], [-76.9002, 6.829], [-76.9137, 6.8464], [-77.0875, 6.8142], [-77.1867, 6.8352], [-77.2001, 6.7757], [-77.3128, 6.7671], [-77.363, 6.808], [-77.4033, 6.8712], [-77.3923, 6.9369], [-77.2234, 7.1005], [-77.0985, 7.1426], [-77.0777, 7.2033], [-76.9982, 7.2504], [-76.9871, 7.2913], [-76.8402, 7.2951], [-76.7619, 7.3137], [-76.6603, 7.2517], [-76.5856, 7.1364], [-76.5256, 7.1054]]]}}, {"type": "Feature", "id": "27160", "properties": {"daneCode": "27160", "name": "Í", "dptoCode": "27", "dptoName": "Í"}, "geometry": {"type": "Polygon", "coordinates": [[[-76.3359, 5.4284], [-76.3983, 5.4197], [-76.4044, 5.359], [-76.4938, 5.3379], [-76.5305, 5.2884], [-76.5979, 5.2735], [-76.6138, 5.3578], [-76.686, 5.3999], [-76.7215, 5.4222], [-76.6823, 5.4334], [-76.6101, 5.4036], [-76.5697, 5.4507], [-76.435, 5.4743], [-76.3359, 5.4284]]]}}, {"type": "Feature", "id": "27205", "properties": {"daneCode": "27205", "name": "Í", "dptoCode": "27", "dptoName": "Í"}, "geometry": {"type": "Polygon", "coordinates": [[[-76.2906, 5.126], [-76.4301, 5.095], [-76.4436, 5.0268], [-76.4975, 4.9859], [-76.5575, 5.0082], [-76.7068, 4.9909], [-76.6774, 5.1086], [-76.6272, 5.0975], [-76.495, 5.1533], [-76.4289, 5.1248], [-76.3604, 5.1285], [-76.3604, 5.1979], [-76.3016, 5.1867], [-76.2906, 5.126]]]}}, {"type": "Feature", "id": "27245", "properties": {"daneCode": "27245", "name": "Í", "dptoCode": "27", "dptoName": "Í"}, "geometry": {"type": "Polygon", "coordinates": [[[-76.0972, 6.0035], [-76.0543, 5.9317], [-76.0984, 5.8498], [-76.0654, 5.7643], [-76.0874, 5.6887], [-76.14, 5.6552], [-76.2429, 5.6726], [-76.2943, 5.711], [-76.3763, 5.7234], [-76.3702, 5.7904], [-76.2367, 5.9044], [-76.1927, 5.9118], [-76.1596, 6.0035], [-76.0972, 6.0035]]]}}, {"type": "Feature", "id": "27250", "properties": {"daneCode": "27250", "name": "Í", "dptoCode": "27", "dptoName": "Í"}, "geometry": {"type": "Polygon", "coordinates": [[[-77.0606, 4.4728], [-76.9553, 4.4294], [-76.8292, 4.4257], [-76.637, 4.3811], [-76.5489, 4.3377], [-76.4877, 4.2361], [-76.4546, 4.2299], [-76.4485, 4.1617], [-76.4987, 4.0638], [-76.5893, 3.9931], [-76.6248, 4.0154], [-76.6811, 3.9646], [-76.8598, 4.0303], [-76.9149, 4.096], [-76.9945, 4.1208], [-77.0496, 4.0948], [-77.1585, 4.1828], [-77.3066, 4.1654], [-77.3532, 4.1976], [-77.4499, 4.039], [-77.5258, 4.127], [-77.5245, 4.2571], [-77.4229, 4.2869], [-77.4278, 4.3179], [-77.3544, 4.4158], [-77.3262, 4.5695], [-77.276, 4.5583], [-77.1903, 4.443], [-77.0606, 4.4728]]]}}, {"type": "Feature", "id": "27361", "properties": {"daneCode": "27361", "name": "Í", "dptoCode": "27", "dptoName": "Í"}, "geometry": {"type": "Polygon", "coordinates": [[[-76.7044, 5.245], [-76.6285, 5.2152], [-76.5354, 5.2177], [-76.6823, 5.1272], [-76.7252, 5.1161], [-76.779, 4.9909], [-76.8598, 4.9302], [-76.8806, 4.8087], [-76.8659, 4.7194], [-76.9639, 4.6922], [-76.921, 4.6042], [-76.8427, 4.6141], [-76.7215, 4.5534], [-76.6529, 4.4914], [-76.6787, 4.4691], [-76.637, 4.3811], [-76.8292, 4.4257], [-76.9553, 4.4294], [-77.0606, 4.4728], [-77.1585, 4.5261], [-77.0594, 4.6947], [-76.9369, 4.7752], [-76.9749, 4.8422], [-76.9773, 4.9178], [-76.921, 4.9649], [-76.8806, 4.945], [-76.8537, 5.033], [-76.7974, 5.0863], [-76.79, 5.1582], [-76.8513, 5.2028], [-76.8415, 5.2685], [-76.7044, 5.245]]]}}, {"type": "Feature", "id": "27372", "properties": {"daneCode": "27372", "name": "Í", "dptoCode": "27", "dptoName": "Í"}, "geometry": {"type": "Polygon", "coordinates": [[[-77.3715, 6.808], [-77.4278, 6.772], [-77.4829, 6.6976], [-77.5331, 6.6989], [-77.5698, 6.7956], [-77.6176, 6.8427], [-77.7106, 6.8798], [-77.6629, 7.0001], [-77.8832, 7.2182], [-77.7926, 7.4612], [-77.7106, 7.4996], [-77.7363, 7.3855], [-77.6678, 7.2219], [-77.6017, 7.2058], [-77.598, 7.0868], [-77.5613, 6.9951], [-77.5906, 6.9319], [-77.5368, 6.8464], [-77.5196, 6.7311], [-77.4584, 6.8228], [-77.3715, 6.808]]]}}, {"type": "Feature", "id": "27413", "properties": {"daneCode": "27413", "name": "Í", "dptoCode": "27", "dptoName": "Í"}, "geometry": {"type": "Polygon", "coordinates": [[[-76.3763, 5.7234], [-76.2943, 5.711], [-76.2429, 5.6726], [-76.14, 5.6552], [-76.2196, 5.5821], [-76.3163, 5.5276], [-76.3359, 5.4284], [-76.435, 5.4743], [-76.5697, 5.4507], [-76.5856, 5.5487], [-76.5146, 5.5586], [-76.4754, 5.6875], [-76.3763, 5.7234]]]}}, {"type": "Feature", "id": "27425", "properties": {"daneCode": "27425", "name": "Í", "dptoCode": "27", "dptoName": "Í"}, "geometry": {"type": "Polygon", "coordinates": [[[-76.2465, 6.2043], [-76.2833, 6.151], [-76.4204, 6.0358], [-76.5171, 5.9924], [-76.5868, 5.9093], [-76.8378, 5.8114], [-76.9247, 5.892], [-76.9235, 6.0122], [-76.9835, 6.0358], [-76.9406, 6.1411], [-76.8721, 6.1188], [-76.7533, 6.1324], [-76.7154, 6.1709], [-76.6015, 6.1919], [-76.4448, 6.1684], [-76.3775, 6.1932], [-76.2465, 6.2043]]]}}, {"type": "Feature", "id": "27430", "properties": {"daneCode": "27430", "name": "Í", "dptoCode": "27", "dptoName": "Í"}, "geometry": {"type": "Polygon", "coordinates": [[[-76.8415, 5.2685], [-76.8513, 5.2028], [-76.79, 5.1582], [-76.7974, 5.0863], [-76.8537, 5.033], [-76.8806, 4.945], [-76.921, 4.9649], [-76.9773, 4.9178], [-77.0643, 4.9537], [-77.1524, 5.033], [-77.2307, 5.033], [-77.2467, 5.0888], [-77.1867, 5.1049], [-77.1585, 5.1867], [-77.0618, 5.2115], [-76.97, 5.2983], [-76.9321, 5.2871], [-76.861, 5.3875], [-76.8255, 5.3479], [-76.8415, 5.2685]]]}}, {"type": "Feature", "id": "27450", "properties": {"daneCode": "27450", "name": "Í", "dptoCode": "27", "dptoName": "Í"}, "geometry": {"type": "Polygon", "coordinates": [[[-76.6823, 5.1272], [-76.6774, 5.1086], [-76.7068, 4.9909], [-76.686, 4.9326], [-76.757, 4.8793], [-76.8035, 4.774], [-76.8427, 4.7517], [-76.8133, 4.6513], [-76.7227, 4.6029], [-76.6529, 4.4914], [-76.7215, 4.5534], [-76.8427, 4.6141], [-76.921, 4.6042], [-76.9639, 4.6922], [-76.8659, 4.7194], [-76.8806, 4.8087], [-76.8598, 4.9302], [-76.779, 4.9909], [-76.7252, 5.1161], [-76.6823, 5.1272]]]}}, {"type": "Feature", "id": "27491", "properties": {"daneCode": "27491", "name": "Í", "dptoCode": "27", "dptoName": "Í"}, "geometry": {"type": "Polygon", "coordinates": [[[-76.5085, 4.7963], [-76.5844, 4.6909], [-76.6309, 4.6575], [-76.6995, 4.7232], [-76.7998, 4.7616], [-76.8427, 4.7517], [-76.8035, 4.774], [-76.757, 4.8793], [-76.686, 4.9326], [-76.7068, 4.9909], [-76.5575, 5.0082], [-76.4975, 4.9859], [-76.4436, 5.0268], [-76.4191, 4.9537], [-76.4705, 4.9302], [-76.5085, 4.7963]]]}}, {"type": "Feature", "id": "27495", "properties": {"daneCode": "27495", "name": "Í", "dptoCode": "27", "dptoName": "Í"}, "geometry": {"type": "Polygon", "coordinates": [[[-77.2687, 5.5065], [-77.3189, 5.5561], [-77.5233, 5.5053], [-77.5037, 5.5846], [-77.4217, 5.6255], [-77.3385, 5.6193], [-77.2638, 5.716], [-77.2565, 5.7941], [-77.2895, 5.8461], [-77.3336, 5.9899], [-77.2895, 6.006], [-77.2185, 5.8784], [-77.1377, 5.8486], [-77.2161, 5.7321], [-77.1903, 5.6429], [-77.2124, 5.5263], [-77.2687, 5.5065]]]}}, {"type": "Feature", "id": "27580", "properties": {"daneCode": "27580", "name": "Í", "dptoCode": "27", "dptoName": "Í"}, "geometry": {"type": "Polygon", "coordinates": [[[-76.3604, 5.1979], [-76.3604, 5.1285], [-76.4289, 5.1248], [-76.495, 5.1533], [-76.6272, 5.0975], [-76.6774, 5.1086], [-76.6823, 5.1272], [-76.5354, 5.2177], [-76.3983, 5.2661], [-76.3604, 5.1979]]]}}, {"type": "Feature", "id": "27600", "properties": {"daneCode": "27600", "name": "Í", "dptoCode": "27", "dptoName": "Í"}, "geometry": {"type": "Polygon", "coordinates": [[[-76.6787, 5.6515], [-76.7068, 5.5784], [-76.6823, 5.4334], [-76.7215, 5.4222], [-76.8439, 5.4743], [-76.8757, 5.5139], [-76.9149, 5.5387], [-76.9688, 5.4904], [-76.9492, 5.6676], [-76.8929, 5.6825], [-76.7178, 5.685], [-76.6787, 5.6515]]]}}, {"type": "Feature", "id": "27660", "properties": {"daneCode": "27660", "name": "Í", "dptoCode": "27", "dptoName": "Í"}, "geometry": {"type": "Polygon", "coordinates": [[[-76.1327, 5.183], [-76.0605, 5.1322], [-76.0776, 5.0467], [-76.0886, 4.9463], [-76.1376, 4.8434], [-76.1388, 4.8409], [-76.211, 4.8298], [-76.3126, 4.7504], [-76.4632, 4.7492], [-76.5085, 4.7963], [-76.4705, 4.9302], [-76.4191, 4.9537], [-76.4436, 5.0268], [-76.4301, 5.095], [-76.2906, 5.126], [-76.2037, 5.1731], [-76.1327, 5.183]]]}}, {"type": "Feature", "id": "27745", "properties": {"daneCode": "27745", "name": "Í", "dptoCode": "27", "dptoName": "Í"}, "geometry": {"type": "Polygon", "coordinates": [[[-76.3126, 4.7504], [-76.2979, 4.6984], [-76.3004, 4.6538], [-76.3653, 4.4926], [-76.4816, 4.4145], [-76.5391, 4.3959], [-76.5489, 4.3377], [-76.637, 4.3811], [-76.6787, 4.4691], [-76.6529, 4.4914], [-76.7227, 4.6029], [-76.8133, 4.6513], [-76.8427, 4.7517], [-76.7998, 4.7616], [-76.6995, 4.7232], [-76.6309, 4.6575], [-76.5844, 4.6909], [-76.5085, 4.7963], [-76.4632, 4.7492], [-76.3126, 4.7504]]]}}, {"type": "Feature", "id": "27787", "properties": {"daneCode": "27787", "name": "Í", "dptoCode": "27", "dptoName": "Í"}, "geometry": {"type": "Polygon", "coordinates": [[[-76.1327, 5.183], [-76.2037, 5.1731], [-76.2906, 5.126], [-76.3016, 5.1867], [-76.3604, 5.1979], [-76.3983, 5.2661], [-76.5354, 5.2177], [-76.6285, 5.2152], [-76.5979, 5.2735], [-76.5305, 5.2884], [-76.4938, 5.3379], [-76.4044, 5.359], [-76.3261, 5.3355], [-76.2269, 5.3751], [-76.1914, 5.4148], [-76.2012, 5.3218], [-76.1327, 5.183]]]}}, {"type": "Feature", "id": "27800", "properties": {"daneCode": "27800", "name": "Í", "dptoCode": "27", "dptoName": "Í"}, "geometry": {"type": "Polygon", "coordinates": [[[-77.0777, 8.3176], [-77.0361, 8.2532], [-76.9798, 8.2557], [-76.9492, 8.1726], [-76.9382, 8.0685], [-76.9969, 8.0189], [-77.0263, 7.89], [-77.0753, 7.8479], [-77.0985, 7.9222], [-77.1793, 7.9569], [-77.2295, 8.0549], [-77.2185, 8.0896], [-77.2981, 8.2767], [-77.1561, 8.2879], [-77.0777, 8.3176]]]}}, {"type": "Feature", "id": "27810", "properties": {"daneCode": "27810", "name": "Í", "dptoCode": "27", "dptoName": "Í"}, "geometry": {"type": "Polygon", "coordinates": [[[-76.5979, 5.2735], [-76.6285, 5.2152], [-76.7044, 5.245], [-76.6566, 5.2685], [-76.686, 5.3999], [-76.6138, 5.3578], [-76.5979, 5.2735]]]}}, {"type": "Feature", "id": "52835", "properties": {"daneCode": "52835", "name": "Í", "dptoCode": "52", "dptoName": "Í"}, "geometry": {"type": "MultiPolygon", "coordinates": [[[[-78.5337, 1.9696], [-78.5345, 1.9703], [-78.5173, 2.0348], [-78.5337, 1.9696]]], [[[-78.5638, 2.4326], [-78.5589, 2.3186], [-78.5002, 2.2777], [-78.5565, 2.1934], [-78.6263, 2.1872], [-78.7009, 2.2145], [-78.6275, 2.3198], [-78.6238, 2.3719], [-78.5638, 2.4326]]]]}}, {"type": "Feature", "id": "23001", "properties": {"daneCode": "23001", "name": "Í", "dptoCode": "23", "dptoName": "Í"}, "geometry": {"type": "Polygon", "coordinates": [[[-76.0874, 8.9411], [-76.0519, 8.9485], [-76.0127, 8.9076], [-75.8536, 8.8568], [-75.7936, 8.7985], [-75.752, 8.6287], [-75.6822, 8.5829], [-75.6785, 8.5135], [-75.6455, 8.397], [-75.6687, 8.3213], [-75.7667, 8.2978], [-75.8536, 8.2718], [-75.9013, 8.3263], [-76.0629, 8.3325], [-76.1229, 8.3945], [-76.1804, 8.3994], [-76.2184, 8.4441], [-76.2098, 8.5234], [-76.2551, 8.594], [-76.2514, 8.6114], [-76.1657, 8.651], [-76.1204, 8.7229], [-76.1449, 8.7985], [-76.1376, 8.8965], [-76.1792, 8.8989], [-76.0874, 8.9411]]]}}, {"type": "Feature", "id": "23068", "properties": {"daneCode": "23068", "name": "Í", "dptoCode": "23", "dptoName": "Í"}, "geometry": {"type": "Polygon", "coordinates": [[[-75.0028, 8.5221], [-74.9257, 8.4998], [-74.8987, 8.4465], [-74.84, 8.3945], [-74.7812, 8.278], [-74.8302, 8.1999], [-74.9134, 8.0995], [-75.0567, 8.0474], [-75.168, 8.0524], [-75.1729, 8.102], [-75.3247, 8.1404], [-75.3284, 8.2061], [-75.2464, 8.3275], [-75.1852, 8.397], [-75.1277, 8.4688], [-75.042, 8.4577], [-75.0028, 8.5221]]]}}, {"type": "Feature", "id": "23079", "properties": {"daneCode": "23079", "name": "Í", "dptoCode": "23", "dptoName": "Í"}, "geometry": {"type": "Polygon", "coordinates": [[[-75.2464, 8.3275], [-75.3284, 8.2061], [-75.3247, 8.1404], [-75.3211, 8.1044], [-75.3896, 8.0189], [-75.4594, 8.0338], [-75.4937, 8.0747], [-75.5732, 8.0995], [-75.5879, 8.2544], [-75.397, 8.3275], [-75.3541, 8.3759], [-75.3431, 8.3213], [-75.2464, 8.3275]]]}}, {"type": "Feature", "id": "23090", "properties": {"daneCode": "23090", "name": "Í", "dptoCode": "23", "dptoName": "Í"}, "geometry": {"type": "Polygon", "coordinates": [[[-76.1449, 8.7985], [-76.1204, 8.7229], [-76.1657, 8.651], [-76.2514, 8.6114], [-76.364, 8.7093], [-76.2686, 8.8258], [-76.1449, 8.7985]]]}}, {"type": "Feature", "id": "23162", "properties": {"daneCode": "23162", "name": "Í", "dptoCode": "23", "dptoName": "Í"}, "geometry": {"type": "Polygon", "coordinates": [[[-75.7177, 8.9745], [-75.7177, 8.8605], [-75.7936, 8.7985], [-75.8536, 8.8568], [-76.0127, 8.9076], [-76.0519, 8.9485], [-76.0005, 8.9597], [-75.9185, 8.9076], [-75.8279, 8.9039], [-75.7581, 8.9783], [-75.7177, 8.9745]]]}}, {"type": "Feature", "id": "23168", "properties": {"daneCode": "23168", "name": "Í", "dptoCode": "23", "dptoName": "Í"}, "geometry": {"type": "Polygon", "coordinates": [[[-75.6002, 9.2386], [-75.561, 9.1629], [-75.5904, 9.0378], [-75.7103, 8.9845], [-75.7275, 9.0675], [-75.7397, 9.1134], [-75.6883, 9.1629], [-75.6002, 9.2386]]]}}, {"type": "Feature", "id": "23182", "properties": {"daneCode": "23182", "name": "Í", "dptoCode": "23", "dptoName": "Í"}, "geometry": {"type": "Polygon", "coordinates": [[[-75.2244, 9.0737], [-75.2084, 9.034], [-75.168, 8.9522], [-75.1864, 8.9138], [-75.2035, 8.9151], [-75.2586, 8.8952], [-75.4594, 9.0055], [-75.5573, 8.9708], [-75.5683, 9.0216], [-75.5145, 9.0328], [-75.4484, 9.1406], [-75.3921, 9.1592], [-75.2807, 9.0725], [-75.2244, 9.0737]]]}}, {"type": "Feature", "id": "23189", "properties": {"daneCode": "23189", "name": "Í", "dptoCode": "23", "dptoName": "Í"}, "geometry": {"type": "Polygon", "coordinates": [[[-75.5904, 9.0378], [-75.5683, 9.0216], [-75.5573, 8.9708], [-75.5292, 8.7118], [-75.501, 8.6176], [-75.5561, 8.6015], [-75.6038, 8.6399], [-75.5965, 8.713], [-75.6393, 8.7985], [-75.7177, 8.8605], [-75.7177, 8.9745], [-75.7103, 8.9845], [-75.5904, 9.0378]]]}}, {"type": "Feature", "id": "23300", "properties": {"daneCode": "23300", "name": "Í", "dptoCode": "23", "dptoName": "Í"}, "geometry": {"type": "Polygon", "coordinates": [[[-75.7397, 9.1134], [-75.7275, 9.0675], [-75.7997, 9.0006], [-75.8438, 9.0427], [-75.7397, 9.1134]]]}}, {"type": "Feature", "id": "23350", "properties": {"daneCode": "23350", "name": "Í", "dptoCode": "23", "dptoName": "Í"}, "geometry": {"type": "Polygon", "coordinates": [[[-75.168, 8.0524], [-75.2207, 8.066], [-75.3088, 7.947], [-75.337, 7.9483], [-75.3896, 8.0189], [-75.3211, 8.1044], [-75.3247, 8.1404], [-75.1729, 8.102], [-75.168, 8.0524]]]}}, {"type": "Feature", "id": "23417", "properties": {"daneCode": "23417", "name": "Í", "dptoCode": "23", "dptoName": "Í"}, "geometry": {"type": "Polygon", "coordinates": [[[-75.8646, 9.3377], [-75.7777, 9.2844], [-75.7765, 9.215], [-75.7091, 9.2162], [-75.6883, 9.1629], [-75.7397, 9.1134], [-75.8438, 9.0427], [-75.9331, 9.065], [-75.9723, 9.0254], [-76.1106, 9.0638], [-76.1547, 9.0836], [-76.0715, 9.1989], [-76.0103, 9.2175], [-75.9515, 9.2894], [-75.8646, 9.3377]]]}}, {"type": "Feature", "id": "23419", "properties": {"daneCode": "23419", "name": "Í", "dptoCode": "23", "dptoName": "Í"}, "geometry": {"type": "Polygon", "coordinates": [[[-76.1792, 8.8989], [-76.1376, 8.8965], [-76.1449, 8.7985], [-76.2686, 8.8258], [-76.364, 8.7093], [-76.413, 8.8742], [-76.3249, 8.9361], [-76.2661, 8.8779], [-76.1792, 8.8989]]]}}, {"type": "Feature", "id": "23464", "properties": {"daneCode": "23464", "name": "Í", "dptoCode": "23", "dptoName": "Í"}, "geometry": {"type": "Polygon", "coordinates": [[[-75.5843, 9.2733], [-75.6002, 9.2386], [-75.6883, 9.1629], [-75.7091, 9.2162], [-75.6944, 9.3104], [-75.6283, 9.3526], [-75.5843, 9.2733]]]}}, {"type": "Feature", "id": "23500", "properties": {"daneCode": "23500", "name": "Í", "dptoCode": "23", "dptoName": "Í"}, "geometry": {"type": "Polygon", "coordinates": [[[-76.0715, 9.1989], [-76.1547, 9.0836], [-76.1939, 9.1109], [-76.1706, 9.2299], [-76.0996, 9.3142], [-76.0605, 9.2683], [-76.0715, 9.1989]]]}}, {"type": "Feature", "id": "23555", "properties": {"daneCode": "23555", "name": "Í", "dptoCode": "23", "dptoName": "Í"}, "geometry": {"type": "Polygon", "coordinates": [[[-75.3541, 8.3759], [-75.397, 8.3275], [-75.5879, 8.2544], [-75.5732, 8.0995], [-75.6075, 8.0524], [-75.752, 8.0735], [-75.8009, 8.1677], [-75.7544, 8.2395], [-75.7667, 8.2978], [-75.6687, 8.3213], [-75.6455, 8.397], [-75.6785, 8.5135], [-75.6418, 8.5618], [-75.583, 8.4862], [-75.4692, 8.4217], [-75.397, 8.4131], [-75.3541, 8.3759]]]}}, {"type": "Feature", "id": "23570", "properties": {"daneCode": "23570", "name": "Í", "dptoCode": "23", "dptoName": "Í"}, "geometry": {"type": "Polygon", "coordinates": [[[-75.501, 8.6176], [-75.4778, 8.5891], [-75.3186, 8.5878], [-75.2672, 8.4874], [-75.2133, 8.4738], [-75.1852, 8.397], [-75.2464, 8.3275], [-75.3431, 8.3213], [-75.3541, 8.3759], [-75.397, 8.4131], [-75.4692, 8.4217], [-75.583, 8.4862], [-75.6418, 8.5618], [-75.6038, 8.6399], [-75.5561, 8.6015], [-75.501, 8.6176]]]}}, {"type": "Feature", "id": "23574", "properties": {"daneCode": "23574", "name": "Í", "dptoCode": "23", "dptoName": "Í"}, "geometry": {"type": "Polygon", "coordinates": [[[-76.1547, 9.0836], [-76.1106, 9.0638], [-76.0702, 9.0031], [-76.0874, 8.9411], [-76.1792, 8.8989], [-76.2661, 8.8779], [-76.3249, 8.9361], [-76.2649, 8.9981], [-76.2514, 9.0576], [-76.1939, 9.1109], [-76.1547, 9.0836]]]}}, {"type": "Feature", "id": "23586", "properties": {"daneCode": "23586", "name": "Í", "dptoCode": "23", "dptoName": "Í"}, "geometry": {"type": "Polygon", "coordinates": [[[-75.6491, 9.3625], [-75.6283, 9.3526], [-75.6944, 9.3104], [-75.7091, 9.2162], [-75.7765, 9.215], [-75.7777, 9.2844], [-75.7152, 9.3191], [-75.7042, 9.3724], [-75.6491, 9.3625]]]}}, {"type": "Feature", "id": "23660", "properties": {"daneCode": "23660", "name": "Í", "dptoCode": "23", "dptoName": "Í"}, "geometry": {"type": "Polygon", "coordinates": [[[-75.2586, 8.8952], [-75.3639, 8.8295], [-75.3358, 8.7118], [-75.3517, 8.6585], [-75.3186, 8.5878], [-75.4778, 8.5891], [-75.501, 8.6176], [-75.5292, 8.7118], [-75.5573, 8.9708], [-75.4594, 9.0055], [-75.2586, 8.8952]]]}}, {"type": "Feature", "id": "23670", "properties": {"daneCode": "23670", "name": "Í", "dptoCode": "23", "dptoName": "Í"}, "geometry": {"type": "Polygon", "coordinates": [[[-75.4569, 9.2373], [-75.4484, 9.1406], [-75.5145, 9.0328], [-75.5683, 9.0216], [-75.5904, 9.0378], [-75.561, 9.1629], [-75.4778, 9.2472], [-75.4569, 9.2373]]]}}, {"type": "Feature", "id": "23672", "properties": {"daneCode": "23672", "name": "Í", "dptoCode": "23", "dptoName": "Í"}, "geometry": {"type": "Polygon", "coordinates": [[[-75.7006, 9.4121], [-75.7042, 9.3724], [-75.7152, 9.3191], [-75.7777, 9.2844], [-75.8646, 9.3377], [-75.8621, 9.4245], [-75.7838, 9.3935], [-75.7006, 9.4121]]]}}, {"type": "Feature", "id": "23675", "properties": {"daneCode": "23675", "name": "Í", "dptoCode": "23", "dptoName": "Í"}, "geometry": {"type": "Polygon", "coordinates": [[[-75.8621, 9.4245], [-75.8646, 9.3377], [-75.9515, 9.2894], [-76.0103, 9.2175], [-76.0715, 9.1989], [-76.0605, 9.2683], [-76.0996, 9.3142], [-75.9784, 9.3761], [-75.9258, 9.448], [-75.8621, 9.4245]]]}}, {"type": "Feature", "id": "23678", "properties": {"daneCode": "23678", "name": "Í", "dptoCode": "23", "dptoName": "Í"}, "geometry": {"type": "Polygon", "coordinates": [[[-75.6038, 8.6399], [-75.6418, 8.5618], [-75.6785, 8.5135], [-75.6822, 8.5829], [-75.752, 8.6287], [-75.7936, 8.7985], [-75.7177, 8.8605], [-75.6393, 8.7985], [-75.5965, 8.713], [-75.6038, 8.6399]]]}}, {"type": "Feature", "id": "23682", "properties": {"daneCode": "23682", "name": "Í", "dptoCode": "23", "dptoName": "Í"}, "geometry": {"type": "Polygon", "coordinates": [[[-75.5108, 7.9458], [-75.4484, 7.8925], [-75.4582, 7.8342], [-75.4851, 7.7363], [-75.6014, 7.5901], [-75.6724, 7.5975], [-75.6944, 7.6372], [-75.654, 7.7586], [-75.6014, 7.7599], [-75.5855, 7.8999], [-75.5108, 7.9458]]]}}, {"type": "Feature", "id": "23686", "properties": {"daneCode": "23686", "name": "Í", "dptoCode": "23", "dptoName": "Í"}, "geometry": {"type": "Polygon", "coordinates": [[[-75.8438, 9.0427], [-75.7997, 9.0006], [-75.7275, 9.0675], [-75.7103, 8.9845], [-75.7177, 8.9745], [-75.7581, 8.9783], [-75.8279, 8.9039], [-75.9185, 8.9076], [-76.0005, 8.9597], [-76.0519, 8.9485], [-76.0874, 8.9411], [-76.0702, 9.0031], [-76.1106, 9.0638], [-75.9723, 9.0254], [-75.9331, 9.065], [-75.8438, 9.0427]]]}}, {"type": "Feature", "id": "23815", "properties": {"daneCode": "23815", "name": "Í", "dptoCode": "23", "dptoName": "Í"}, "geometry": {"type": "Polygon", "coordinates": [[[-75.4778, 9.2472], [-75.561, 9.1629], [-75.6002, 9.2386], [-75.5843, 9.2733], [-75.4986, 9.2857], [-75.4778, 9.2472]]]}}, {"type": "Feature", "id": "23855", "properties": {"daneCode": "23855", "name": "Í", "dptoCode": "23", "dptoName": "Í"}, "geometry": {"type": "Polygon", "coordinates": [[[-76.0629, 8.3325], [-76.0458, 8.2172], [-76.1057, 8.1453], [-76.1865, 8.1503], [-76.2441, 8.0797], [-76.4118, 8.0065], [-76.4253, 8.0735], [-76.402, 8.102], [-76.3481, 8.1553], [-76.3518, 8.2036], [-76.2881, 8.3288], [-76.1804, 8.3994], [-76.1229, 8.3945], [-76.0629, 8.3325]]]}}, {"type": "Feature", "id": "23466", "properties": {"daneCode": "23466", "name": "Í", "dptoCode": "23", "dptoName": "Í"}, "geometry": {"type": "Polygon", "coordinates": [[[-75.5732, 8.0995], [-75.4937, 8.0747], [-75.4594, 8.0338], [-75.3896, 8.0189], [-75.337, 7.9483], [-75.3309, 7.926], [-75.3541, 7.8689], [-75.4582, 7.8342], [-75.4484, 7.8925], [-75.5108, 7.9458], [-75.5855, 8.014], [-75.6406, 8.0028], [-75.7177, 8.0301], [-75.8536, 7.8826], [-75.8217, 7.8243], [-75.8536, 7.714], [-75.9209, 7.564], [-75.9956, 7.4562], [-75.9662, 7.357], [-76.0556, 7.3645], [-76.0311, 7.481], [-75.9564, 7.5566], [-75.9491, 7.6173], [-75.9686, 7.8392], [-76.0103, 7.9173], [-75.9344, 8.0301], [-75.834, 8.1082], [-75.8009, 8.1677], [-75.752, 8.0735], [-75.6075, 8.0524], [-75.5732, 8.0995]]]}}, {"type": "Feature", "id": "23580", "properties": {"daneCode": "23580", "name": "Í", "dptoCode": "23", "dptoName": "Í"}, "geometry": {"type": "Polygon", "coordinates": [[[-75.5108, 7.9458], [-75.5855, 7.8999], [-75.6014, 7.7599], [-75.654, 7.7586], [-75.6944, 7.6372], [-75.6724, 7.5975], [-75.7422, 7.6124], [-75.845, 7.3471], [-75.9662, 7.357], [-75.9956, 7.4562], [-75.9209, 7.564], [-75.8536, 7.714], [-75.8217, 7.8243], [-75.8536, 7.8826], [-75.7177, 8.0301], [-75.6406, 8.0028], [-75.5855, 8.014], [-75.5108, 7.9458]]]}}, {"type": "Feature", "id": "23807", "properties": {"daneCode": "23807", "name": "Í", "dptoCode": "23", "dptoName": "Í"}, "geometry": {"type": "Polygon", "coordinates": [[[-75.7667, 8.2978], [-75.7544, 8.2395], [-75.8009, 8.1677], [-75.834, 8.1082], [-75.9344, 8.0301], [-76.0103, 7.9173], [-75.9686, 7.8392], [-75.9491, 7.6173], [-75.9564, 7.5566], [-76.0311, 7.481], [-76.0556, 7.3645], [-76.3812, 7.3917], [-76.5024, 7.5554], [-76.4914, 7.7202], [-76.4644, 7.8702], [-76.4216, 7.9123], [-76.4118, 8.0065], [-76.2441, 8.0797], [-76.1865, 8.1503], [-76.1057, 8.1453], [-76.0458, 8.2172], [-76.0629, 8.3325], [-75.9013, 8.3263], [-75.8536, 8.2718], [-75.7667, 8.2978]]]}}, {"type": "Feature", "id": "08001", "properties": {"daneCode": "08001", "name": "Í", "dptoCode": "08", "dptoName": "Í"}, "geometry": {"type": "Polygon", "coordinates": [[[-74.7567, 10.9453], [-74.8265, 10.9143], [-74.9183, 10.9453], [-74.8743, 10.9874], [-74.8743, 11.0482], [-74.8522, 11.1052], [-74.8436, 11.0668], [-74.7641, 10.9949], [-74.7567, 10.9453]]]}}, {"type": "Feature", "id": "08078", "properties": {"daneCode": "08078", "name": "Í", "dptoCode": "08", "dptoName": "Í"}, "geometry": {"type": "Polygon", "coordinates": [[[-74.9453, 10.8585], [-74.8718, 10.8536], [-74.8791, 10.8127], [-74.8755, 10.7259], [-74.933, 10.711], [-74.9342, 10.7705], [-74.9844, 10.7904], [-74.9942, 10.8152], [-74.9453, 10.8585]]]}}, {"type": "Feature", "id": "08137", "properties": {"daneCode": "08137", "name": "Í", "dptoCode": "08", "dptoName": "Í"}, "geometry": {"type": "Polygon", "coordinates": [[[-74.8069, 10.483], [-74.8118, 10.4508], [-74.8632, 10.3665], [-74.8681, 10.3404], [-74.9171, 10.338], [-74.9624, 10.3826], [-74.9171, 10.4123], [-74.8522, 10.4284], [-74.8204, 10.4941], [-74.8069, 10.483]]]}}, {"type": "Feature", "id": "08141", "properties": {"daneCode": "08141", "name": "Í", "dptoCode": "08", "dptoName": "Í"}, "geometry": {"type": "Polygon", "coordinates": [[[-74.8559, 10.5648], [-74.8204, 10.4941], [-74.8522, 10.4284], [-74.9171, 10.4123], [-74.9232, 10.5338], [-74.8559, 10.5648]]]}}, {"type": "Feature", "id": "08296", "properties": {"daneCode": "08296", "name": "Í", "dptoCode": "08", "dptoName": "Í"}, "geometry": {"type": "Polygon", "coordinates": [[[-74.8265, 10.9143], [-74.8388, 10.8858], [-74.8718, 10.8536], [-74.9453, 10.8585], [-74.9183, 10.9453], [-74.8265, 10.9143]]]}}, {"type": "Feature", "id": "08372", "properties": {"daneCode": "08372", "name": "Í", "dptoCode": "08", "dptoName": "Í"}, "geometry": {"type": "Polygon", "coordinates": [[[-75.0738, 10.8858], [-74.9942, 10.8152], [-74.9844, 10.7904], [-75.0383, 10.7705], [-75.146, 10.8114], [-75.217, 10.8052], [-75.0738, 10.8858]]]}}, {"type": "Feature", "id": "08421", "properties": {"daneCode": "08421", "name": "Í", "dptoCode": "08", "dptoName": "Í"}, "geometry": {"type": "Polygon", "coordinates": [[[-75.0628, 10.685], [-75.0603, 10.5945], [-75.2256, 10.5598], [-75.2476, 10.6962], [-75.0628, 10.685]]]}}, {"type": "Feature", "id": "08433", "properties": {"daneCode": "08433", "name": "Í", "dptoCode": "08", "dptoName": "Í"}, "geometry": {"type": "Polygon", "coordinates": [[[-74.7384, 10.8759], [-74.7408, 10.835], [-74.8081, 10.8127], [-74.8791, 10.8127], [-74.8718, 10.8536], [-74.8388, 10.8858], [-74.7384, 10.8759]]]}}, {"type": "Feature", "id": "08436", "properties": {"daneCode": "08436", "name": "Í", "dptoCode": "08", "dptoName": "Í"}, "geometry": {"type": "Polygon", "coordinates": [[[-74.9232, 10.5338], [-74.9171, 10.4123], [-74.9624, 10.3826], [-75.0334, 10.369], [-75.0738, 10.4099], [-75.0273, 10.5202], [-74.9232, 10.5338]]]}}, {"type": "Feature", "id": "08520", "properties": {"daneCode": "08520", "name": "Í", "dptoCode": "08", "dptoName": "Í"}, "geometry": {"type": "Polygon", "coordinates": [[[-74.7274, 10.7495], [-74.7261, 10.7272], [-74.7469, 10.6516], [-74.8375, 10.6863], [-74.7274, 10.7495]]]}}, {"type": "Feature", "id": "08549", "properties": {"daneCode": "08549", "name": "Í", "dptoCode": "08", "dptoName": "Í"}, "geometry": {"type": "Polygon", "coordinates": [[[-75.0383, 10.7705], [-75.0456, 10.7011], [-75.0628, 10.685], [-75.2476, 10.6962], [-75.2244, 10.7953], [-75.217, 10.8052], [-75.146, 10.8114], [-75.0383, 10.7705]]]}}, {"type": "Feature", "id": "08558", "properties": {"daneCode": "08558", "name": "Í", "dptoCode": "08", "dptoName": "Í"}, "geometry": {"type": "Polygon", "coordinates": [[[-74.8081, 10.8127], [-74.8118, 10.778], [-74.8498, 10.7086], [-74.8755, 10.7259], [-74.8791, 10.8127], [-74.8081, 10.8127]]]}}, {"type": "Feature", "id": "08560", "properties": {"daneCode": "08560", "name": "Í", "dptoCode": "08", "dptoName": "Í"}, "geometry": {"type": "Polygon", "coordinates": [[[-74.8498, 10.7086], [-74.8375, 10.6863], [-74.7469, 10.6516], [-74.7261, 10.6007], [-74.7445, 10.5388], [-74.8069, 10.483], [-74.8204, 10.4941], [-74.8559, 10.5648], [-74.8412, 10.6007], [-74.8755, 10.7259], [-74.8498, 10.7086]]]}}, {"type": "Feature", "id": "08573", "properties": {"daneCode": "08573", "name": "Í", "dptoCode": "08", "dptoName": "Í"}, "geometry": {"type": "Polygon", "coordinates": [[[-74.9183, 10.9453], [-74.9844, 10.9837], [-74.9208, 11.0457], [-74.8743, 11.0482], [-74.8743, 10.9874], [-74.9183, 10.9453]]]}}, {"type": "Feature", "id": "08606", "properties": {"daneCode": "08606", "name": "Í", "dptoCode": "08", "dptoName": "Í"}, "geometry": {"type": "Polygon", "coordinates": [[[-75.0273, 10.5202], [-75.0738, 10.4099], [-75.0897, 10.4111], [-75.1289, 10.3975], [-75.1766, 10.4557], [-75.2415, 10.5041], [-75.2256, 10.5598], [-75.0603, 10.5945], [-75.0273, 10.5202]]]}}, {"type": "Feature", "id": "08634", "properties": {"daneCode": "08634", "name": "Í", "dptoCode": "08", "dptoName": "Í"}, "geometry": {"type": "Polygon", "coordinates": [[[-74.7249, 10.7718], [-74.8118, 10.778], [-74.8081, 10.8127], [-74.7408, 10.835], [-74.7249, 10.7718]]]}}, {"type": "Feature", "id": "08638", "properties": {"daneCode": "08638", "name": "Í", "dptoCode": "08", "dptoName": "Í"}, "geometry": {"type": "Polygon", "coordinates": [[[-74.9232, 10.5338], [-75.0273, 10.5202], [-75.0603, 10.5945], [-75.0628, 10.685], [-75.0456, 10.7011], [-74.933, 10.711], [-74.8755, 10.7259], [-74.8412, 10.6007], [-74.8559, 10.5648], [-74.9232, 10.5338]]]}}, {"type": "Feature", "id": "08675", "properties": {"daneCode": "08675", "name": "Í", "dptoCode": "08", "dptoName": "Í"}, "geometry": {"type": "Polygon", "coordinates": [[[-74.9624, 10.3826], [-74.9171, 10.338], [-74.9379, 10.2896], [-75.0236, 10.364], [-75.0334, 10.369], [-74.9624, 10.3826]]]}}, {"type": "Feature", "id": "08685", "properties": {"daneCode": "08685", "name": "Í", "dptoCode": "08", "dptoName": "Í"}, "geometry": {"type": "Polygon", "coordinates": [[[-74.7249, 10.7718], [-74.7274, 10.7495], [-74.8375, 10.6863], [-74.8498, 10.7086], [-74.8118, 10.778], [-74.7249, 10.7718]]]}}, {"type": "Feature", "id": "08758", "properties": {"daneCode": "08758", "name": "Í", "dptoCode": "08", "dptoName": "Í"}, "geometry": {"type": "Polygon", "coordinates": [[[-74.7567, 10.9453], [-74.7384, 10.8759], [-74.8388, 10.8858], [-74.8265, 10.9143], [-74.7567, 10.9453]]]}}, {"type": "Feature", "id": "08770", "properties": {"daneCode": "08770", "name": "Í", "dptoCode": "08", "dptoName": "Í"}, "geometry": {"type": "Polygon", "coordinates": [[[-74.8681, 10.3404], [-74.911, 10.2537], [-74.9379, 10.2896], [-74.9171, 10.338], [-74.8681, 10.3404]]]}}, {"type": "Feature", "id": "08832", "properties": {"daneCode": "08832", "name": "Í", "dptoCode": "08", "dptoName": "Í"}, "geometry": {"type": "Polygon", "coordinates": [[[-74.9183, 10.9453], [-74.9453, 10.8585], [-74.9942, 10.8152], [-75.0738, 10.8858], [-74.9844, 10.9837], [-74.9183, 10.9453]]]}}, {"type": "Feature", "id": "08849", "properties": {"daneCode": "08849", "name": "Í", "dptoCode": "08", "dptoName": "Í"}, "geometry": {"type": "Polygon", "coordinates": [[[-74.933, 10.711], [-75.0456, 10.7011], [-75.0383, 10.7705], [-74.9844, 10.7904], [-74.9342, 10.7705], [-74.933, 10.711]]]}}, {"type": "Feature", "id": "13001", "properties": {"daneCode": "13001", "name": "Í", "dptoCode": "13", "dptoName": "Í"}, "geometry": {"type": "Polygon", "coordinates": [[[-75.3419, 10.6144], [-75.3713, 10.5425], [-75.4043, 10.509], [-75.4227, 10.4024], [-75.4765, 10.364], [-75.4423, 10.3107], [-75.49, 10.2153], [-75.5341, 10.1756], [-75.5622, 10.2698], [-75.5035, 10.3008], [-75.5133, 10.3826], [-75.5549, 10.4235], [-75.5022, 10.4681], [-75.512, 10.5722], [-75.3957, 10.6813], [-75.2941, 10.7036], [-75.3419, 10.6144]]]}}, {"type": "Feature", "id": "13006", "properties": {"daneCode": "13006", "name": "Í", "dptoCode": "13", "dptoName": "Í"}, "geometry": {"type": "Polygon", "coordinates": [[[-74.4691, 8.8246], [-74.3723, 8.739], [-74.3748, 8.6647], [-74.3466, 8.5804], [-74.3577, 8.4949], [-74.4434, 8.4292], [-74.518, 8.3672], [-74.5388, 8.4279], [-74.5694, 8.5097], [-74.5633, 8.5717], [-74.6086, 8.7304], [-74.5645, 8.837], [-74.4691, 8.8246]]]}}, {"type": "Feature", "id": "13030", "properties": {"daneCode": "13030", "name": "Í", "dptoCode": "13", "dptoName": "Í"}, "geometry": {"type": "Polygon", "coordinates": [[[-74.1777, 8.656], [-74.212, 8.6498], [-74.283, 8.7081], [-74.3013, 8.8171], [-74.2401, 8.7985], [-74.1141, 8.8394], [-74.0798, 8.7787], [-74.1777, 8.656]]]}}, {"type": "Feature", "id": "13042", "properties": {"daneCode": "13042", "name": "Í", "dptoCode": "13", "dptoName": "Í"}, "geometry": {"type": "Polygon", "coordinates": [[[-73.8802, 8.4713], [-73.8766, 8.397], [-73.9574, 8.387], [-74.1532, 8.309], [-74.2854, 8.154], [-74.332, 8.1887], [-74.3222, 8.2346], [-74.2303, 8.3288], [-74.1312, 8.397], [-73.9512, 8.4862], [-73.8802, 8.4713]]]}}, {"type": "Feature", "id": "13052", "properties": {"daneCode": "13052", "name": "Í", "dptoCode": "13", "dptoName": "Í"}, "geometry": {"type": "Polygon", "coordinates": [[[-75.2966, 10.3342], [-75.2354, 10.2772], [-75.2807, 10.1607], [-75.2831, 10.0864], [-75.3602, 10.0901], [-75.4386, 10.0169], [-75.4876, 10.0368], [-75.5451, 10.0467], [-75.4973, 10.1458], [-75.4361, 10.1719], [-75.3835, 10.2723], [-75.2966, 10.3342]]]}}, {"type": "Feature", "id": "13062", "properties": {"daneCode": "13062", "name": "Í", "dptoCode": "13", "dptoName": "Í"}, "geometry": {"type": "Polygon", "coordinates": [[[-75.0726, 10.1607], [-75.0664, 10.276], [-75.0016, 10.3231], [-74.9612, 10.2896], [-74.9599, 10.2115], [-75.0322, 10.2041], [-75.0726, 10.1607]]]}}, {"type": "Feature", "id": "13074", "properties": {"daneCode": "13074", "name": "Í", "dptoCode": "13", "dptoName": "Í"}, "geometry": {"type": "Polygon", "coordinates": [[[-74.0712, 8.9485], [-74.0516, 8.7353], [-74.1385, 8.6548], [-74.1777, 8.656], [-74.0798, 8.7787], [-74.1141, 8.8394], [-74.2401, 8.7985], [-74.3013, 8.8171], [-74.2255, 8.9473], [-74.0712, 8.9485]]]}}, {"type": "Feature", "id": "13140", "properties": {"daneCode": "13140", "name": "Í", "dptoCode": "13", "dptoName": "Í"}, "geometry": {"type": "Polygon", "coordinates": [[[-74.9379, 10.2896], [-74.911, 10.2537], [-74.9159, 10.2388], [-74.9453, 10.1285], [-75.0297, 10.1111], [-75.086, 10.1186], [-75.0726, 10.1607], [-75.0322, 10.2041], [-74.9599, 10.2115], [-74.9612, 10.2896], [-75.0016, 10.3231], [-75.0664, 10.276], [-75.0836, 10.2809], [-75.0701, 10.3442], [-75.0236, 10.364], [-74.9379, 10.2896]]]}}, {"type": "Feature", "id": "13160", "properties": {"daneCode": "13160", "name": "Í", "dptoCode": "13", "dptoName": "Í"}, "geometry": {"type": "Polygon", "coordinates": [[[-73.9157, 7.2951], [-74.2438, 7.0038], [-74.2842, 7.0087], [-74.234, 7.0992], [-74.2328, 7.1612], [-74.2903, 7.2306], [-74.1753, 7.2913], [-74.0896, 7.3843], [-74.032, 7.3719], [-73.9512, 7.4302], [-73.8949, 7.4302], [-73.9157, 7.2951]]]}}, {"type": "Feature", "id": "13188", "properties": {"daneCode": "13188", "name": "Í", "dptoCode": "13", "dptoName": "Í"}, "geometry": {"type": "Polygon", "coordinates": [[[-74.6502, 9.1915], [-74.7249, 9.1791], [-74.7335, 9.2633], [-74.6784, 9.3055], [-74.6282, 9.2832], [-74.6502, 9.1915]]]}}, {"type": "Feature", "id": "13212", "properties": {"daneCode": "13212", "name": "Í", "dptoCode": "13", "dptoName": "Í"}, "geometry": {"type": "Polygon", "coordinates": [[[-74.9612, 9.681], [-74.791, 9.6525], [-74.7726, 9.6042], [-74.8057, 9.5534], [-74.7775, 9.5075], [-74.8008, 9.4418], [-74.922, 9.3885], [-74.9599, 9.4344], [-75.0358, 9.4741], [-75.0126, 9.5286], [-74.9612, 9.681]]]}}, {"type": "Feature", "id": "13222", "properties": {"daneCode": "13222", "name": "Í", "dptoCode": "13", "dptoName": "Í"}, "geometry": {"type": "Polygon", "coordinates": [[[-75.2476, 10.5053], [-75.3088, 10.5214], [-75.3713, 10.5425], [-75.3419, 10.6144], [-75.2476, 10.5053]]]}}, {"type": "Feature", "id": "13244", "properties": {"daneCode": "13244", "name": "Í", "dptoCode": "13", "dptoName": "Í"}, "geometry": {"type": "Polygon", "coordinates": [[[-74.9514, 9.7666], [-74.9612, 9.681], [-75.0126, 9.5286], [-75.0775, 9.5323], [-75.1325, 9.5955], [-75.2794, 9.686], [-75.3272, 9.6166], [-75.3737, 9.629], [-75.3713, 9.7108], [-75.3382, 9.8285], [-75.3198, 9.8769], [-75.2378, 9.862], [-75.2342, 9.7827], [-75.1105, 9.7591], [-75.0224, 9.7864], [-74.9514, 9.7666]]]}}, {"type": "Feature", "id": "13248", "properties": {"daneCode": "13248", "name": "Í", "dptoCode": "13", "dptoName": "Í"}, "geometry": {"type": "Polygon", "coordinates": [[[-74.8253, 10.0591], [-74.7898, 10.0132], [-74.862, 9.9438], [-74.9024, 9.9773], [-74.9771, 9.9624], [-75.0591, 10.0231], [-75.0297, 10.1111], [-74.9453, 10.1285], [-74.8253, 10.0591]]]}}, {"type": "Feature", "id": "13268", "properties": {"daneCode": "13268", "name": "Í", "dptoCode": "13", "dptoName": "Í"}, "geometry": {"type": "Polygon", "coordinates": [[[-73.868, 8.9361], [-73.8178, 8.8357], [-73.8729, 8.7923], [-73.8753, 8.7229], [-73.9231, 8.7279], [-73.9659, 8.8122], [-73.9512, 8.8494], [-73.988, 8.9361], [-73.9782, 8.9845], [-73.868, 8.9361]]]}}, {"type": "Feature", "id": "13433", "properties": {"daneCode": "13433", "name": "Í", "dptoCode": "13", "dptoName": "Í"}, "geometry": {"type": "Polygon", "coordinates": [[[-75.1729, 10.2859], [-75.0836, 10.2809], [-75.0664, 10.276], [-75.0726, 10.1607], [-75.086, 10.1186], [-75.1338, 10.1087], [-75.2048, 10.0393], [-75.2831, 10.0864], [-75.2807, 10.1607], [-75.2354, 10.2772], [-75.1729, 10.2859]]]}}, {"type": "Feature", "id": "13440", "properties": {"daneCode": "13440", "name": "Í", "dptoCode": "13", "dptoName": "Í"}, "geometry": {"type": "Polygon", "coordinates": [[[-74.1753, 9.0886], [-74.1006, 9.0192], [-74.1936, 8.9869], [-74.2267, 8.9485], [-74.2781, 8.9721], [-74.2634, 8.9919], [-74.2646, 9.0415], [-74.3234, 9.1208], [-74.2977, 9.1766], [-74.2487, 9.1642], [-74.1753, 9.0886]]]}}, {"type": "Feature", "id": "13442", "properties": {"daneCode": "13442", "name": "Í", "dptoCode": "13", "dptoName": "Í"}, "geometry": {"type": "Polygon", "coordinates": [[[-75.2831, 10.0864], [-75.2048, 10.0393], [-75.2452, 9.9351], [-75.2354, 9.8992], [-75.3198, 9.8769], [-75.3382, 9.8285], [-75.3933, 9.8806], [-75.4667, 9.9091], [-75.4876, 10.0368], [-75.4386, 10.0169], [-75.3602, 10.0901], [-75.2831, 10.0864]]]}}, {"type": "Feature", "id": "13458", "properties": {"daneCode": "13458", "name": "Í", "dptoCode": "13", "dptoName": "Í"}, "geometry": {"type": "Polygon", "coordinates": [[[-74.3417, 8.2767], [-74.332, 8.1887], [-74.2854, 8.154], [-74.261, 8.1044], [-74.283, 8.0449], [-74.2597, 7.9433], [-74.3454, 7.8974], [-74.3797, 7.7958], [-74.4519, 7.7871], [-74.447, 7.6843], [-74.4666, 7.5801], [-74.5633, 7.4326], [-74.5609, 7.6458], [-74.5082, 7.7239], [-74.5192, 7.9012], [-74.5609, 7.9681], [-74.6147, 8.0313], [-74.6833, 8.1887], [-74.66, 8.2271], [-74.5254, 8.2755], [-74.518, 8.3672], [-74.4434, 8.4292], [-74.4299, 8.3412], [-74.3417, 8.2767]]]}}, {"type": "Feature", "id": "13468", "properties": {"daneCode": "13468", "name": "Í", "dptoCode": "13", "dptoName": "Í"}, "geometry": {"type": "Polygon", "coordinates": [[[-74.4176, 9.2361], [-74.3919, 9.215], [-74.354, 9.1865], [-74.4801, 9.0787], [-74.6062, 9.0204], [-74.6821, 9.0675], [-74.7298, 9.127], [-74.7249, 9.1791], [-74.6502, 9.1915], [-74.5303, 9.2423], [-74.4397, 9.2745], [-74.4176, 9.2361]]]}}, {"type": "Feature", "id": "13473", "properties": {"daneCode": "13473", "name": "Í", "dptoCode": "13", "dptoName": "Í"}, "geometry": {"type": "Polygon", "coordinates": [[[-73.7493, 8.4056], [-73.7505, 8.2742], [-73.7713, 8.154], [-73.775, 8.1453], [-73.868, 8.0635], [-73.9231, 8.1453], [-74.0235, 8.1751], [-74.092, 8.1627], [-74.1728, 8.1082], [-74.261, 8.1044], [-74.2854, 8.154], [-74.1532, 8.309], [-73.9574, 8.387], [-73.8766, 8.397], [-73.8802, 8.4713], [-73.8056, 8.4118], [-73.7493, 8.4056]]]}}, {"type": "Feature", "id": "13490", "properties": {"daneCode": "13490", "name": "Í", "dptoCode": "13", "dptoName": "Í"}, "geometry": {"type": "Polygon", "coordinates": [[[-74.2573, 8.3833], [-74.2561, 8.4441], [-74.1581, 8.5209], [-74.152, 8.6039], [-74.1263, 8.6188], [-73.9978, 8.5953], [-73.9794, 8.5333], [-74.0626, 8.4478], [-74.0871, 8.4664], [-74.1887, 8.3833], [-74.2573, 8.3833]]]}}, {"type": "Feature", "id": "13549", "properties": {"daneCode": "13549", "name": "Í", "dptoCode": "13", "dptoName": "Í"}, "geometry": {"type": "Polygon", "coordinates": [[[-74.4323, 9.0093], [-74.3638, 8.9733], [-74.2781, 8.9721], [-74.2267, 8.9485], [-74.2255, 8.9473], [-74.3013, 8.8171], [-74.283, 8.7081], [-74.212, 8.6498], [-74.3748, 8.6647], [-74.3723, 8.739], [-74.4691, 8.8246], [-74.4642, 8.8766], [-74.5352, 8.9956], [-74.6062, 9.0204], [-74.4801, 9.0787], [-74.4323, 9.0093]]]}}, {"type": "Feature", "id": "13580", "properties": {"daneCode": "13580", "name": "Í", "dptoCode": "13", "dptoName": "Í"}, "geometry": {"type": "Polygon", "coordinates": [[[-73.8178, 8.8357], [-73.7897, 8.7514], [-73.8203, 8.6622], [-73.9561, 8.6647], [-73.8753, 8.7229], [-73.8729, 8.7923], [-73.8178, 8.8357]]]}}, {"type": "Feature", "id": "13600", "properties": {"daneCode": "13600", "name": "Í", "dptoCode": "13", "dptoName": "Í"}, "geometry": {"type": "Polygon", "coordinates": [[[-73.9561, 8.6647], [-73.8203, 8.6622], [-73.7468, 8.449], [-73.7493, 8.4056], [-73.8056, 8.4118], [-73.8802, 8.4713], [-73.9512, 8.4862], [-74.1312, 8.397], [-74.2303, 8.3288], [-74.3222, 8.2346], [-74.332, 8.1887], [-74.3417, 8.2767], [-74.2573, 8.3833], [-74.1887, 8.3833], [-74.0871, 8.4664], [-74.0626, 8.4478], [-73.9794, 8.5333], [-73.9978, 8.5953], [-74.1263, 8.6188], [-74.152, 8.6039], [-74.1385, 8.6548], [-73.9561, 8.6647]]]}}, {"type": "Feature", "id": "13620", "properties": {"daneCode": "13620", "name": "Í", "dptoCode": "13", "dptoName": "Í"}, "geometry": {"type": "Polygon", "coordinates": [[[-75.0738, 10.4099], [-75.0334, 10.369], [-75.0236, 10.364], [-75.0701, 10.3442], [-75.0897, 10.4111], [-75.0738, 10.4099]]]}}, {"type": "Feature", "id": "13647", "properties": {"daneCode": "13647", "name": "Í", "dptoCode": "13", "dptoName": "Í"}, "geometry": {"type": "Polygon", "coordinates": [[[-75.1289, 10.3975], [-75.1729, 10.2859], [-75.2354, 10.2772], [-75.2966, 10.3342], [-75.2807, 10.3628], [-75.2501, 10.421], [-75.1766, 10.4557], [-75.1289, 10.3975]]]}}, {"type": "Feature", "id": "13654", "properties": {"daneCode": "13654", "name": "Í", "dptoCode": "13", "dptoName": "Í"}, "geometry": {"type": "Polygon", "coordinates": [[[-74.9404, 9.8632], [-74.9195, 9.7976], [-74.9514, 9.7666], [-75.0224, 9.7864], [-75.1105, 9.7591], [-75.2342, 9.7827], [-75.2378, 9.862], [-75.3198, 9.8769], [-75.2354, 9.8992], [-75.1277, 9.9141], [-75.0995, 9.8806], [-74.9404, 9.8632]]]}}, {"type": "Feature", "id": "13655", "properties": {"daneCode": "13655", "name": "Í", "dptoCode": "13", "dptoName": "Í"}, "geometry": {"type": "Polygon", "coordinates": [[[-74.518, 8.3672], [-74.5254, 8.2755], [-74.66, 8.2271], [-74.6833, 8.1887], [-74.6147, 8.0313], [-74.6306, 8.0549], [-74.7849, 8.1317], [-74.8302, 8.1999], [-74.7812, 8.278], [-74.649, 8.3139], [-74.5388, 8.4279], [-74.518, 8.3672]]]}}, {"type": "Feature", "id": "13657", "properties": {"daneCode": "13657", "name": "Í", "dptoCode": "13", "dptoName": "Í"}, "geometry": {"type": "Polygon", "coordinates": [[[-75.0297, 10.1111], [-75.0591, 10.0231], [-74.9771, 9.9624], [-74.9024, 9.9773], [-74.862, 9.9438], [-74.8828, 9.8719], [-74.9404, 9.8632], [-75.0995, 9.8806], [-75.1277, 9.9141], [-75.2354, 9.8992], [-75.2452, 9.9351], [-75.2048, 10.0393], [-75.1338, 10.1087], [-75.086, 10.1186], [-75.0297, 10.1111]]]}}, {"type": "Feature", "id": "13667", "properties": {"daneCode": "13667", "name": "Í", "dptoCode": "13", "dptoName": "Í"}, "geometry": {"type": "Polygon", "coordinates": [[[-73.8753, 8.7229], [-73.9561, 8.6647], [-74.1385, 8.6548], [-74.0516, 8.7353], [-74.0712, 8.9485], [-73.9782, 8.9845], [-73.988, 8.9361], [-73.9512, 8.8494], [-73.9659, 8.8122], [-73.9231, 8.7279], [-73.8753, 8.7229]]]}}, {"type": "Feature", "id": "13670", "properties": {"daneCode": "13670", "name": "Í", "dptoCode": "13", "dptoName": "Í"}, "geometry": {"type": "Polygon", "coordinates": [[[-73.8154, 7.6917], [-73.846, 7.5417], [-73.917, 7.4723], [-73.8949, 7.4302], [-73.9512, 7.4302], [-74.032, 7.3719], [-74.0896, 7.3843], [-74.1753, 7.2913], [-74.2903, 7.2306], [-74.2328, 7.1612], [-74.234, 7.0992], [-74.2842, 7.0087], [-74.3552, 7.01], [-74.3515, 7.0819], [-74.4103, 7.2021], [-74.3883, 7.2666], [-74.3981, 7.3484], [-74.3197, 7.4401], [-74.3577, 7.4723], [-74.3099, 7.4537], [-74.152, 7.5727], [-74.1287, 7.6421], [-74.0284, 7.683], [-73.9733, 7.6756], [-73.8778, 7.7239], [-73.8154, 7.6917]]]}}, {"type": "Feature", "id": "13673", "properties": {"daneCode": "13673", "name": "Í", "dptoCode": "13", "dptoName": "Í"}, "geometry": {"type": "Polygon", "coordinates": [[[-75.2244, 10.7953], [-75.2476, 10.6962], [-75.2256, 10.5598], [-75.2415, 10.5041], [-75.2476, 10.5053], [-75.3419, 10.6144], [-75.2941, 10.7036], [-75.2623, 10.8003], [-75.2244, 10.7953]]]}}, {"type": "Feature", "id": "13683", "properties": {"daneCode": "13683", "name": "Í", "dptoCode": "13", "dptoName": "Í"}, "geometry": {"type": "Polygon", "coordinates": [[[-75.3088, 10.5214], [-75.2929, 10.4718], [-75.3358, 10.4148], [-75.4227, 10.4024], [-75.4043, 10.509], [-75.3713, 10.5425], [-75.3088, 10.5214]]]}}, {"type": "Feature", "id": "13688", "properties": {"daneCode": "13688", "name": "Í", "dptoCode": "13", "dptoName": "Í"}, "geometry": {"type": "Polygon", "coordinates": [[[-74.0235, 8.1751], [-74.0504, 8.1057], [-73.9794, 8.035], [-74.0039, 7.9173], [-74.0945, 7.8218], [-74.1349, 7.8194], [-74.1385, 7.7202], [-74.212, 7.7016], [-74.2218, 7.5851], [-74.152, 7.5727], [-74.3099, 7.4537], [-74.3577, 7.4723], [-74.4127, 7.4599], [-74.414, 7.3992], [-74.4911, 7.3434], [-74.5609, 7.4277], [-74.5633, 7.4326], [-74.4666, 7.5801], [-74.447, 7.6843], [-74.4519, 7.7871], [-74.3797, 7.7958], [-74.3454, 7.8974], [-74.2597, 7.9433], [-74.283, 8.0449], [-74.261, 8.1044], [-74.1728, 8.1082], [-74.092, 8.1627], [-74.0235, 8.1751]]]}}, {"type": "Feature", "id": "13744", "properties": {"daneCode": "13744", "name": "Í", "dptoCode": "13", "dptoName": "Í"}, "geometry": {"type": "Polygon", "coordinates": [[[-73.868, 8.0635], [-73.8619, 7.9718], [-73.8313, 7.9322], [-73.7982, 7.7723], [-73.8154, 7.6917], [-73.8778, 7.7239], [-73.9733, 7.6756], [-74.0284, 7.683], [-74.1287, 7.6421], [-74.152, 7.5727], [-74.2218, 7.5851], [-74.212, 7.7016], [-74.1385, 7.7202], [-74.1349, 7.8194], [-74.0945, 7.8218], [-74.0039, 7.9173], [-73.9794, 8.035], [-74.0504, 8.1057], [-74.0235, 8.1751], [-73.9231, 8.1453], [-73.868, 8.0635]]]}}, {"type": "Feature", "id": "13760", "properties": {"daneCode": "13760", "name": "Í", "dptoCode": "13", "dptoName": "Í"}, "geometry": {"type": "Polygon", "coordinates": [[[-75.0701, 10.3442], [-75.0836, 10.2809], [-75.1729, 10.2859], [-75.1289, 10.3975], [-75.0897, 10.4111], [-75.0701, 10.3442]]]}}, {"type": "Feature", "id": "13780", "properties": {"daneCode": "13780", "name": "Í", "dptoCode": "13", "dptoName": "Í"}, "geometry": {"type": "Polygon", "coordinates": [[[-74.6564, 9.3836], [-74.5645, 9.3117], [-74.5315, 9.2559], [-74.5303, 9.2423], [-74.6502, 9.1915], [-74.6282, 9.2832], [-74.6784, 9.3055], [-74.7433, 9.3662], [-74.7396, 9.4257], [-74.6564, 9.3836]]]}}, {"type": "Feature", "id": "13810", "properties": {"daneCode": "13810", "name": "Í", "dptoCode": "13", "dptoName": "Í"}, "geometry": {"type": "Polygon", "coordinates": [[[-74.212, 8.6498], [-74.1777, 8.656], [-74.1385, 8.6548], [-74.152, 8.6039], [-74.1581, 8.5209], [-74.2561, 8.4441], [-74.2573, 8.3833], [-74.3417, 8.2767], [-74.4299, 8.3412], [-74.4434, 8.4292], [-74.3577, 8.4949], [-74.3466, 8.5804], [-74.3748, 8.6647], [-74.212, 8.6498]]]}}, {"type": "Feature", "id": "13836", "properties": {"daneCode": "13836", "name": "Í", "dptoCode": "13", "dptoName": "Í"}, "geometry": {"type": "Polygon", "coordinates": [[[-75.3358, 10.4148], [-75.2807, 10.3628], [-75.2966, 10.3342], [-75.3835, 10.2723], [-75.4423, 10.3107], [-75.4765, 10.364], [-75.4227, 10.4024], [-75.3358, 10.4148]]]}}, {"type": "Feature", "id": "13838", "properties": {"daneCode": "13838", "name": "Í", "dptoCode": "13", "dptoName": "Í"}, "geometry": {"type": "Polygon", "coordinates": [[[-75.4423, 10.3107], [-75.3835, 10.2723], [-75.4361, 10.1719], [-75.4973, 10.1458], [-75.5732, 10.0864], [-75.5341, 10.1756], [-75.49, 10.2153], [-75.4423, 10.3107]]]}}, {"type": "Feature", "id": "13873", "properties": {"daneCode": "13873", "name": "Í", "dptoCode": "13", "dptoName": "Í"}, "geometry": {"type": "Polygon", "coordinates": [[[-75.2476, 10.5053], [-75.2415, 10.5041], [-75.1766, 10.4557], [-75.2501, 10.421], [-75.2807, 10.3628], [-75.3358, 10.4148], [-75.2929, 10.4718], [-75.3088, 10.5214], [-75.2476, 10.5053]]]}}, {"type": "Feature", "id": "13894", "properties": {"daneCode": "13894", "name": "Í", "dptoCode": "13", "dptoName": "Í"}, "geometry": {"type": "Polygon", "coordinates": [[[-74.84, 9.81], [-74.8057, 9.7604], [-74.791, 9.6525], [-74.9612, 9.681], [-74.9514, 9.7666], [-74.9195, 9.7976], [-74.9404, 9.8632], [-74.8828, 9.8719], [-74.84, 9.81]]]}}, {"type": "Feature", "id": "20032", "properties": {"daneCode": "20032", "name": "Í", "dptoCode": "20", "dptoName": "Í"}, "geometry": {"type": "Polygon", "coordinates": [[[-73.786, 9.5236], [-73.7872, 9.4926], [-73.8692, 9.4567], [-73.9476, 9.3786], [-73.9782, 9.3898], [-74.1398, 9.4939], [-74.0369, 9.5918], [-73.868, 9.6005], [-73.8031, 9.6364], [-73.786, 9.5236]]]}}, {"type": "Feature", "id": "20060", "properties": {"daneCode": "20060", "name": "Í", "dptoCode": "20", "dptoName": "Í"}, "geometry": {"type": "Polygon", "coordinates": [[[-73.8129, 10.074], [-73.7566, 9.9922], [-73.7358, 9.8843], [-73.8386, 9.7852], [-73.8974, 9.8372], [-73.9586, 9.9314], [-74.0345, 9.9983], [-74.0357, 10.0045], [-73.9206, 10.0541], [-73.8129, 10.074]]]}}, {"type": "Feature", "id": "20175", "properties": {"daneCode": "20175", "name": "Í", "dptoCode": "20", "dptoName": "Í"}, "geometry": {"type": "Polygon", "coordinates": [[[-73.7872, 9.4926], [-73.7578, 9.4778], [-73.737, 9.3613], [-73.6942, 9.3191], [-73.6844, 9.2398], [-73.6954, 9.2175], [-73.6317, 9.0687], [-73.5154, 9.1307], [-73.4249, 9.122], [-73.4114, 9.0539], [-73.4359, 8.9993], [-73.491, 8.982], [-73.5497, 9.0068], [-73.562, 9.0638], [-73.6917, 9.0378], [-73.7994, 9.0588], [-73.8643, 9.1121], [-73.8913, 9.1741], [-73.9623, 9.1877], [-73.9427, 9.2894], [-73.9892, 9.3513], [-73.9818, 9.3861], [-73.9782, 9.3898], [-73.9476, 9.3786], [-73.8692, 9.4567], [-73.7872, 9.4926]]]}}, {"type": "Feature", "id": "20178", "properties": {"daneCode": "20178", "name": "Í", "dptoCode": "20", "dptoName": "Í"}, "geometry": {"type": "Polygon", "coordinates": [[[-73.4861, 9.5819], [-73.5314, 9.5311], [-73.502, 9.479], [-73.4457, 9.4877], [-73.207, 9.4232], [-73.2706, 9.3241], [-73.4395, 9.4071], [-73.5057, 9.3241], [-73.5779, 9.277], [-73.6403, 9.2844], [-73.6844, 9.2398], [-73.6942, 9.3191], [-73.737, 9.3613], [-73.7578, 9.4778], [-73.7872, 9.4926], [-73.786, 9.5236], [-73.6354, 9.5236], [-73.6464, 9.5683], [-73.5546, 9.6092], [-73.4861, 9.5819]]]}}, {"type": "Feature", "id": "20228", "properties": {"daneCode": "20228", "name": "Í", "dptoCode": "20", "dptoName": "Í"}, "geometry": {"type": "Polygon", "coordinates": [[[-73.2706, 9.3241], [-73.3685, 9.1729], [-73.4249, 9.122], [-73.5154, 9.1307], [-73.6317, 9.0687], [-73.6954, 9.2175], [-73.6844, 9.2398], [-73.6403, 9.2844], [-73.5779, 9.277], [-73.5057, 9.3241], [-73.4395, 9.4071], [-73.2706, 9.3241]]]}}, {"type": "Feature", "id": "20238", "properties": {"daneCode": "20238", "name": "Í", "dptoCode": "20", "dptoName": "Í"}, "geometry": {"type": "Polygon", "coordinates": [[[-73.7921, 10.3925], [-73.7346, 10.3516], [-73.8141, 10.2537], [-73.786, 10.1396], [-73.8129, 10.074], [-73.9206, 10.0541], [-74.0357, 10.0045], [-74.0737, 10.0516], [-74.0651, 10.1669], [-73.9782, 10.2772], [-73.9537, 10.3392], [-73.8925, 10.3913], [-73.7921, 10.3925]]]}}, {"type": "Feature", "id": "20250", "properties": {"daneCode": "20250", "name": "Í", "dptoCode": "20", "dptoName": "Í"}, "geometry": {"type": "Polygon", "coordinates": [[[-73.6183, 9.8186], [-73.6207, 9.7579], [-73.6195, 9.7232], [-73.6305, 9.6414], [-73.4897, 9.6736], [-73.4469, 9.6315], [-73.4861, 9.5819], [-73.5546, 9.6092], [-73.6464, 9.5683], [-73.6354, 9.5236], [-73.786, 9.5236], [-73.8031, 9.6364], [-73.8105, 9.6736], [-73.8398, 9.7368], [-73.8386, 9.7852], [-73.7358, 9.8843], [-73.7419, 9.8484], [-73.6183, 9.8186]]]}}, {"type": "Feature", "id": "20295", "properties": {"daneCode": "20295", "name": "Í", "dptoCode": "20", "dptoName": "Í"}, "geometry": {"type": "Polygon", "coordinates": [[[-73.6379, 8.4874], [-73.6146, 8.3895], [-73.6795, 8.3337], [-73.6954, 8.2234], [-73.7713, 8.154], [-73.7505, 8.2742], [-73.7493, 8.4056], [-73.7468, 8.449], [-73.6379, 8.4874]]]}}, {"type": "Feature", "id": "20310", "properties": {"daneCode": "20310", "name": "Í", "dptoCode": "20", "dptoName": "Í"}, "geometry": {"type": "Polygon", "coordinates": [[[-73.349, 8.392], [-73.3612, 8.3275], [-73.4114, 8.3697], [-73.4102, 8.4304], [-73.4138, 8.4589], [-73.3428, 8.4366], [-73.349, 8.392]]]}}, {"type": "Feature", "id": "20383", "properties": {"daneCode": "20383", "name": "Í", "dptoCode": "20", "dptoName": "Í"}, "geometry": {"type": "Polygon", "coordinates": [[[-73.5767, 8.506], [-73.6379, 8.4874], [-73.7468, 8.449], [-73.8203, 8.6622], [-73.7897, 8.7514], [-73.7591, 8.7403], [-73.808, 8.6696], [-73.677, 8.6461], [-73.6219, 8.6858], [-73.5864, 8.7738], [-73.4555, 8.7973], [-73.4285, 8.8233], [-73.4628, 8.7452], [-73.5522, 8.6064], [-73.5314, 8.5283], [-73.5767, 8.506]]]}}, {"type": "Feature", "id": "20400", "properties": {"daneCode": "20400", "name": "Í", "dptoCode": "20", "dptoName": "Í"}, "geometry": {"type": "Polygon", "coordinates": [[[-73.0699, 9.6327], [-73.0845, 9.5571], [-73.1764, 9.5013], [-73.207, 9.4232], [-73.4457, 9.4877], [-73.502, 9.479], [-73.5314, 9.5311], [-73.4861, 9.5819], [-73.4469, 9.6315], [-73.4897, 9.6736], [-73.3783, 9.6476], [-73.3233, 9.5881], [-73.2412, 9.598], [-73.1861, 9.6315], [-73.0699, 9.6327]]]}}, {"type": "Feature", "id": "20443", "properties": {"daneCode": "20443", "name": "Í", "dptoCode": "20", "dptoName": "Í"}, "geometry": {"type": "Polygon", "coordinates": [[[-72.9058, 10.3528], [-73.0478, 10.3541], [-73.1286, 10.3987], [-73.0882, 10.4247], [-72.9866, 10.3999], [-72.9009, 10.4359], [-72.9058, 10.3528]]]}}, {"type": "Feature", "id": "20517", "properties": {"daneCode": "20517", "name": "Í", "dptoCode": "20", "dptoName": "Í"}, "geometry": {"type": "Polygon", "coordinates": [[[-73.4359, 8.9993], [-73.4261, 8.9002], [-73.4469, 8.8704], [-73.5338, 8.8295], [-73.6134, 8.8903], [-73.6734, 8.8407], [-73.6954, 8.8853], [-73.6917, 9.0378], [-73.562, 9.0638], [-73.5497, 9.0068], [-73.491, 8.982], [-73.4359, 8.9993]]]}}, {"type": "Feature", "id": "20550", "properties": {"daneCode": "20550", "name": "Í", "dptoCode": "20", "dptoName": "Í"}, "geometry": {"type": "Polygon", "coordinates": [[[-73.4469, 8.8704], [-73.4285, 8.8233], [-73.4555, 8.7973], [-73.5864, 8.7738], [-73.6219, 8.6858], [-73.677, 8.6461], [-73.808, 8.6696], [-73.7591, 8.7403], [-73.7027, 8.749], [-73.6734, 8.8407], [-73.6134, 8.8903], [-73.5338, 8.8295], [-73.4469, 8.8704]]]}}, {"type": "Feature", "id": "20614", "properties": {"daneCode": "20614", "name": "Í", "dptoCode": "20", "dptoName": "Í"}, "geometry": {"type": "Polygon", "coordinates": [[[-73.3612, 8.3275], [-73.4053, 8.2457], [-73.4322, 8.1404], [-73.393, 8.1131], [-73.4395, 8.0797], [-73.6391, 8.066], [-73.5864, 8.1144], [-73.6036, 8.1788], [-73.5583, 8.2048], [-73.5363, 8.2804], [-73.4567, 8.361], [-73.4114, 8.3697], [-73.3612, 8.3275]]]}}, {"type": "Feature", "id": "20710", "properties": {"daneCode": "20710", "name": "Í", "dptoCode": "20", "dptoName": "Í"}, "geometry": {"type": "Polygon", "coordinates": [[[-73.349, 7.8293], [-73.4114, 7.7165], [-73.4812, 7.6768], [-73.5803, 7.7388], [-73.633, 7.7487], [-73.4861, 7.8268], [-73.4432, 7.9384], [-73.404, 7.9185], [-73.2975, 7.9842], [-73.2792, 7.9359], [-73.3514, 7.8925], [-73.349, 7.8293]]]}}, {"type": "Feature", "id": "20750", "properties": {"daneCode": "20750", "name": "Í", "dptoCode": "20", "dptoName": "Í"}, "geometry": {"type": "Polygon", "coordinates": [[[-73.5889, 9.8657], [-73.5938, 9.8942], [-73.535, 10.0145], [-73.4249, 10.0913], [-73.3734, 10.1657], [-73.3, 10.214], [-73.2363, 10.3566], [-73.1188, 10.3404], [-73.1188, 10.2004], [-73.1653, 10.2004], [-73.1653, 10.1099], [-73.2241, 10.1186], [-73.3918, 10.0814], [-73.4273, 10.0207], [-73.4983, 10.0169], [-73.5473, 9.9103], [-73.5889, 9.8657]]]}}, {"type": "Feature", "id": "20787", "properties": {"daneCode": "20787", "name": "Í", "dptoCode": "20", "dptoName": "Í"}, "geometry": {"type": "Polygon", "coordinates": [[[-73.6917, 9.0378], [-73.6954, 8.8853], [-73.6734, 8.8407], [-73.7027, 8.749], [-73.7591, 8.7403], [-73.7897, 8.7514], [-73.8178, 8.8357], [-73.868, 8.9361], [-73.7994, 9.0588], [-73.6917, 9.0378]]]}}, {"type": "Feature", "id": "20001", "properties": {"daneCode": "20001", "name": "Í", "dptoCode": "20", "dptoName": "Í"}, "geometry": {"type": "Polygon", "coordinates": [[[-73.076, 10.6367], [-73.0992, 10.5524], [-73.1629, 10.4892], [-73.1776, 10.457], [-73.2363, 10.3566], [-73.3, 10.214], [-73.3734, 10.1657], [-73.4249, 10.0913], [-73.535, 10.0145], [-73.5938, 9.8942], [-73.5889, 9.8657], [-73.6183, 9.8186], [-73.7419, 9.8484], [-73.7358, 9.8843], [-73.7566, 9.9922], [-73.8129, 10.074], [-73.786, 10.1396], [-73.8141, 10.2537], [-73.7346, 10.3516], [-73.655, 10.3194], [-73.5142, 10.3318], [-73.4506, 10.3603], [-73.5203, 10.5958], [-73.5191, 10.7234], [-73.562, 10.7408], [-73.5987, 10.8362], [-73.4555, 10.8672], [-73.2914, 10.8623], [-73.2559, 10.8263], [-73.2633, 10.7321], [-73.2168, 10.7309], [-73.1139, 10.6788], [-73.076, 10.6367]]]}}, {"type": "Feature", "id": "20013", "properties": {"daneCode": "20013", "name": "Í", "dptoCode": "20", "dptoName": "Í"}, "geometry": {"type": "Polygon", "coordinates": [[[-72.9989, 9.9215], [-73.1715, 9.7926], [-73.2669, 9.8174], [-73.3269, 9.7752], [-73.3722, 9.7852], [-73.4946, 9.7405], [-73.5864, 9.7517], [-73.6195, 9.7232], [-73.6207, 9.7579], [-73.4518, 9.9091], [-73.4653, 9.9537], [-73.349, 10.0616], [-73.2057, 10.0417], [-72.9989, 10.1644], [-72.907, 10.2686], [-72.9119, 10.1149], [-72.9989, 9.9215]]]}}, {"type": "Feature", "id": "20045", "properties": {"daneCode": "20045", "name": "Í", "dptoCode": "20", "dptoName": "Í"}, "geometry": {"type": "Polygon", "coordinates": [[[-73.0699, 9.6327], [-73.1861, 9.6315], [-73.2412, 9.598], [-73.3233, 9.5881], [-73.3783, 9.6476], [-73.4897, 9.6736], [-73.6305, 9.6414], [-73.6195, 9.7232], [-73.5864, 9.7517], [-73.4946, 9.7405], [-73.3722, 9.7852], [-73.3269, 9.7752], [-73.2669, 9.8174], [-73.1715, 9.7926], [-72.9989, 9.9215], [-72.9719, 9.8546], [-72.9878, 9.7938], [-73.0699, 9.6327]]]}}, {"type": "Feature", "id": "20621", "properties": {"daneCode": "20621", "name": "Í", "dptoCode": "20", "dptoName": "Í"}, "geometry": {"type": "Polygon", "coordinates": [[[-73.1286, 10.3987], [-73.0478, 10.3541], [-72.9058, 10.3528], [-72.907, 10.2686], [-72.9989, 10.1644], [-73.2057, 10.0417], [-73.349, 10.0616], [-73.4653, 9.9537], [-73.4518, 9.9091], [-73.6207, 9.7579], [-73.6183, 9.8186], [-73.5889, 9.8657], [-73.5473, 9.9103], [-73.4983, 10.0169], [-73.4273, 10.0207], [-73.3918, 10.0814], [-73.2241, 10.1186], [-73.1653, 10.1099], [-73.1653, 10.2004], [-73.1188, 10.2004], [-73.1188, 10.3404], [-73.2363, 10.3566], [-73.1776, 10.457], [-73.1286, 10.3987]]]}}, {"type": "Feature", "id": "20570", "properties": {"daneCode": "20570", "name": "Í", "dptoCode": "20", "dptoName": "Í"}, "geometry": {"type": "Polygon", "coordinates": [[[-73.7346, 10.3516], [-73.7921, 10.3925], [-73.7419, 10.4346], [-73.6599, 10.4557], [-73.6403, 10.5003], [-73.5632, 10.5041], [-73.617, 10.6454], [-73.562, 10.7408], [-73.5191, 10.7234], [-73.5203, 10.5958], [-73.4506, 10.3603], [-73.5142, 10.3318], [-73.655, 10.3194], [-73.7346, 10.3516]]]}}, {"type": "Feature", "id": "20770", "properties": {"daneCode": "20770", "name": "Í", "dptoCode": "20", "dptoName": "Í"}, "geometry": {"type": "Polygon", "coordinates": [[[-73.3098, 8.0152], [-73.2975, 7.9842], [-73.404, 7.9185], [-73.4432, 7.9384], [-73.4861, 7.8268], [-73.633, 7.7487], [-73.7529, 7.7512], [-73.7505, 7.8032], [-73.6709, 7.8937], [-73.7211, 8.009], [-73.6158, 8.0102], [-73.6391, 8.066], [-73.4395, 8.0797], [-73.393, 8.1131], [-73.3661, 8.0226], [-73.3098, 8.0152]]]}}, {"type": "Feature", "id": "20011", "properties": {"daneCode": "20011", "name": "Í", "dptoCode": "20", "dptoName": "Í"}, "geometry": {"type": "Polygon", "coordinates": [[[-73.4922, 8.4217], [-73.4567, 8.361], [-73.5363, 8.2804], [-73.5583, 8.2048], [-73.6036, 8.1788], [-73.5864, 8.1144], [-73.6391, 8.066], [-73.6158, 8.0102], [-73.7211, 8.009], [-73.7639, 8.0635], [-73.775, 8.1453], [-73.7713, 8.154], [-73.6954, 8.2234], [-73.6795, 8.3337], [-73.6146, 8.3895], [-73.6379, 8.4874], [-73.5767, 8.506], [-73.4922, 8.4217]]]}}, {"type": "Feature", "id": "44078", "properties": {"daneCode": "44078", "name": "Í", "dptoCode": "44", "dptoName": "Í"}, "geometry": {"type": "Polygon", "coordinates": [[[-72.4921, 11.0792], [-72.4847, 11.0618], [-72.5802, 10.9106], [-72.6377, 10.8846], [-72.6757, 10.8189], [-72.721, 10.8647], [-72.7834, 10.8771], [-72.9119, 11.0345], [-72.8569, 11.0965], [-72.7491, 11.0271], [-72.7051, 11.0358], [-72.6377, 11.1225], [-72.6292, 11.1176], [-72.4921, 11.0792]]]}}, {"type": "Feature", "id": "44098", "properties": {"daneCode": "44098", "name": "Í", "dptoCode": "44", "dptoName": "Í"}, "geometry": {"type": "Polygon", "coordinates": [[[-72.9144, 11.0321], [-72.9119, 10.949], [-72.8728, 10.8412], [-72.8985, 10.7904], [-72.9438, 10.8251], [-73.0184, 11.0073], [-72.9144, 11.0321]]]}}, {"type": "Feature", "id": "44110", "properties": {"daneCode": "44110", "name": "Í", "dptoCode": "44", "dptoName": "Í"}, "geometry": {"type": "Polygon", "coordinates": [[[-72.781, 10.6119], [-72.8422, 10.5388], [-73.0135, 10.6677], [-72.9731, 10.716], [-72.8214, 10.6813], [-72.781, 10.6119]]]}}, {"type": "Feature", "id": "44279", "properties": {"daneCode": "44279", "name": "Í", "dptoCode": "44", "dptoName": "Í"}, "geometry": {"type": "Polygon", "coordinates": [[[-72.6757, 10.8189], [-72.7479, 10.6528], [-72.825, 10.7123], [-72.8324, 10.7693], [-72.8985, 10.7904], [-72.8728, 10.8412], [-72.9119, 10.949], [-72.9144, 11.0321], [-72.9119, 11.0345], [-72.7834, 10.8771], [-72.721, 10.8647], [-72.6757, 10.8189]]]}}, {"type": "Feature", "id": "44378", "properties": {"daneCode": "44378", "name": "Í", "dptoCode": "44", "dptoName": "Í"}, "geometry": {"type": "MultiPolygon", "coordinates": [[[[-72.4957, 11.0816], [-72.4921, 11.0792], [-72.6292, 11.1176], [-72.4957, 11.0816]]], [[[-72.6487, 11.1635], [-72.6377, 11.1225], [-72.7051, 11.0358], [-72.7491, 11.0271], [-72.8569, 11.0965], [-72.6916, 11.1672], [-72.6487, 11.1635]]]]}}, {"type": "Feature", "id": "44420", "properties": {"daneCode": "44420", "name": "Í", "dptoCode": "44", "dptoName": "Í"}, "geometry": {"type": "Polygon", "coordinates": [[[-72.8862, 10.4532], [-72.9009, 10.4359], [-72.9866, 10.3999], [-73.0882, 10.4247], [-73.1286, 10.3987], [-73.1776, 10.457], [-73.1629, 10.4892], [-73.027, 10.5177], [-73.027, 10.4173], [-72.8862, 10.4532]]]}}, {"type": "Feature", "id": "44855", "properties": {"daneCode": "44855", "name": "Í", "dptoCode": "44", "dptoName": "Í"}, "geometry": {"type": "Polygon", "coordinates": [[[-72.8434, 10.5078], [-72.8862, 10.4532], [-73.027, 10.4173], [-73.027, 10.5177], [-73.1629, 10.4892], [-73.0992, 10.5524], [-73.0062, 10.5574], [-72.9132, 10.5078], [-72.8434, 10.5078]]]}}, {"type": "Feature", "id": "44874", "properties": {"daneCode": "44874", "name": "Í", "dptoCode": "44", "dptoName": "Í"}, "geometry": {"type": "Polygon", "coordinates": [[[-72.8422, 10.5388], [-72.8434, 10.5078], [-72.9132, 10.5078], [-73.0062, 10.5574], [-73.0992, 10.5524], [-73.076, 10.6367], [-73.0135, 10.6677], [-72.8422, 10.5388]]]}}, {"type": "Feature", "id": "44001", "properties": {"daneCode": "44001", "name": "Í", "dptoCode": "44", "dptoName": "Í"}, "geometry": {"type": "Polygon", "coordinates": [[[-72.6475, 11.4287], [-72.6145, 11.3221], [-72.6022, 11.244], [-72.6487, 11.1635], [-72.6916, 11.1672], [-72.8569, 11.0965], [-72.9119, 11.0345], [-72.9144, 11.0321], [-73.0184, 11.0073], [-73.2216, 10.9329], [-73.3857, 10.9168], [-73.3318, 10.9726], [-73.3061, 11.0581], [-73.2363, 11.0965], [-73.1653, 11.187], [-73.1494, 11.2515], [-73.2168, 11.3295], [-73.1433, 11.4076], [-73.0246, 11.4944], [-72.8911, 11.5601], [-72.8581, 11.5142], [-72.7185, 11.4808], [-72.6475, 11.4287]]]}}, {"type": "Feature", "id": "44035", "properties": {"daneCode": "44035", "name": "Í", "dptoCode": "44", "dptoName": "Í"}, "geometry": {"type": "Polygon", "coordinates": [[[-72.459, 11.1164], [-72.4957, 11.0816], [-72.6292, 11.1176], [-72.6377, 11.1225], [-72.6487, 11.1635], [-72.6022, 11.244], [-72.6145, 11.3221], [-72.5728, 11.399], [-72.5251, 11.4064], [-72.4517, 11.301], [-72.4039, 11.1746], [-72.459, 11.1164]]]}}, {"type": "Feature", "id": "44090", "properties": {"daneCode": "44090", "name": "Í", "dptoCode": "44", "dptoName": "Í"}, "geometry": {"type": "Polygon", "coordinates": [[[-73.3857, 10.9168], [-73.4555, 10.8672], [-73.5987, 10.8362], [-73.6648, 10.9899], [-73.6281, 11.1424], [-73.584, 11.1895], [-73.5754, 11.2601], [-73.3624, 11.2626], [-73.2755, 11.2862], [-73.2168, 11.3295], [-73.1494, 11.2515], [-73.1653, 11.187], [-73.2363, 11.0965], [-73.3061, 11.0581], [-73.3318, 10.9726], [-73.3857, 10.9168]]]}}, {"type": "Feature", "id": "44650", "properties": {"daneCode": "44650", "name": "Í", "dptoCode": "44", "dptoName": "Í"}, "geometry": {"type": "Polygon", "coordinates": [[[-73.0184, 11.0073], [-72.9438, 10.8251], [-72.8985, 10.7904], [-72.8324, 10.7693], [-72.825, 10.7123], [-72.7479, 10.6528], [-72.781, 10.6119], [-72.8214, 10.6813], [-72.9731, 10.716], [-73.0135, 10.6677], [-73.076, 10.6367], [-73.1139, 10.6788], [-73.2168, 10.7309], [-73.2633, 10.7321], [-73.2559, 10.8263], [-73.2914, 10.8623], [-73.4555, 10.8672], [-73.3857, 10.9168], [-73.2216, 10.9329], [-73.0184, 11.0073]]]}}, {"type": "Feature", "id": "44847", "properties": {"daneCode": "44847", "name": "Í", "dptoCode": "44", "dptoName": "Í"}, "geometry": {"type": "Polygon", "coordinates": [[[-71.9791, 11.6307], [-72.0195, 11.6927], [-72.1248, 11.5328], [-72.2619, 11.5266], [-72.3194, 11.5539], [-72.3623, 11.6159], [-72.3709, 11.6977], [-72.3305, 11.772], [-72.3549, 11.8278], [-72.2374, 11.8861], [-72.1383, 12.1042], [-72.1432, 12.2393], [-72.0746, 12.2331], [-71.9644, 12.2567], [-71.995, 12.186], [-71.9595, 12.1501], [-71.8604, 12.2108], [-71.9277, 12.2976], [-71.8604, 12.3558], [-71.8053, 12.305], [-71.6915, 12.3657], [-71.6241, 12.4401], [-71.5421, 12.4401], [-71.2826, 12.3434], [-71.2251, 12.2728], [-71.1149, 12.0856], [-71.1357, 12.0026], [-71.2348, 11.953], [-71.3781, 11.8117], [-71.6107, 11.746], [-71.8016, 11.6803], [-71.9791, 11.6307]]]}}, {"type": "Feature", "id": "44430", "properties": {"daneCode": "44430", "name": "Í", "dptoCode": "44", "dptoName": "Í"}, "geometry": {"type": "Polygon", "coordinates": [[[-71.9791, 11.6307], [-72.246, 11.1449], [-72.3488, 11.1511], [-72.459, 11.1164], [-72.4039, 11.1746], [-72.4517, 11.301], [-72.5251, 11.4064], [-72.5728, 11.399], [-72.6145, 11.3221], [-72.6475, 11.4287], [-72.6047, 11.4584], [-72.5361, 11.4436], [-72.3978, 11.5018], [-72.3819, 11.5254], [-72.2619, 11.5266], [-72.1248, 11.5328], [-72.0195, 11.6927], [-71.9791, 11.6307]]]}}, {"type": "Feature", "id": "44560", "properties": {"daneCode": "44560", "name": "Í", "dptoCode": "44", "dptoName": "Í"}, "geometry": {"type": "Polygon", "coordinates": [[[-72.2619, 11.5266], [-72.3819, 11.5254], [-72.3978, 11.5018], [-72.5361, 11.4436], [-72.6047, 11.4584], [-72.6475, 11.4287], [-72.7185, 11.4808], [-72.8581, 11.5142], [-72.8911, 11.5601], [-72.8262, 11.6357], [-72.7234, 11.7001], [-72.459, 11.777], [-72.3549, 11.8278], [-72.3305, 11.772], [-72.3709, 11.6977], [-72.3623, 11.6159], [-72.3194, 11.5539], [-72.2619, 11.5266]]]}}, {"type": "Feature", "id": "47541", "properties": {"daneCode": "47541", "name": "Í", "dptoCode": "47", "dptoName": "Í"}, "geometry": {"type": "Polygon", "coordinates": [[[-74.8767, 10.214], [-74.8277, 10.2351], [-74.7543, 10.1806], [-74.6931, 10.2252], [-74.7739, 10.0975], [-74.8253, 10.0591], [-74.9453, 10.1285], [-74.9159, 10.2388], [-74.8767, 10.214]]]}}, {"type": "Feature", "id": "47030", "properties": {"daneCode": "47030", "name": "Í", "dptoCode": "47", "dptoName": "Í"}, "geometry": {"type": "Polygon", "coordinates": [[[-73.9782, 10.2772], [-74.0651, 10.1669], [-74.0737, 10.0516], [-74.1153, 10.1297], [-74.1275, 10.2066], [-74.1948, 10.1867], [-74.19, 10.2946], [-74.1581, 10.3566], [-74.1104, 10.3925], [-74.0577, 10.3243], [-73.9782, 10.2772]]]}}, {"type": "Feature", "id": "47058", "properties": {"daneCode": "47058", "name": "Í", "dptoCode": "47", "dptoName": "Í"}, "geometry": {"type": "Polygon", "coordinates": [[[-73.8386, 9.7852], [-73.8398, 9.7368], [-73.9672, 9.7517], [-74.0945, 9.7034], [-74.1777, 9.6191], [-74.1985, 9.7294], [-74.2671, 9.7715], [-74.2683, 9.8794], [-74.2475, 9.9711], [-74.1532, 9.9723], [-74.0345, 9.9983], [-73.9586, 9.9314], [-73.8974, 9.8372], [-73.8386, 9.7852]]]}}, {"type": "Feature", "id": "47161", "properties": {"daneCode": "47161", "name": "Í", "dptoCode": "47", "dptoName": "Í"}, "geometry": {"type": "Polygon", "coordinates": [[[-74.7016, 10.2748], [-74.7163, 10.2487], [-74.8436, 10.271], [-74.8767, 10.214], [-74.9159, 10.2388], [-74.911, 10.2537], [-74.8681, 10.3404], [-74.8632, 10.3665], [-74.7494, 10.3194], [-74.7016, 10.2748]]]}}, {"type": "Feature", "id": "47170", "properties": {"daneCode": "47170", "name": "Í", "dptoCode": "47", "dptoName": "Í"}, "geometry": {"type": "Polygon", "coordinates": [[[-74.4654, 10.2029], [-74.3932, 10.1384], [-74.4421, 10.0169], [-74.5425, 10.0293], [-74.5547, 9.9475], [-74.6612, 10.012], [-74.6196, 10.0864], [-74.6331, 10.1434], [-74.5866, 10.219], [-74.496, 10.2326], [-74.4654, 10.2029]]]}}, {"type": "Feature", "id": "47205", "properties": {"daneCode": "47205", "name": "Í", "dptoCode": "47", "dptoName": "Í"}, "geometry": {"type": "Polygon", "coordinates": [[[-74.7163, 10.2487], [-74.6931, 10.2252], [-74.7543, 10.1806], [-74.8277, 10.2351], [-74.8767, 10.214], [-74.8436, 10.271], [-74.7163, 10.2487]]]}}, {"type": "Feature", "id": "47258", "properties": {"daneCode": "47258", "name": "Í", "dptoCode": "47", "dptoName": "Í"}, "geometry": {"type": "Polygon", "coordinates": [[[-74.496, 10.2326], [-74.5866, 10.219], [-74.7016, 10.2748], [-74.7494, 10.3194], [-74.8632, 10.3665], [-74.8118, 10.4508], [-74.6845, 10.4706], [-74.5743, 10.364], [-74.496, 10.2326]]]}}, {"type": "Feature", "id": "47268", "properties": {"daneCode": "47268", "name": "Í", "dptoCode": "47", "dptoName": "Í"}, "geometry": {"type": "Polygon", "coordinates": [[[-74.2573, 10.6652], [-74.1887, 10.5549], [-74.2157, 10.5363], [-74.2438, 10.5574], [-74.3099, 10.6243], [-74.3748, 10.6218], [-74.4495, 10.6714], [-74.4274, 10.7234], [-74.3748, 10.7445], [-74.2573, 10.6652]]]}}, {"type": "Feature", "id": "47318", "properties": {"daneCode": "47318", "name": "Í", "dptoCode": "47", "dptoName": "Í"}, "geometry": {"type": "Polygon", "coordinates": [[[-73.9818, 9.3861], [-73.9892, 9.3513], [-74.0871, 9.2162], [-74.0945, 9.1605], [-74.1753, 9.0886], [-74.2487, 9.1642], [-74.2977, 9.1766], [-74.3001, 9.2039], [-74.2365, 9.2497], [-74.1863, 9.3328], [-74.1385, 9.3315], [-74.0639, 9.4034], [-73.9818, 9.3861]]]}}, {"type": "Feature", "id": "47460", "properties": {"daneCode": "47460", "name": "Í", "dptoCode": "47", "dptoName": "Í"}, "geometry": {"type": "Polygon", "coordinates": [[[-74.2683, 9.8794], [-74.2671, 9.7715], [-74.1985, 9.7294], [-74.1777, 9.6191], [-74.2169, 9.5819], [-74.3013, 9.5943], [-74.3503, 9.5695], [-74.4507, 9.6092], [-74.4115, 9.7554], [-74.4801, 9.8335], [-74.4103, 9.9017], [-74.4005, 9.9525], [-74.3283, 9.9314], [-74.2683, 9.8794]]]}}, {"type": "Feature", "id": "47545", "properties": {"daneCode": "47545", "name": "Í", "dptoCode": "47", "dptoName": "Í"}, "geometry": {"type": "Polygon", "coordinates": [[[-73.8105, 9.6736], [-73.8031, 9.6364], [-73.868, 9.6005], [-74.0369, 9.5918], [-74.1398, 9.4939], [-74.1863, 9.484], [-74.2891, 9.3774], [-74.4801, 9.303], [-74.4752, 9.4009], [-74.3919, 9.4356], [-74.2928, 9.4381], [-74.1973, 9.5683], [-74.13, 9.5794], [-74.0112, 9.6637], [-73.9598, 9.7319], [-73.9035, 9.6711], [-73.8105, 9.6736]]]}}, {"type": "Feature", "id": "47551", "properties": {"daneCode": "47551", "name": "Í", "dptoCode": "47", "dptoName": "Í"}, "geometry": {"type": "Polygon", "coordinates": [[[-74.2438, 10.5574], [-74.1961, 10.4817], [-74.1802, 10.3826], [-74.2683, 10.2698], [-74.376, 10.2153], [-74.4176, 10.2636], [-74.4654, 10.2029], [-74.496, 10.2326], [-74.5743, 10.364], [-74.6845, 10.4706], [-74.6686, 10.5635], [-74.5609, 10.54], [-74.4911, 10.5635], [-74.4348, 10.6292], [-74.4495, 10.6714], [-74.3748, 10.6218], [-74.3099, 10.6243], [-74.2438, 10.5574]]]}}, {"type": "Feature", "id": "47555", "properties": {"daneCode": "47555", "name": "Í", "dptoCode": "47", "dptoName": "Í"}, "geometry": {"type": "Polygon", "coordinates": [[[-74.4421, 10.0169], [-74.4005, 9.9525], [-74.4103, 9.9017], [-74.4801, 9.8335], [-74.4115, 9.7554], [-74.4507, 9.6092], [-74.5217, 9.5658], [-74.5633, 9.6414], [-74.6649, 9.6451], [-74.6612, 9.5782], [-74.7629, 9.5397], [-74.7775, 9.5075], [-74.8057, 9.5534], [-74.7726, 9.6042], [-74.791, 9.6525], [-74.8057, 9.7604], [-74.84, 9.81], [-74.6931, 9.8893], [-74.5792, 9.8868], [-74.5547, 9.9475], [-74.5425, 10.0293], [-74.4421, 10.0169]]]}}, {"type": "Feature", "id": "47570", "properties": {"daneCode": "47570", "name": "Í", "dptoCode": "47", "dptoName": "Í"}, "geometry": {"type": "Polygon", "coordinates": [[[-74.2658, 10.866], [-74.2671, 10.799], [-74.2193, 10.6627], [-74.2573, 10.6652], [-74.3748, 10.7445], [-74.4274, 10.7234], [-74.4789, 10.8251], [-74.485, 10.9812], [-74.3564, 10.9763], [-74.2646, 11.006], [-74.2658, 10.866]]]}}, {"type": "Feature", "id": "47605", "properties": {"daneCode": "47605", "name": "Í", "dptoCode": "47", "dptoName": "Í"}, "geometry": {"type": "Polygon", "coordinates": [[[-74.4274, 10.7234], [-74.4495, 10.6714], [-74.4348, 10.6292], [-74.4911, 10.5635], [-74.5609, 10.54], [-74.6686, 10.5635], [-74.7261, 10.6007], [-74.7469, 10.6516], [-74.7261, 10.7272], [-74.6037, 10.7234], [-74.4984, 10.7532], [-74.4274, 10.7234]]]}}, {"type": "Feature", "id": "47660", "properties": {"daneCode": "47660", "name": "Í", "dptoCode": "47", "dptoName": "Í"}, "geometry": {"type": "Polygon", "coordinates": [[[-74.1802, 10.3826], [-74.1581, 10.3566], [-74.19, 10.2946], [-74.1948, 10.1867], [-74.1275, 10.2066], [-74.1153, 10.1297], [-74.0737, 10.0516], [-74.0357, 10.0045], [-74.0345, 9.9983], [-74.1532, 9.9723], [-74.2475, 9.9711], [-74.2683, 9.8794], [-74.3283, 9.9314], [-74.4005, 9.9525], [-74.4421, 10.0169], [-74.3932, 10.1384], [-74.4654, 10.2029], [-74.4176, 10.2636], [-74.376, 10.2153], [-74.2683, 10.2698], [-74.1802, 10.3826]]]}}, {"type": "Feature", "id": "47675", "properties": {"daneCode": "47675", "name": "Í", "dptoCode": "47", "dptoName": "Í"}, "geometry": {"type": "Polygon", "coordinates": [[[-74.6686, 10.5635], [-74.6845, 10.4706], [-74.8118, 10.4508], [-74.8069, 10.483], [-74.7445, 10.5388], [-74.7261, 10.6007], [-74.6686, 10.5635]]]}}, {"type": "Feature", "id": "47692", "properties": {"daneCode": "47692", "name": "Í", "dptoCode": "47", "dptoName": "Í"}, "geometry": {"type": "Polygon", "coordinates": [[[-74.1398, 9.4939], [-73.9782, 9.3898], [-73.9818, 9.3861], [-74.0639, 9.4034], [-74.1385, 9.3315], [-74.1863, 9.3328], [-74.2365, 9.2497], [-74.3001, 9.2039], [-74.3919, 9.215], [-74.4176, 9.2361], [-74.2438, 9.3501], [-74.1863, 9.484], [-74.1398, 9.4939]]]}}, {"type": "Feature", "id": "47703", "properties": {"daneCode": "47703", "name": "Í", "dptoCode": "47", "dptoName": "Í"}, "geometry": {"type": "Polygon", "coordinates": [[[-74.4176, 9.2361], [-74.4397, 9.2745], [-74.5303, 9.2423], [-74.5315, 9.2559], [-74.4801, 9.303], [-74.2891, 9.3774], [-74.1863, 9.484], [-74.2438, 9.3501], [-74.4176, 9.2361]]]}}, {"type": "Feature", "id": "47707", "properties": {"daneCode": "47707", "name": "Í", "dptoCode": "47", "dptoName": "Í"}, "geometry": {"type": "Polygon", "coordinates": [[[-73.8398, 9.7368], [-73.8105, 9.6736], [-73.9035, 9.6711], [-73.9598, 9.7319], [-74.0112, 9.6637], [-74.13, 9.5794], [-74.1973, 9.5683], [-74.2928, 9.4381], [-74.3919, 9.4356], [-74.4752, 9.4009], [-74.4801, 9.303], [-74.5315, 9.2559], [-74.5645, 9.3117], [-74.6564, 9.3836], [-74.6294, 9.391], [-74.5217, 9.5658], [-74.4507, 9.6092], [-74.3503, 9.5695], [-74.3013, 9.5943], [-74.2169, 9.5819], [-74.1777, 9.6191], [-74.0945, 9.7034], [-73.9672, 9.7517], [-73.8398, 9.7368]]]}}, {"type": "Feature", "id": "47720", "properties": {"daneCode": "47720", "name": "Í", "dptoCode": "47", "dptoName": "Í"}, "geometry": {"type": "Polygon", "coordinates": [[[-74.5217, 9.5658], [-74.6294, 9.391], [-74.6564, 9.3836], [-74.7396, 9.4257], [-74.8008, 9.4418], [-74.7775, 9.5075], [-74.7629, 9.5397], [-74.6612, 9.5782], [-74.6649, 9.6451], [-74.5633, 9.6414], [-74.5217, 9.5658]]]}}, {"type": "Feature", "id": "47745", "properties": {"daneCode": "47745", "name": "Í", "dptoCode": "47", "dptoName": "Í"}, "geometry": {"type": "Polygon", "coordinates": [[[-74.485, 10.9812], [-74.4789, 10.8251], [-74.4274, 10.7234], [-74.4984, 10.7532], [-74.6037, 10.7234], [-74.7261, 10.7272], [-74.7274, 10.7495], [-74.7249, 10.7718], [-74.7408, 10.835], [-74.7384, 10.8759], [-74.7567, 10.9453], [-74.7641, 10.9949], [-74.8436, 11.0668], [-74.8522, 11.1052], [-74.5988, 11.0085], [-74.485, 10.9812]]]}}, {"type": "Feature", "id": "47798", "properties": {"daneCode": "47798", "name": "Í", "dptoCode": "47", "dptoName": "Í"}, "geometry": {"type": "Polygon", "coordinates": [[[-74.6612, 10.012], [-74.5547, 9.9475], [-74.5792, 9.8868], [-74.6931, 9.8893], [-74.84, 9.81], [-74.8828, 9.8719], [-74.862, 9.9438], [-74.7898, 10.0132], [-74.6612, 10.012]]]}}, {"type": "Feature", "id": "47960", "properties": {"daneCode": "47960", "name": "Í", "dptoCode": "47", "dptoName": "Í"}, "geometry": {"type": "Polygon", "coordinates": [[[-74.5866, 10.219], [-74.6331, 10.1434], [-74.6196, 10.0864], [-74.6612, 10.012], [-74.7898, 10.0132], [-74.8253, 10.0591], [-74.7739, 10.0975], [-74.6931, 10.2252], [-74.7163, 10.2487], [-74.7016, 10.2748], [-74.5866, 10.219]]]}}, {"type": "Feature", "id": "47980", "properties": {"daneCode": "47980", "name": "Í", "dptoCode": "47", "dptoName": "Í"}, "geometry": {"type": "Polygon", "coordinates": [[[-74.152, 10.6367], [-74.2193, 10.6627], [-74.2671, 10.799], [-74.2658, 10.866], [-74.2267, 10.928], [-74.1667, 10.9565], [-74.1092, 10.8709], [-74.0871, 10.7557], [-74.152, 10.6367]]]}}, {"type": "Feature", "id": "47053", "properties": {"daneCode": "47053", "name": "Í", "dptoCode": "47", "dptoName": "Í"}, "geometry": {"type": "Polygon", "coordinates": [[[-73.5987, 10.8362], [-73.562, 10.7408], [-73.617, 10.6454], [-73.6819, 10.5921], [-73.8398, 10.509], [-73.9659, 10.4892], [-74.0308, 10.426], [-74.2157, 10.5363], [-74.1887, 10.5549], [-74.2573, 10.6652], [-74.2193, 10.6627], [-74.152, 10.6367], [-74.0883, 10.6193], [-73.9855, 10.7123], [-73.8986, 10.7532], [-73.7652, 10.8759], [-73.6513, 10.8238], [-73.5987, 10.8362]]]}}, {"type": "Feature", "id": "47189", "properties": {"daneCode": "47189", "name": "Í", "dptoCode": "47", "dptoName": "Í"}, "geometry": {"type": "Polygon", "coordinates": [[[-73.7652, 10.8759], [-73.8986, 10.7532], [-73.9855, 10.7123], [-74.0883, 10.6193], [-74.152, 10.6367], [-74.0871, 10.7557], [-74.1092, 10.8709], [-74.1667, 10.9565], [-74.2267, 10.928], [-74.2658, 10.866], [-74.2646, 11.006], [-74.2144, 11.0754], [-74.1067, 11.0767], [-73.9855, 11.0172], [-73.8704, 10.9899], [-73.8802, 10.8932], [-73.8558, 10.8647], [-73.7652, 10.8759]]]}}, {"type": "Feature", "id": "47288", "properties": {"daneCode": "47288", "name": "Í", "dptoCode": "47", "dptoName": "Í"}, "geometry": {"type": "Polygon", "coordinates": [[[-73.7921, 10.3925], [-73.8925, 10.3913], [-73.9537, 10.3392], [-73.9782, 10.2772], [-74.0577, 10.3243], [-74.1104, 10.3925], [-74.1581, 10.3566], [-74.1802, 10.3826], [-74.1961, 10.4817], [-74.2438, 10.5574], [-74.2157, 10.5363], [-74.0308, 10.426], [-73.9659, 10.4892], [-73.8398, 10.509], [-73.6819, 10.5921], [-73.617, 10.6454], [-73.5632, 10.5041], [-73.6403, 10.5003], [-73.6599, 10.4557], [-73.7419, 10.4346], [-73.7921, 10.3925]]]}}, {"type": "Feature", "id": "47001", "properties": {"daneCode": "47001", "name": "Í", "dptoCode": "47", "dptoName": "Í"}, "geometry": {"type": "Polygon", "coordinates": [[[-73.5754, 11.2601], [-73.584, 11.1895], [-73.6281, 11.1424], [-73.6648, 10.9899], [-73.5987, 10.8362], [-73.6513, 10.8238], [-73.7652, 10.8759], [-73.8558, 10.8647], [-73.8802, 10.8932], [-73.8704, 10.9899], [-73.9855, 11.0172], [-74.1067, 11.0767], [-74.2144, 11.0754], [-74.2377, 11.2217], [-74.1459, 11.3357], [-74.0773, 11.3171], [-73.9794, 11.3395], [-73.857, 11.2738], [-73.6611, 11.2527], [-73.5754, 11.2601]]]}}, {"type": "Feature", "id": "47245", "properties": {"daneCode": "47245", "name": "Í", "dptoCode": "47", "dptoName": "Í"}, "geometry": {"type": "Polygon", "coordinates": [[[-73.7994, 9.0588], [-73.868, 8.9361], [-73.9782, 8.9845], [-74.0039, 9.0303], [-74.1006, 9.0192], [-74.1753, 9.0886], [-74.0945, 9.1605], [-74.0871, 9.2162], [-73.9892, 9.3513], [-73.9427, 9.2894], [-73.9623, 9.1877], [-73.8913, 9.1741], [-73.8643, 9.1121], [-73.7994, 9.0588]]]}}, {"type": "Feature", "id": "70001", "properties": {"daneCode": "70001", "name": "Í", "dptoCode": "70", "dptoName": "Í"}, "geometry": {"type": "Polygon", "coordinates": [[[-75.3982, 9.396], [-75.3382, 9.3142], [-75.3492, 9.2262], [-75.4569, 9.2373], [-75.4778, 9.2472], [-75.4986, 9.2857], [-75.4912, 9.339], [-75.5414, 9.3935], [-75.5267, 9.427], [-75.4888, 9.3885], [-75.3982, 9.396]]]}}, {"type": "Feature", "id": "70110", "properties": {"daneCode": "70110", "name": "Í", "dptoCode": "70", "dptoName": "Í"}, "geometry": {"type": "Polygon", "coordinates": [[[-74.922, 9.3885], [-74.9416, 9.2919], [-74.9085, 9.2051], [-74.9367, 9.21], [-75.0077, 9.3241], [-74.9575, 9.3675], [-74.9599, 9.4344], [-74.922, 9.3885]]]}}, {"type": "Feature", "id": "70124", "properties": {"daneCode": "70124", "name": "Í", "dptoCode": "70", "dptoName": "Í"}, "geometry": {"type": "Polygon", "coordinates": [[[-75.1864, 8.9138], [-75.1007, 8.8766], [-75.0138, 8.8047], [-75.0309, 8.6535], [-75.0726, 8.713], [-75.217, 8.7341], [-75.2452, 8.8494], [-75.2035, 8.9151], [-75.1864, 8.9138]]]}}, {"type": "Feature", "id": "70204", "properties": {"daneCode": "70204", "name": "Í", "dptoCode": "70", "dptoName": "Í"}, "geometry": {"type": "Polygon", "coordinates": [[[-75.3737, 9.629], [-75.3504, 9.536], [-75.2856, 9.5038], [-75.2856, 9.5001], [-75.3003, 9.4728], [-75.3639, 9.4443], [-75.3908, 9.4691], [-75.4006, 9.629], [-75.3737, 9.629]]]}}, {"type": "Feature", "id": "70215", "properties": {"daneCode": "70215", "name": "Í", "dptoCode": "70", "dptoName": "Í"}, "geometry": {"type": "Polygon", "coordinates": [[[-75.2366, 9.3402], [-75.2721, 9.2683], [-75.2709, 9.21], [-75.2048, 9.2113], [-75.1423, 9.1592], [-75.1215, 9.0997], [-75.2244, 9.1059], [-75.2721, 9.1382], [-75.3492, 9.2262], [-75.3382, 9.3142], [-75.2856, 9.3526], [-75.2366, 9.3402]]]}}, {"type": "Feature", "id": "70221", "properties": {"daneCode": "70221", "name": "Í", "dptoCode": "70", "dptoName": "Í"}, "geometry": {"type": "Polygon", "coordinates": [[[-75.6173, 9.4059], [-75.6491, 9.3625], [-75.7042, 9.3724], [-75.7006, 9.4121], [-75.6075, 9.4691], [-75.6173, 9.4059]]]}}, {"type": "Feature", "id": "70230", "properties": {"daneCode": "70230", "name": "Í", "dptoCode": "70", "dptoName": "Í"}, "geometry": {"type": "Polygon", "coordinates": [[[-75.3272, 9.6166], [-75.2843, 9.5769], [-75.2856, 9.5038], [-75.3504, 9.536], [-75.3737, 9.629], [-75.3272, 9.6166]]]}}, {"type": "Feature", "id": "70233", "properties": {"daneCode": "70233", "name": "Í", "dptoCode": "70", "dptoName": "Í"}, "geometry": {"type": "Polygon", "coordinates": [[[-75.0824, 9.1097], [-75.0285, 9.0477], [-75.1277, 9.0105], [-75.2084, 9.034], [-75.2244, 9.0737], [-75.2721, 9.1382], [-75.2244, 9.1059], [-75.1215, 9.0997], [-75.1423, 9.1592], [-75.0824, 9.1097]]]}}, {"type": "Feature", "id": "70235", "properties": {"daneCode": "70235", "name": "Í", "dptoCode": "70", "dptoName": "Í"}, "geometry": {"type": "Polygon", "coordinates": [[[-74.9085, 9.2051], [-74.8436, 9.1072], [-74.911, 9.1084], [-75.0285, 9.0477], [-75.0824, 9.1097], [-75.075, 9.2014], [-74.9367, 9.21], [-74.9085, 9.2051]]]}}, {"type": "Feature", "id": "70265", "properties": {"daneCode": "70265", "name": "Í", "dptoCode": "70", "dptoName": "Í"}, "geometry": {"type": "Polygon", "coordinates": [[[-74.5388, 8.4279], [-74.649, 8.3139], [-74.7812, 8.278], [-74.84, 8.3945], [-74.6649, 8.3821], [-74.6466, 8.4428], [-74.5694, 8.5097], [-74.5388, 8.4279]]]}}, {"type": "Feature", "id": "70400", "properties": {"daneCode": "70400", "name": "Í", "dptoCode": "70", "dptoName": "Í"}, "geometry": {"type": "Polygon", "coordinates": [[[-75.2035, 8.9151], [-75.2452, 8.8494], [-75.217, 8.7341], [-75.3358, 8.7118], [-75.3639, 8.8295], [-75.2586, 8.8952], [-75.2035, 8.9151]]]}}, {"type": "Feature", "id": "70418", "properties": {"daneCode": "70418", "name": "Í", "dptoCode": "70", "dptoName": "Í"}, "geometry": {"type": "Polygon", "coordinates": [[[-75.1105, 9.4406], [-75.113, 9.4009], [-75.1472, 9.4009], [-75.2366, 9.3402], [-75.2856, 9.3526], [-75.2599, 9.4108], [-75.3003, 9.4728], [-75.2856, 9.5001], [-75.1105, 9.4406]]]}}, {"type": "Feature", "id": "70429", "properties": {"daneCode": "70429", "name": "Í", "dptoCode": "70", "dptoName": "Í"}, "geometry": {"type": "Polygon", "coordinates": [[[-74.6086, 8.7304], [-74.5633, 8.5717], [-74.5694, 8.5097], [-74.6466, 8.4428], [-74.6649, 8.3821], [-74.84, 8.3945], [-74.8987, 8.4465], [-74.8461, 8.5308], [-74.7873, 8.6139], [-74.7482, 8.6213], [-74.7188, 8.7192], [-74.6086, 8.7304]]]}}, {"type": "Feature", "id": "70508", "properties": {"daneCode": "70508", "name": "Í", "dptoCode": "70", "dptoName": "Í"}, "geometry": {"type": "Polygon", "coordinates": [[[-75.0126, 9.5286], [-75.0358, 9.4741], [-75.1105, 9.4406], [-75.2856, 9.5001], [-75.2856, 9.5038], [-75.2843, 9.5769], [-75.3272, 9.6166], [-75.2794, 9.686], [-75.1325, 9.5955], [-75.0775, 9.5323], [-75.0126, 9.5286]]]}}, {"type": "Feature", "id": "70523", "properties": {"daneCode": "70523", "name": "Í", "dptoCode": "70", "dptoName": "Í"}, "geometry": {"type": "Polygon", "coordinates": [[[-75.5414, 9.3935], [-75.4912, 9.339], [-75.4986, 9.2857], [-75.5843, 9.2733], [-75.6283, 9.3526], [-75.6491, 9.3625], [-75.6173, 9.4059], [-75.5414, 9.3935]]]}}, {"type": "Feature", "id": "70670", "properties": {"daneCode": "70670", "name": "Í", "dptoCode": "70", "dptoName": "Í"}, "geometry": {"type": "Polygon", "coordinates": [[[-75.3492, 9.2262], [-75.2721, 9.1382], [-75.2244, 9.0737], [-75.2807, 9.0725], [-75.3921, 9.1592], [-75.4484, 9.1406], [-75.4569, 9.2373], [-75.3492, 9.2262]]]}}, {"type": "Feature", "id": "70678", "properties": {"daneCode": "70678", "name": "Í", "dptoCode": "70", "dptoName": "Í"}, "geometry": {"type": "Polygon", "coordinates": [[[-74.8436, 9.1072], [-74.7751, 9.0378], [-74.8375, 8.9745], [-74.8694, 8.9002], [-74.8755, 8.7874], [-74.8498, 8.6758], [-74.9171, 8.63], [-74.8461, 8.5308], [-74.8987, 8.4465], [-74.9257, 8.4998], [-75.0028, 8.5221], [-74.9808, 8.599], [-75.0309, 8.6535], [-75.0138, 8.8047], [-75.1007, 8.8766], [-75.1864, 8.9138], [-75.168, 8.9522], [-75.2084, 9.034], [-75.1277, 9.0105], [-75.0285, 9.0477], [-74.911, 9.1084], [-74.8436, 9.1072]]]}}, {"type": "Feature", "id": "70702", "properties": {"daneCode": "70702", "name": "Í", "dptoCode": "70", "dptoName": "Í"}, "geometry": {"type": "Polygon", "coordinates": [[[-75.2048, 9.2113], [-75.2709, 9.21], [-75.2721, 9.2683], [-75.2366, 9.3402], [-75.1472, 9.4009], [-75.2048, 9.2113]]]}}, {"type": "Feature", "id": "70708", "properties": {"daneCode": "70708", "name": "Í", "dptoCode": "70", "dptoName": "Í"}, "geometry": {"type": "Polygon", "coordinates": [[[-75.217, 8.7341], [-75.0726, 8.713], [-75.0309, 8.6535], [-74.9808, 8.599], [-75.0028, 8.5221], [-75.042, 8.4577], [-75.1277, 8.4688], [-75.1852, 8.397], [-75.2133, 8.4738], [-75.2672, 8.4874], [-75.3186, 8.5878], [-75.3517, 8.6585], [-75.3358, 8.7118], [-75.217, 8.7341]]]}}, {"type": "Feature", "id": "70713", "properties": {"daneCode": "70713", "name": "Í", "dptoCode": "70", "dptoName": "Í"}, "geometry": {"type": "Polygon", "coordinates": [[[-75.4876, 10.0368], [-75.4667, 9.9091], [-75.3933, 9.8806], [-75.3382, 9.8285], [-75.3713, 9.7108], [-75.3737, 9.629], [-75.4006, 9.629], [-75.4569, 9.6352], [-75.4729, 9.6687], [-75.5781, 9.6377], [-75.6442, 9.7567], [-75.5818, 9.9513], [-75.5732, 10.0864], [-75.4973, 10.1458], [-75.5451, 10.0467], [-75.4876, 10.0368]]]}}, {"type": "Feature", "id": "70717", "properties": {"daneCode": "70717", "name": "Í", "dptoCode": "70", "dptoName": "Í"}, "geometry": {"type": "Polygon", "coordinates": [[[-75.0358, 9.4741], [-74.9599, 9.4344], [-74.9575, 9.3675], [-75.0077, 9.3241], [-75.0897, 9.3414], [-75.113, 9.4009], [-75.1105, 9.4406], [-75.0358, 9.4741]]]}}, {"type": "Feature", "id": "70742", "properties": {"daneCode": "70742", "name": "Í", "dptoCode": "70", "dptoName": "Í"}, "geometry": {"type": "Polygon", "coordinates": [[[-75.113, 9.4009], [-75.0897, 9.3414], [-75.0077, 9.3241], [-74.9367, 9.21], [-75.075, 9.2014], [-75.0824, 9.1097], [-75.1423, 9.1592], [-75.2048, 9.2113], [-75.1472, 9.4009], [-75.113, 9.4009]]]}}, {"type": "Feature", "id": "70771", "properties": {"daneCode": "70771", "name": "Í", "dptoCode": "70", "dptoName": "Í"}, "geometry": {"type": "Polygon", "coordinates": [[[-74.5645, 8.837], [-74.6086, 8.7304], [-74.7188, 8.7192], [-74.7482, 8.6213], [-74.7873, 8.6139], [-74.8461, 8.5308], [-74.9171, 8.63], [-74.8498, 8.6758], [-74.8755, 8.7874], [-74.8694, 8.9002], [-74.8375, 8.9745], [-74.7751, 9.0378], [-74.6392, 8.977], [-74.5645, 8.837]]]}}, {"type": "Feature", "id": "70820", "properties": {"daneCode": "70820", "name": "Í", "dptoCode": "70", "dptoName": "Í"}, "geometry": {"type": "Polygon", "coordinates": [[[-75.4569, 9.6352], [-75.4741, 9.536], [-75.5267, 9.427], [-75.5414, 9.3935], [-75.6173, 9.4059], [-75.6075, 9.4691], [-75.5732, 9.5683], [-75.5781, 9.6377], [-75.4729, 9.6687], [-75.4569, 9.6352]]]}}, {"type": "Feature", "id": "70823", "properties": {"daneCode": "70823", "name": "Í", "dptoCode": "70", "dptoName": "Í"}, "geometry": {"type": "Polygon", "coordinates": [[[-75.4006, 9.629], [-75.3908, 9.4691], [-75.3639, 9.4443], [-75.3982, 9.396], [-75.4888, 9.3885], [-75.5267, 9.427], [-75.4741, 9.536], [-75.4569, 9.6352], [-75.4006, 9.629]]]}}, {"type": "Feature", "id": "70473", "properties": {"daneCode": "70473", "name": "Í", "dptoCode": "70", "dptoName": "Í"}, "geometry": {"type": "Polygon", "coordinates": [[[-75.3003, 9.4728], [-75.2599, 9.4108], [-75.2856, 9.3526], [-75.3382, 9.3142], [-75.3982, 9.396], [-75.3639, 9.4443], [-75.3003, 9.4728]]]}}, {"type": "Feature", "id": "88001", "properties": {"daneCode": "88001", "name": "Í", "dptoCode": "88", "dptoName": "Í"}, "geometry": {"type": "Polygon", "coordinates": [[[-81.7038, 12.595], [-81.7038, 12.543], [-81.7356, 12.5306], [-81.7222, 12.5777], [-81.7038, 12.595]]]}}, {"type": "Feature", "id": "88564", "properties": {"daneCode": "88564", "name": "Í", "dptoCode": "88", "dptoName": "Í"}, "geometry": {"type": "Polygon", "coordinates": [[[-81.3647, 13.3858], [-81.3598, 13.335], [-81.3929, 13.3561], [-81.3647, 13.3858]]]}}, {"type": "Feature", "id": "81001", "properties": {"daneCode": "81001", "name": "Í", "dptoCode": "81", "dptoName": "Í"}, "geometry": {"type": "Polygon", "coordinates": [[[-69.7622, 6.5303], [-69.843, 6.4968], [-69.9605, 6.5638], [-70.2543, 6.5997], [-70.2812, 6.632], [-70.4098, 6.6468], [-70.6546, 6.4845], [-70.7281, 6.5873], [-70.8174, 6.5799], [-70.8847, 6.6233], [-70.9582, 6.6543], [-71.039, 6.8352], [-71.1712, 6.8712], [-71.0892, 6.984], [-70.9949, 6.9827], [-70.848, 7.0744], [-70.6974, 7.0943], [-70.6081, 7.0645], [-70.5481, 7.0744], [-70.5028, 7.0063], [-70.4306, 7.0075], [-70.3229, 6.9344], [-70.2249, 6.9753], [-70.1172, 6.979], [-69.7622, 6.5303]]]}}, {"type": "Feature", "id": "81591", "properties": {"daneCode": "81591", "name": "Í", "dptoCode": "81", "dptoName": "Í"}, "geometry": {"type": "Polygon", "coordinates": [[[-70.6546, 6.4845], [-70.7195, 6.2204], [-70.7868, 6.2514], [-70.9839, 6.2291], [-71.0965, 6.2775], [-71.1418, 6.2651], [-71.2251, 6.2948], [-71.2777, 6.3035], [-71.2679, 6.5055], [-71.3389, 6.57], [-71.2557, 6.5737], [-71.1847, 6.5415], [-70.9068, 6.5526], [-70.8847, 6.6233], [-70.8174, 6.5799], [-70.7281, 6.5873], [-70.6546, 6.4845]]]}}, {"type": "Feature", "id": "81220", "properties": {"daneCode": "81220", "name": "Í", "dptoCode": "81", "dptoName": "Í"}, "geometry": {"type": "Polygon", "coordinates": [[[-69.7622, 6.5303], [-69.428, 6.1077], [-69.5357, 6.0457], [-69.6141, 6.0358], [-69.8356, 6.0407], [-69.892, 6.0544], [-69.8993, 6.0965], [-69.9825, 6.1585], [-70.0303, 6.1622], [-70.1209, 6.2576], [-70.1992, 6.2948], [-70.3131, 6.2799], [-70.3804, 6.3023], [-70.531, 6.2304], [-70.5567, 6.2452], [-70.7195, 6.2204], [-70.6546, 6.4845], [-70.4098, 6.6468], [-70.2812, 6.632], [-70.2543, 6.5997], [-69.9605, 6.5638], [-69.843, 6.4968], [-69.7622, 6.5303]]]}}, {"type": "Feature", "id": "81065", "properties": {"daneCode": "81065", "name": "Í", "dptoCode": "81", "dptoName": "Í"}, "geometry": {"type": "Polygon", "coordinates": [[[-71.0892, 6.984], [-71.1712, 6.8712], [-71.039, 6.8352], [-70.9582, 6.6543], [-70.8847, 6.6233], [-70.9068, 6.5526], [-71.1847, 6.5415], [-71.2557, 6.5737], [-71.3389, 6.57], [-71.454, 6.6753], [-71.6706, 6.8749], [-71.6927, 7.0373], [-71.5739, 7.0261], [-71.4246, 7.0385], [-71.3793, 7.0174], [-71.1283, 7.0323], [-71.0892, 6.984]]]}}, {"type": "Feature", "id": "81300", "properties": {"daneCode": "81300", "name": "Í", "dptoCode": "81", "dptoName": "Í"}, "geometry": {"type": "Polygon", "coordinates": [[[-71.454, 6.6753], [-71.5042, 6.6828], [-71.585, 6.6369], [-71.6682, 6.6493], [-71.7282, 6.7014], [-71.8861, 6.684], [-71.9804, 6.5551], [-72.0599, 6.5192], [-72.1285, 6.5241], [-72.0918, 6.6481], [-72.1003, 6.746], [-71.7588, 6.8104], [-71.6706, 6.8749], [-71.454, 6.6753]]]}}, {"type": "Feature", "id": "81736", "properties": {"daneCode": "81736", "name": "Í", "dptoCode": "81", "dptoName": "Í"}, "geometry": {"type": "Polygon", "coordinates": [[[-71.6927, 7.0373], [-71.6706, 6.8749], [-71.7588, 6.8104], [-72.1003, 6.746], [-72.0514, 6.7683], [-71.9779, 6.9654], [-71.9485, 7.0112], [-71.8347, 7.0261], [-71.7465, 7.0658], [-71.6927, 7.0373]]]}}, {"type": "Feature", "id": "81794", "properties": {"daneCode": "81794", "name": "Í", "dptoCode": "81", "dptoName": "Í"}, "geometry": {"type": "Polygon", "coordinates": [[[-71.454, 6.6753], [-71.3389, 6.57], [-71.2679, 6.5055], [-71.2777, 6.3035], [-71.2251, 6.2948], [-71.345, 6.2316], [-71.4172, 6.2428], [-71.4882, 6.2019], [-71.5335, 6.2142], [-71.667, 6.1919], [-71.7771, 6.1932], [-71.88, 6.1597], [-71.9608, 6.1671], [-72.0612, 6.1176], [-72.1383, 6.0668], [-72.2729, 6.1312], [-72.2925, 6.2043], [-72.3439, 6.2266], [-72.3672, 6.3072], [-72.339, 6.3456], [-72.3146, 6.358], [-72.2607, 6.4423], [-72.1285, 6.5241], [-72.0599, 6.5192], [-71.9804, 6.5551], [-71.8861, 6.684], [-71.7282, 6.7014], [-71.6682, 6.6493], [-71.585, 6.6369], [-71.5042, 6.6828], [-71.454, 6.6753]]]}}, {"type": "Feature", "id": "15001", "properties": {"daneCode": "15001", "name": "Í", "dptoCode": "15", "dptoName": "Í"}, "geometry": {"type": "Polygon", "coordinates": [[[-73.3416, 5.5846], [-73.3269, 5.5796], [-73.3073, 5.5697], [-73.3086, 5.5437], [-73.3612, 5.4743], [-73.4163, 5.4483], [-73.4469, 5.4693], [-73.4322, 5.4854], [-73.4224, 5.561], [-73.4114, 5.5672], [-73.3416, 5.5846]]]}}, {"type": "Feature", "id": "15022", "properties": {"daneCode": "15022", "name": "Í", "dptoCode": "15", "dptoName": "Í"}, "geometry": {"type": "Polygon", "coordinates": [[[-73.3649, 5.0144], [-73.3759, 4.9289], [-73.4371, 4.9066], [-73.4395, 4.9078], [-73.3771, 5.0157], [-73.3649, 5.0144]]]}}, {"type": "Feature", "id": "15047", "properties": {"daneCode": "15047", "name": "Í", "dptoCode": "15", "dptoName": "Í"}, "geometry": {"type": "Polygon", "coordinates": [[[-72.7136, 5.6255], [-72.6671, 5.4359], [-72.7381, 5.4706], [-72.8116, 5.3776], [-72.8801, 5.3503], [-72.8972, 5.2599], [-72.9376, 5.2041], [-73.0099, 5.214], [-73.0417, 5.3119], [-73.0429, 5.3603], [-73.016, 5.385], [-72.9254, 5.5672], [-72.896, 5.6131], [-72.8116, 5.5846], [-72.7712, 5.6441], [-72.7136, 5.6255]]]}}, {"type": "Feature", "id": "15051", "properties": {"daneCode": "15051", "name": "Í", "dptoCode": "15", "dptoName": "Í"}, "geometry": {"type": "Polygon", "coordinates": [[[-73.4714, 5.8213], [-73.382, 5.7606], [-73.3636, 5.6639], [-73.382, 5.6726], [-73.4236, 5.7073], [-73.5069, 5.7247], [-73.5008, 5.7792], [-73.4714, 5.8213]]]}}, {"type": "Feature", "id": "15087", "properties": {"daneCode": "15087", "name": "Í", "dptoCode": "15", "dptoName": "Í"}, "geometry": {"type": "Polygon", "coordinates": [[[-72.8128, 6.0234], [-72.8177, 5.9775], [-72.9144, 5.9453], [-72.9695, 6.0197], [-72.923, 6.0977], [-72.8617, 6.0135], [-72.8128, 6.0234]]]}}, {"type": "Feature", "id": "15090", "properties": {"daneCode": "15090", "name": "Í", "dptoCode": "15", "dptoName": "Í"}, "geometry": {"type": "Polygon", "coordinates": [[[-73.0723, 5.1694], [-73.0894, 5.1607], [-73.1482, 5.2289], [-73.0637, 5.3008], [-73.1017, 5.2103], [-73.0723, 5.1694]]]}}, {"type": "Feature", "id": "15092", "properties": {"daneCode": "15092", "name": "Í", "dptoCode": "15", "dptoName": "Í"}, "geometry": {"type": "Polygon", "coordinates": [[[-72.7797, 5.954], [-72.8262, 5.8784], [-72.8581, 5.866], [-72.8728, 5.8746], [-72.9254, 5.9292], [-72.9144, 5.9453], [-72.8177, 5.9775], [-72.7797, 5.954]]]}}, {"type": "Feature", "id": "15097", "properties": {"daneCode": "15097", "name": "Í", "dptoCode": "15", "dptoName": "Í"}, "geometry": {"type": "Polygon", "coordinates": [[[-72.6487, 6.4361], [-72.623, 6.4411], [-72.5753, 6.3506], [-72.6353, 6.2204], [-72.6414, 6.2787], [-72.6549, 6.3779], [-72.661, 6.4436], [-72.6487, 6.4361]]]}}, {"type": "Feature", "id": "15104", "properties": {"daneCode": "15104", "name": "Í", "dptoCode": "15", "dptoName": "Í"}, "geometry": {"type": "Polygon", "coordinates": [[[-73.3343, 5.4408], [-73.3526, 5.4321], [-73.4261, 5.4086], [-73.4408, 5.4148], [-73.4163, 5.4483], [-73.3612, 5.4743], [-73.3343, 5.4408]]]}}, {"type": "Feature", "id": "15106", "properties": {"daneCode": "15106", "name": "Í", "dptoCode": "15", "dptoName": "Í"}, "geometry": {"type": "Polygon", "coordinates": [[[-73.8802, 5.7073], [-73.8864, 5.69], [-73.8643, 5.6379], [-73.8974, 5.6193], [-73.9451, 5.6937], [-73.8998, 5.7371], [-73.8802, 5.7073]]]}}, {"type": "Feature", "id": "15109", "properties": {"daneCode": "15109", "name": "Í", "dptoCode": "15", "dptoName": "Í"}, "geometry": {"type": "Polygon", "coordinates": [[[-73.9108, 5.5239], [-73.9023, 5.4668], [-73.9476, 5.4235], [-74.0149, 5.478], [-73.9904, 5.5251], [-73.9108, 5.5499], [-73.9108, 5.5239]]]}}, {"type": "Feature", "id": "15114", "properties": {"daneCode": "15114", "name": "Í", "dptoCode": "15", "dptoName": "Í"}, "geometry": {"type": "Polygon", "coordinates": [[[-72.8581, 5.866], [-72.896, 5.8127], [-72.8728, 5.8746], [-72.8581, 5.866]]]}}, {"type": "Feature", "id": "15131", "properties": {"daneCode": "15131", "name": "Í", "dptoCode": "15", "dptoName": "Í"}, "geometry": {"type": "Polygon", "coordinates": [[[-73.8643, 5.6379], [-73.8484, 5.5462], [-73.9108, 5.5239], [-73.9108, 5.5499], [-73.9255, 5.5734], [-73.8974, 5.6193], [-73.8643, 5.6379]]]}}, {"type": "Feature", "id": "15135", "properties": {"daneCode": "15135", "name": "Í", "dptoCode": "15", "dptoName": "Í"}, "geometry": {"type": "Polygon", "coordinates": [[[-73.0295, 4.9921], [-73.0613, 4.9884], [-73.1751, 4.8967], [-73.2229, 4.9735], [-73.2486, 5.069], [-73.1531, 5.0752], [-73.1127, 5.1124], [-73.0295, 4.9921]]]}}, {"type": "Feature", "id": "15162", "properties": {"daneCode": "15162", "name": "Í", "dptoCode": "15", "dptoName": "Í"}, "geometry": {"type": "Polygon", "coordinates": [[[-72.9144, 5.9453], [-72.9254, 5.9292], [-72.9279, 5.9242], [-73.0111, 5.9626], [-72.9695, 6.0197], [-72.9144, 5.9453]]]}}, {"type": "Feature", "id": "15172", "properties": {"daneCode": "15172", "name": "Í", "dptoCode": "15", "dptoName": "Í"}, "geometry": {"type": "Polygon", "coordinates": [[[-73.3294, 5.2611], [-73.2829, 5.2066], [-73.2951, 5.1979], [-73.2682, 5.1557], [-73.3636, 5.1372], [-73.3918, 5.2165], [-73.4016, 5.2425], [-73.3294, 5.2611]]]}}, {"type": "Feature", "id": "15176", "properties": {"daneCode": "15176", "name": "Í", "dptoCode": "15", "dptoName": "Í"}, "geometry": {"type": "Polygon", "coordinates": [[[-73.6856, 5.6292], [-73.7162, 5.5908], [-73.7897, 5.5524], [-73.8484, 5.5462], [-73.8643, 5.6379], [-73.8864, 5.69], [-73.7799, 5.6342], [-73.6856, 5.6292]]]}}, {"type": "Feature", "id": "15183", "properties": {"daneCode": "15183", "name": "Í", "dptoCode": "15", "dptoName": "Í"}, "geometry": {"type": "Polygon", "coordinates": [[[-72.3966, 6.2725], [-72.4125, 6.1882], [-72.3623, 6.0754], [-72.3207, 6.0878], [-72.3427, 6.0011], [-72.3403, 5.892], [-72.4162, 5.9044], [-72.4504, 5.9577], [-72.5276, 6.0097], [-72.5422, 6.0692], [-72.5165, 6.1486], [-72.552, 6.1771], [-72.4957, 6.2874], [-72.3966, 6.2725]]]}}, {"type": "Feature", "id": "15185", "properties": {"daneCode": "15185", "name": "Í", "dptoCode": "15", "dptoName": "Í"}, "geometry": {"type": "Polygon", "coordinates": [[[-73.404, 6.0556], [-73.371, 6.006], [-73.4016, 5.9019], [-73.4334, 5.8982], [-73.4959, 5.9874], [-73.4861, 6.0011], [-73.4542, 6.0791], [-73.404, 6.0556]]]}}, {"type": "Feature", "id": "15187", "properties": {"daneCode": "15187", "name": "Í", "dptoCode": "15", "dptoName": "Í"}, "geometry": {"type": "Polygon", "coordinates": [[[-73.2131, 5.6267], [-73.2278, 5.5536], [-73.2853, 5.5239], [-73.3086, 5.5437], [-73.3073, 5.5697], [-73.2314, 5.6267], [-73.2131, 5.6267]]]}}, {"type": "Feature", "id": "15189", "properties": {"daneCode": "15189", "name": "Í", "dptoCode": "15", "dptoName": "Í"}, "geometry": {"type": "Polygon", "coordinates": [[[-73.2216, 5.4074], [-73.2853, 5.3491], [-73.3147, 5.4433], [-73.3147, 5.4495], [-73.2216, 5.4074]]]}}, {"type": "Feature", "id": "15204", "properties": {"daneCode": "15204", "name": "Í", "dptoCode": "15", "dptoName": "Í"}, "geometry": {"type": "Polygon", "coordinates": [[[-73.2645, 5.7036], [-73.2669, 5.6639], [-73.3269, 5.5796], [-73.3416, 5.5846], [-73.3636, 5.6639], [-73.382, 5.7606], [-73.3575, 5.8065], [-73.3012, 5.7098], [-73.2645, 5.7036]]]}}, {"type": "Feature", "id": "15212", "properties": {"daneCode": "15212", "name": "Í", "dptoCode": "15", "dptoName": "Í"}, "geometry": {"type": "Polygon", "coordinates": [[[-73.9904, 5.5251], [-74.0149, 5.478], [-73.9476, 5.4235], [-73.999, 5.3677], [-74.0945, 5.4359], [-74.0969, 5.4706], [-74.0467, 5.5003], [-73.9904, 5.5251]]]}}, {"type": "Feature", "id": "15215", "properties": {"daneCode": "15215", "name": "Í", "dptoCode": "15", "dptoName": "Í"}, "geometry": {"type": "Polygon", "coordinates": [[[-72.7981, 5.8536], [-72.8324, 5.7978], [-72.8752, 5.7705], [-72.896, 5.7953], [-72.896, 5.8127], [-72.8581, 5.866], [-72.8262, 5.8784], [-72.7981, 5.8536]]]}}, {"type": "Feature", "id": "15377", "properties": {"daneCode": "15377", "name": "Í", "dptoCode": "15", "dptoName": "Í"}, "geometry": {"type": "Polygon", "coordinates": [[[-72.5141, 5.6081], [-72.4443, 5.5201], [-72.5018, 5.4445], [-72.5839, 5.3826], [-72.6671, 5.4359], [-72.7136, 5.6255], [-72.661, 5.6664], [-72.6243, 5.6292], [-72.5704, 5.7098], [-72.5141, 5.6081]]]}}, {"type": "Feature", "id": "15380", "properties": {"daneCode": "15380", "name": "Í", "dptoCode": "15", "dptoName": "Í"}, "geometry": {"type": "Polygon", "coordinates": [[[-73.42, 5.1223], [-73.4799, 5.0615], [-73.4799, 5.0628], [-73.4922, 5.1285], [-73.4775, 5.1483], [-73.4371, 5.1595], [-73.42, 5.1223]]]}}, {"type": "Feature", "id": "15401", "properties": {"daneCode": "15401", "name": "Í", "dptoCode": "15", "dptoName": "Í"}, "geometry": {"type": "Polygon", "coordinates": [[[-74.2157, 5.4978], [-74.2548, 5.4978], [-74.2401, 5.5387], [-74.2157, 5.4978]]]}}, {"type": "Feature", "id": "15403", "properties": {"daneCode": "15403", "name": "Í", "dptoCode": "15", "dptoName": "Í"}, "geometry": {"type": "Polygon", "coordinates": [[[-72.5178, 6.3494], [-72.4957, 6.2874], [-72.552, 6.1771], [-72.6328, 6.2043], [-72.6353, 6.2204], [-72.5753, 6.3506], [-72.5178, 6.3494]]]}}, {"type": "Feature", "id": "15542", "properties": {"daneCode": "15542", "name": "Í", "dptoCode": "15", "dptoName": "Í"}, "geometry": {"type": "Polygon", "coordinates": [[[-72.9989, 5.6292], [-73.0037, 5.5933], [-73.0674, 5.4445], [-73.0503, 5.3739], [-73.1262, 5.3578], [-73.147, 5.4817], [-73.1347, 5.5053], [-73.0796, 5.6181], [-73.076, 5.628], [-72.9989, 5.6292]]]}}, {"type": "Feature", "id": "15550", "properties": {"daneCode": "15550", "name": "Í", "dptoCode": "15", "dptoName": "Í"}, "geometry": {"type": "Polygon", "coordinates": [[[-72.2974, 5.7544], [-72.3292, 5.6887], [-72.4443, 5.6862], [-72.5141, 5.6081], [-72.5704, 5.7098], [-72.5839, 5.7705], [-72.5263, 5.7891], [-72.4614, 5.8474], [-72.3097, 5.7941], [-72.2974, 5.7544]]]}}, {"type": "Feature", "id": "15572", "properties": {"daneCode": "15572", "name": "Í", "dptoCode": "15", "dptoName": "Í"}, "geometry": {"type": "Polygon", "coordinates": [[[-74.2658, 5.835], [-74.2965, 5.7643], [-74.3344, 5.8275], [-74.4323, 5.7581], [-74.4862, 5.7705], [-74.5303, 5.7904], [-74.5927, 5.747], [-74.6612, 5.7519], [-74.6649, 5.768], [-74.6404, 5.8598], [-74.5854, 5.9255], [-74.567, 6.0581], [-74.6123, 6.1262], [-74.5339, 6.2688], [-74.5266, 6.2737], [-74.4519, 6.099], [-74.3785, 6.0395], [-74.2867, 6.0829], [-74.2218, 5.9676], [-74.2658, 5.835]]]}}, {"type": "Feature", "id": "15580", "properties": {"daneCode": "15580", "name": "Í", "dptoCode": "15", "dptoName": "Í"}, "geometry": {"type": "Polygon", "coordinates": [[[-74.1618, 5.5982], [-74.1336, 5.5078], [-74.1753, 5.4619], [-74.1777, 5.4594], [-74.2157, 5.4978], [-74.2401, 5.5387], [-74.2916, 5.5697], [-74.3062, 5.6379], [-74.1618, 5.5982]]]}}, {"type": "Feature", "id": "15755", "properties": {"daneCode": "15755", "name": "Í", "dptoCode": "15", "dptoName": "Í"}, "geometry": {"type": "Polygon", "coordinates": [[[-72.5422, 6.0692], [-72.5276, 6.0097], [-72.4504, 5.9577], [-72.4162, 5.9044], [-72.4614, 5.8474], [-72.5263, 5.7891], [-72.5839, 5.7705], [-72.6255, 5.7767], [-72.6316, 5.8288], [-72.6512, 5.9069], [-72.6328, 5.9812], [-72.6573, 6.063], [-72.6549, 6.0829], [-72.6561, 6.1163], [-72.5655, 6.1188], [-72.5422, 6.0692]]]}}, {"type": "Feature", "id": "15757", "properties": {"daneCode": "15757", "name": "Í", "dptoCode": "15", "dptoName": "Í"}, "geometry": {"type": "Polygon", "coordinates": [[[-72.6512, 5.9069], [-72.6953, 5.8709], [-72.743, 5.9874], [-72.7014, 6.0184], [-72.6573, 6.063], [-72.6328, 5.9812], [-72.6512, 5.9069]]]}}, {"type": "Feature", "id": "15759", "properties": {"daneCode": "15759", "name": "Í", "dptoCode": "15", "dptoName": "Í"}, "geometry": {"type": "Polygon", "coordinates": [[[-72.8715, 5.742], [-72.8703, 5.6887], [-72.7907, 5.659], [-72.7712, 5.6441], [-72.8116, 5.5846], [-72.896, 5.6131], [-72.923, 5.6205], [-72.9634, 5.6491], [-72.9474, 5.7147], [-72.945, 5.7457], [-72.8826, 5.768], [-72.8715, 5.742]]]}}, {"type": "Feature", "id": "15761", "properties": {"daneCode": "15761", "name": "Í", "dptoCode": "15", "dptoName": "Í"}, "geometry": {"type": "Polygon", "coordinates": [[[-73.3771, 5.0157], [-73.4395, 4.9078], [-73.4665, 4.9835], [-73.4469, 4.9946], [-73.3881, 5.0157], [-73.3771, 5.0157]]]}}, {"type": "Feature", "id": "15842", "properties": {"daneCode": "15842", "name": "Í", "dptoCode": "15", "dptoName": "Í"}, "geometry": {"type": "Polygon", "coordinates": [[[-73.4016, 5.2425], [-73.3918, 5.2165], [-73.4371, 5.1595], [-73.4775, 5.1483], [-73.5142, 5.2326], [-73.4775, 5.2896], [-73.4518, 5.3032], [-73.4016, 5.2425]]]}}, {"type": "Feature", "id": "15861", "properties": {"daneCode": "15861", "name": "Í", "dptoCode": "15", "dptoName": "Í"}, "geometry": {"type": "Polygon", "coordinates": [[[-73.4163, 5.4483], [-73.4408, 5.4148], [-73.4775, 5.3702], [-73.5485, 5.2995], [-73.5962, 5.3652], [-73.5987, 5.3788], [-73.5926, 5.3987], [-73.4469, 5.4693], [-73.4163, 5.4483]]]}}, {"type": "Feature", "id": "15879", "properties": {"daneCode": "15879", "name": "Í", "dptoCode": "15", "dptoName": "Í"}, "geometry": {"type": "Polygon", "coordinates": [[[-73.2155, 5.4408], [-73.2216, 5.4074], [-73.3147, 5.4495], [-73.2865, 5.4854], [-73.2155, 5.4408]]]}}, {"type": "Feature", "id": "15897", "properties": {"daneCode": "15897", "name": "Í", "dptoCode": "15", "dptoName": "Í"}, "geometry": {"type": "Polygon", "coordinates": [[[-73.0503, 5.3739], [-73.0429, 5.3603], [-73.0417, 5.3119], [-73.0637, 5.3008], [-73.1482, 5.2289], [-73.191, 5.24], [-73.2584, 5.1855], [-73.2951, 5.1979], [-73.2829, 5.2066], [-73.2731, 5.2995], [-73.2339, 5.2846], [-73.1262, 5.3578], [-73.0503, 5.3739]]]}}, {"type": "Feature", "id": "15218", "properties": {"daneCode": "15218", "name": "Í", "dptoCode": "15", "dptoName": "Í"}, "geometry": {"type": "Polygon", "coordinates": [[[-72.743, 6.5663], [-72.6793, 6.4832], [-72.7381, 6.4398], [-72.7357, 6.4907], [-72.8116, 6.5427], [-72.7699, 6.5799], [-72.743, 6.5663]]]}}, {"type": "Feature", "id": "15224", "properties": {"daneCode": "15224", "name": "Í", "dptoCode": "15", "dptoName": "Í"}, "geometry": {"type": "Polygon", "coordinates": [[[-73.4224, 5.561], [-73.4322, 5.4854], [-73.491, 5.5487], [-73.4224, 5.561]]]}}, {"type": "Feature", "id": "15226", "properties": {"daneCode": "15226", "name": "Í", "dptoCode": "15", "dptoName": "Í"}, "geometry": {"type": "Polygon", "coordinates": [[[-72.896, 5.6131], [-72.9254, 5.5672], [-73.0037, 5.5933], [-72.923, 5.6205], [-72.896, 5.6131]]]}}, {"type": "Feature", "id": "15232", "properties": {"daneCode": "15232", "name": "Í", "dptoCode": "15", "dptoName": "Í"}, "geometry": {"type": "Polygon", "coordinates": [[[-73.382, 5.6726], [-73.4114, 5.6168], [-73.4983, 5.5598], [-73.5167, 5.6007], [-73.4787, 5.6776], [-73.4236, 5.7073], [-73.382, 5.6726]]]}}, {"type": "Feature", "id": "15236", "properties": {"daneCode": "15236", "name": "Í", "dptoCode": "15", "dptoName": "Í"}, "geometry": {"type": "Polygon", "coordinates": [[[-73.2988, 4.9029], [-73.3404, 4.7913], [-73.3722, 4.8013], [-73.4016, 4.8793], [-73.4469, 4.8893], [-73.4371, 4.9066], [-73.3759, 4.9289], [-73.2988, 4.9029]]]}}, {"type": "Feature", "id": "15238", "properties": {"daneCode": "15238", "name": "Í", "dptoCode": "15", "dptoName": "Í"}, "geometry": {"type": "Polygon", "coordinates": [[[-73.0307, 6.0209], [-73.049, 5.9775], [-72.9927, 5.8052], [-73.0503, 5.7742], [-73.1286, 5.9329], [-73.1751, 5.9949], [-73.0821, 5.9775], [-73.0307, 6.0209]]]}}, {"type": "Feature", "id": "15244", "properties": {"daneCode": "15244", "name": "Í", "dptoCode": "15", "dptoName": "Í"}, "geometry": {"type": "Polygon", "coordinates": [[[-72.3146, 6.358], [-72.339, 6.3456], [-72.3966, 6.2725], [-72.4957, 6.2874], [-72.5178, 6.3494], [-72.4859, 6.3903], [-72.4308, 6.4398], [-72.3146, 6.358]]]}}, {"type": "Feature", "id": "15248", "properties": {"daneCode": "15248", "name": "Í", "dptoCode": "15", "dptoName": "Í"}, "geometry": {"type": "Polygon", "coordinates": [[[-72.4211, 6.5192], [-72.437, 6.4944], [-72.4859, 6.4646], [-72.5398, 6.4882], [-72.5349, 6.4956], [-72.5018, 6.539], [-72.4211, 6.5192]]]}}, {"type": "Feature", "id": "15272", "properties": {"daneCode": "15272", "name": "Í", "dptoCode": "15", "dptoName": "Í"}, "geometry": {"type": "Polygon", "coordinates": [[[-72.9474, 5.7147], [-72.9634, 5.6491], [-72.9989, 5.6292], [-73.076, 5.628], [-73.1029, 5.659], [-73.0601, 5.6875], [-73.0246, 5.7247], [-72.9474, 5.7147]]]}}, {"type": "Feature", "id": "15276", "properties": {"daneCode": "15276", "name": "Í", "dptoCode": "15", "dptoName": "Í"}, "geometry": {"type": "Polygon", "coordinates": [[[-72.8728, 5.8746], [-72.896, 5.8127], [-72.896, 5.7953], [-72.9438, 5.8065], [-72.9756, 5.8585], [-72.9279, 5.9242], [-72.9254, 5.9292], [-72.8728, 5.8746]]]}}, {"type": "Feature", "id": "15293", "properties": {"daneCode": "15293", "name": "Í", "dptoCode": "15", "dptoName": "Í"}, "geometry": {"type": "Polygon", "coordinates": [[[-73.5008, 5.7792], [-73.5069, 5.7247], [-73.5742, 5.6924], [-73.5828, 5.7904], [-73.5008, 5.7792]]]}}, {"type": "Feature", "id": "15296", "properties": {"daneCode": "15296", "name": "Í", "dptoCode": "15", "dptoName": "Í"}, "geometry": {"type": "Polygon", "coordinates": [[[-72.6316, 5.8288], [-72.6255, 5.7767], [-72.7969, 5.7718], [-72.8324, 5.7978], [-72.7981, 5.8536], [-72.7491, 5.8176], [-72.6316, 5.8288]]]}}, {"type": "Feature", "id": "15299", "properties": {"daneCode": "15299", "name": "Í", "dptoCode": "15", "dptoName": "Í"}, "geometry": {"type": "Polygon", "coordinates": [[[-73.2486, 5.069], [-73.3649, 5.0144], [-73.3771, 5.0157], [-73.3881, 5.0157], [-73.3943, 5.0479], [-73.3845, 5.0851], [-73.3636, 5.1372], [-73.2682, 5.1557], [-73.2486, 5.069]]]}}, {"type": "Feature", "id": "15317", "properties": {"daneCode": "15317", "name": "Í", "dptoCode": "15", "dptoName": "Í"}, "geometry": {"type": "Polygon", "coordinates": [[[-72.4859, 6.4646], [-72.497, 6.4014], [-72.5484, 6.4262], [-72.5484, 6.4869], [-72.5398, 6.4882], [-72.4859, 6.4646]]]}}, {"type": "Feature", "id": "15322", "properties": {"daneCode": "15322", "name": "Í", "dptoCode": "15", "dptoName": "Í"}, "geometry": {"type": "Polygon", "coordinates": [[[-73.4738, 5.0516], [-73.4469, 4.9946], [-73.4665, 4.9835], [-73.5069, 4.9959], [-73.5228, 5.0293], [-73.4799, 5.0628], [-73.4799, 5.0615], [-73.4738, 5.0516]]]}}, {"type": "Feature", "id": "15325", "properties": {"daneCode": "15325", "name": "Í", "dptoCode": "15", "dptoName": "Í"}, "geometry": {"type": "Polygon", "coordinates": [[[-73.4665, 4.9835], [-73.4395, 4.9078], [-73.4371, 4.9066], [-73.4469, 4.8893], [-73.5203, 4.8793], [-73.5424, 4.914], [-73.5069, 4.9959], [-73.4665, 4.9835]]]}}, {"type": "Feature", "id": "15362", "properties": {"daneCode": "15362", "name": "Í", "dptoCode": "15", "dptoName": "Í"}, "geometry": {"type": "Polygon", "coordinates": [[[-72.923, 5.6205], [-73.0037, 5.5933], [-72.9989, 5.6292], [-72.9634, 5.6491], [-72.923, 5.6205]]]}}, {"type": "Feature", "id": "15367", "properties": {"daneCode": "15367", "name": "Í", "dptoCode": "15", "dptoName": "Í"}, "geometry": {"type": "Polygon", "coordinates": [[[-73.3367, 5.3144], [-73.4187, 5.3714], [-73.4261, 5.4086], [-73.3526, 5.4321], [-73.3661, 5.3652], [-73.3367, 5.3144]]]}}, {"type": "Feature", "id": "15368", "properties": {"daneCode": "15368", "name": "Í", "dptoCode": "15", "dptoName": "Í"}, "geometry": {"type": "Polygon", "coordinates": [[[-72.552, 6.1771], [-72.5165, 6.1486], [-72.5422, 6.0692], [-72.5655, 6.1188], [-72.6561, 6.1163], [-72.6353, 6.1808], [-72.6328, 6.2043], [-72.552, 6.1771]]]}}, {"type": "Feature", "id": "15407", "properties": {"daneCode": "15407", "name": "Í", "dptoCode": "15", "dptoName": "Í"}, "geometry": {"type": "Polygon", "coordinates": [[[-73.4236, 5.7073], [-73.4787, 5.6776], [-73.5167, 5.6007], [-73.5815, 5.628], [-73.5779, 5.6751], [-73.5742, 5.6924], [-73.5069, 5.7247], [-73.4236, 5.7073]]]}}, {"type": "Feature", "id": "15425", "properties": {"daneCode": "15425", "name": "Í", "dptoCode": "15", "dptoName": "Í"}, "geometry": {"type": "Polygon", "coordinates": [[[-73.2229, 4.9735], [-73.2988, 4.9029], [-73.3759, 4.9289], [-73.3649, 5.0144], [-73.2486, 5.069], [-73.2229, 4.9735]]]}}, {"type": "Feature", "id": "15442", "properties": {"daneCode": "15442", "name": "Í", "dptoCode": "15", "dptoName": "Í"}, "geometry": {"type": "Polygon", "coordinates": [[[-73.9255, 5.5734], [-73.9108, 5.5499], [-73.9904, 5.5251], [-74.0467, 5.5003], [-74.0883, 5.6032], [-74.0602, 5.6491], [-73.9255, 5.5734]]]}}, {"type": "Feature", "id": "15455", "properties": {"daneCode": "15455", "name": "Í", "dptoCode": "15", "dptoName": "Í"}, "geometry": {"type": "Polygon", "coordinates": [[[-73.1482, 5.2289], [-73.0894, 5.1607], [-73.1127, 5.1124], [-73.1531, 5.0752], [-73.2486, 5.069], [-73.2682, 5.1557], [-73.2951, 5.1979], [-73.2584, 5.1855], [-73.191, 5.24], [-73.1482, 5.2289]]]}}, {"type": "Feature", "id": "15464", "properties": {"daneCode": "15464", "name": "Í", "dptoCode": "15", "dptoName": "Í"}, "geometry": {"type": "Polygon", "coordinates": [[[-72.6255, 5.7767], [-72.5839, 5.7705], [-72.5704, 5.7098], [-72.6243, 5.6292], [-72.661, 5.6664], [-72.7136, 5.6255], [-72.7712, 5.6441], [-72.7907, 5.659], [-72.825, 5.7371], [-72.7969, 5.7718], [-72.6255, 5.7767]]]}}, {"type": "Feature", "id": "15466", "properties": {"daneCode": "15466", "name": "Í", "dptoCode": "15", "dptoName": "Í"}, "geometry": {"type": "Polygon", "coordinates": [[[-72.825, 5.7371], [-72.7907, 5.659], [-72.8703, 5.6887], [-72.8715, 5.742], [-72.825, 5.7371]]]}}, {"type": "Feature", "id": "15469", "properties": {"daneCode": "15469", "name": "Í", "dptoCode": "15", "dptoName": "Í"}, "geometry": {"type": "Polygon", "coordinates": [[[-73.5497, 5.9502], [-73.5375, 5.9106], [-73.464, 5.8486], [-73.4714, 5.8213], [-73.5008, 5.7792], [-73.5828, 5.7904], [-73.6256, 5.778], [-73.5999, 5.8697], [-73.6354, 5.9106], [-73.5938, 5.9589], [-73.5497, 5.9502]]]}}, {"type": "Feature", "id": "15476", "properties": {"daneCode": "15476", "name": "Í", "dptoCode": "15", "dptoName": "Í"}, "geometry": {"type": "Polygon", "coordinates": [[[-73.3416, 5.5846], [-73.4114, 5.5672], [-73.4114, 5.6168], [-73.382, 5.6726], [-73.3636, 5.6639], [-73.3416, 5.5846]]]}}, {"type": "Feature", "id": "15480", "properties": {"daneCode": "15480", "name": "Í", "dptoCode": "15", "dptoName": "Í"}, "geometry": {"type": "Polygon", "coordinates": [[[-74.0883, 5.6032], [-74.0467, 5.5003], [-74.0969, 5.4706], [-74.1753, 5.4619], [-74.1336, 5.5078], [-74.1618, 5.5982], [-74.1593, 5.5958], [-74.0883, 5.6032]]]}}, {"type": "Feature", "id": "15491", "properties": {"daneCode": "15491", "name": "Í", "dptoCode": "15", "dptoName": "Í"}, "geometry": {"type": "Polygon", "coordinates": [[[-72.9438, 5.8065], [-72.896, 5.7953], [-72.8752, 5.7705], [-72.8826, 5.768], [-72.945, 5.7457], [-72.9866, 5.7866], [-72.9438, 5.8065]]]}}, {"type": "Feature", "id": "15494", "properties": {"daneCode": "15494", "name": "Í", "dptoCode": "15", "dptoName": "Í"}, "geometry": {"type": "Polygon", "coordinates": [[[-73.4261, 5.4086], [-73.4187, 5.3714], [-73.4518, 5.3032], [-73.4775, 5.2896], [-73.4775, 5.3702], [-73.4408, 5.4148], [-73.4261, 5.4086]]]}}, {"type": "Feature", "id": "15500", "properties": {"daneCode": "15500", "name": "Í", "dptoCode": "15", "dptoName": "Í"}, "geometry": {"type": "Polygon", "coordinates": [[[-73.2314, 5.6267], [-73.3073, 5.5697], [-73.3269, 5.5796], [-73.2669, 5.6639], [-73.2314, 5.6267]]]}}, {"type": "Feature", "id": "15507", "properties": {"daneCode": "15507", "name": "Í", "dptoCode": "15", "dptoName": "Í"}, "geometry": {"type": "Polygon", "coordinates": [[[-74.0786, 5.8325], [-74.0798, 5.8189], [-74.0932, 5.7594], [-74.1483, 5.7482], [-74.1753, 5.6639], [-74.1593, 5.5958], [-74.1618, 5.5982], [-74.3062, 5.6379], [-74.2805, 5.6986], [-74.2965, 5.7643], [-74.2658, 5.835], [-74.1948, 5.856], [-74.1802, 5.9106], [-74.1067, 5.8784], [-74.0786, 5.8325]]]}}, {"type": "Feature", "id": "15511", "properties": {"daneCode": "15511", "name": "Í", "dptoCode": "15", "dptoName": "Í"}, "geometry": {"type": "Polygon", "coordinates": [[[-73.3636, 5.1372], [-73.3845, 5.0851], [-73.42, 5.1223], [-73.4371, 5.1595], [-73.3918, 5.2165], [-73.3636, 5.1372]]]}}, {"type": "Feature", "id": "15514", "properties": {"daneCode": "15514", "name": "Í", "dptoCode": "15", "dptoName": "Í"}, "geometry": {"type": "Polygon", "coordinates": [[[-72.9376, 5.2041], [-72.9731, 5.1458], [-72.9095, 5.1037], [-72.9034, 5.0677], [-72.9756, 4.9748], [-73.0307, 4.9822], [-73.0295, 4.9921], [-73.1127, 5.1124], [-73.0894, 5.1607], [-73.0723, 5.1694], [-73.0099, 5.214], [-72.9376, 5.2041]]]}}, {"type": "Feature", "id": "15516", "properties": {"daneCode": "15516", "name": "Í", "dptoCode": "15", "dptoName": "Í"}, "geometry": {"type": "Polygon", "coordinates": [[[-73.0503, 5.7742], [-73.0601, 5.6875], [-73.1029, 5.659], [-73.1555, 5.7271], [-73.1372, 5.8213], [-73.1837, 5.8498], [-73.2192, 5.9131], [-73.1751, 5.9949], [-73.1286, 5.9329], [-73.0503, 5.7742]]]}}, {"type": "Feature", "id": "15518", "properties": {"daneCode": "15518", "name": "Í", "dptoCode": "15", "dptoName": "Í"}, "geometry": {"type": "Polygon", "coordinates": [[[-72.6671, 5.4359], [-72.5839, 5.3826], [-72.5667, 5.3739], [-72.6194, 5.3516], [-72.7002, 5.2735], [-72.8116, 5.3776], [-72.7381, 5.4706], [-72.6671, 5.4359]]]}}, {"type": "Feature", "id": "15522", "properties": {"daneCode": "15522", "name": "Í", "dptoCode": "15", "dptoName": "Í"}, "geometry": {"type": "Polygon", "coordinates": [[[-72.4308, 6.4398], [-72.4859, 6.3903], [-72.497, 6.4014], [-72.4859, 6.4646], [-72.437, 6.4944], [-72.4308, 6.4398]]]}}, {"type": "Feature", "id": "15531", "properties": {"daneCode": "15531", "name": "Í", "dptoCode": "15", "dptoName": "Í"}, "geometry": {"type": "Polygon", "coordinates": [[[-73.9818, 5.7209], [-73.9451, 5.6937], [-73.8974, 5.6193], [-73.9255, 5.5734], [-74.0602, 5.6491], [-74.0418, 5.7147], [-74.0932, 5.7594], [-74.0798, 5.8189], [-74.0259, 5.8065], [-73.9818, 5.7209]]]}}, {"type": "Feature", "id": "15533", "properties": {"daneCode": "15533", "name": "Í", "dptoCode": "15", "dptoName": "Í"}, "geometry": {"type": "Polygon", "coordinates": [[[-72.2484, 5.6962], [-72.2876, 5.6057], [-72.3011, 5.5065], [-72.3966, 5.5697], [-72.4443, 5.5201], [-72.5141, 5.6081], [-72.4443, 5.6862], [-72.3292, 5.6887], [-72.2974, 5.7544], [-72.2484, 5.6962]]]}}, {"type": "Feature", "id": "15537", "properties": {"daneCode": "15537", "name": "Í", "dptoCode": "15", "dptoName": "Í"}, "geometry": {"type": "Polygon", "coordinates": [[[-72.7014, 6.0184], [-72.743, 5.9874], [-72.7797, 5.954], [-72.8177, 5.9775], [-72.8128, 6.0234], [-72.8103, 6.0953], [-72.7944, 6.1002], [-72.7161, 6.0618], [-72.7014, 6.0184]]]}}, {"type": "Feature", "id": "15599", "properties": {"daneCode": "15599", "name": "Í", "dptoCode": "15", "dptoName": "Í"}, "geometry": {"type": "Polygon", "coordinates": [[[-73.3147, 5.4433], [-73.2853, 5.3491], [-73.2731, 5.2995], [-73.2829, 5.2066], [-73.3294, 5.2611], [-73.3367, 5.3144], [-73.3661, 5.3652], [-73.3526, 5.4321], [-73.3343, 5.4408], [-73.3147, 5.4433]]]}}, {"type": "Feature", "id": "15600", "properties": {"daneCode": "15600", "name": "Í", "dptoCode": "15", "dptoName": "Í"}, "geometry": {"type": "Polygon", "coordinates": [[[-73.5803, 5.5896], [-73.5497, 5.5214], [-73.6183, 5.4049], [-73.7199, 5.4594], [-73.7431, 5.4706], [-73.6929, 5.5251], [-73.6244, 5.5697], [-73.5803, 5.5896]]]}}, {"type": "Feature", "id": "15621", "properties": {"daneCode": "15621", "name": "Í", "dptoCode": "15", "dptoName": "Í"}, "geometry": {"type": "Polygon", "coordinates": [[[-73.1262, 5.3578], [-73.2339, 5.2846], [-73.2731, 5.2995], [-73.2853, 5.3491], [-73.2216, 5.4074], [-73.2155, 5.4408], [-73.147, 5.4817], [-73.1262, 5.3578]]]}}, {"type": "Feature", "id": "15632", "properties": {"daneCode": "15632", "name": "Í", "dptoCode": "15", "dptoName": "Í"}, "geometry": {"type": "Polygon", "coordinates": [[[-73.6513, 5.7123], [-73.6538, 5.7023], [-73.6807, 5.6367], [-73.6856, 5.6292], [-73.7799, 5.6342], [-73.8864, 5.69], [-73.8802, 5.7073], [-73.7946, 5.7296], [-73.7627, 5.773], [-73.7113, 5.7767], [-73.6513, 5.7123]]]}}, {"type": "Feature", "id": "15638", "properties": {"daneCode": "15638", "name": "Í", "dptoCode": "15", "dptoName": "Í"}, "geometry": {"type": "Polygon", "coordinates": [[[-73.5167, 5.6007], [-73.4983, 5.5598], [-73.5497, 5.5214], [-73.5803, 5.5896], [-73.5815, 5.628], [-73.5167, 5.6007]]]}}, {"type": "Feature", "id": "15646", "properties": {"daneCode": "15646", "name": "Í", "dptoCode": "15", "dptoName": "Í"}, "geometry": {"type": "Polygon", "coordinates": [[[-73.491, 5.5487], [-73.4322, 5.4854], [-73.4469, 5.4693], [-73.5926, 5.3987], [-73.6183, 5.4049], [-73.5497, 5.5214], [-73.4983, 5.5598], [-73.491, 5.5487]]]}}, {"type": "Feature", "id": "15660", "properties": {"daneCode": "15660", "name": "Í", "dptoCode": "15", "dptoName": "Í"}, "geometry": {"type": "Polygon", "coordinates": [[[-73.0099, 5.214], [-73.0723, 5.1694], [-73.1017, 5.2103], [-73.0637, 5.3008], [-73.0417, 5.3119], [-73.0099, 5.214]]]}}, {"type": "Feature", "id": "15664", "properties": {"daneCode": "15664", "name": "Í", "dptoCode": "15", "dptoName": "Í"}, "geometry": {"type": "Polygon", "coordinates": [[[-73.5314, 6.0494], [-73.4861, 6.0011], [-73.4959, 5.9874], [-73.5497, 5.9502], [-73.5938, 5.9589], [-73.5877, 5.9973], [-73.5375, 6.042], [-73.5314, 6.0494]]]}}, {"type": "Feature", "id": "15667", "properties": {"daneCode": "15667", "name": "Í", "dptoCode": "15", "dptoName": "Í"}, "geometry": {"type": "Polygon", "coordinates": [[[-73.0295, 4.9921], [-73.0307, 4.9822], [-73.0417, 4.8793], [-73.0772, 4.8124], [-73.0527, 4.7368], [-73.1029, 4.6612], [-73.2082, 4.681], [-73.1702, 4.7318], [-73.2216, 4.8558], [-73.1751, 4.8967], [-73.0613, 4.9884], [-73.0295, 4.9921]]]}}, {"type": "Feature", "id": "15673", "properties": {"daneCode": "15673", "name": "Í", "dptoCode": "15", "dptoName": "Í"}, "geometry": {"type": "Polygon", "coordinates": [[[-72.497, 6.4014], [-72.4859, 6.3903], [-72.5178, 6.3494], [-72.5753, 6.3506], [-72.623, 6.4411], [-72.5484, 6.4869], [-72.5484, 6.4262], [-72.497, 6.4014]]]}}, {"type": "Feature", "id": "15676", "properties": {"daneCode": "15676", "name": "Í", "dptoCode": "15", "dptoName": "Í"}, "geometry": {"type": "Polygon", "coordinates": [[[-73.7162, 5.5908], [-73.6929, 5.5251], [-73.7431, 5.4706], [-73.7872, 5.5102], [-73.7897, 5.5524], [-73.7162, 5.5908]]]}}, {"type": "Feature", "id": "15681", "properties": {"daneCode": "15681", "name": "Í", "dptoCode": "15", "dptoName": "Í"}, "geometry": {"type": "Polygon", "coordinates": [[[-74.0602, 5.6491], [-74.0883, 5.6032], [-74.1593, 5.5958], [-74.1753, 5.6639], [-74.1483, 5.7482], [-74.0932, 5.7594], [-74.0418, 5.7147], [-74.0602, 5.6491]]]}}, {"type": "Feature", "id": "15686", "properties": {"daneCode": "15686", "name": "Í", "dptoCode": "15", "dptoName": "Í"}, "geometry": {"type": "Polygon", "coordinates": [[[-73.4542, 6.0791], [-73.4861, 6.0011], [-73.5314, 6.0494], [-73.4971, 6.1077], [-73.4542, 6.0791]]]}}, {"type": "Feature", "id": "15690", "properties": {"daneCode": "15690", "name": "Í", "dptoCode": "15", "dptoName": "Í"}, "geometry": {"type": "Polygon", "coordinates": [[[-73.1751, 4.8967], [-73.2216, 4.8558], [-73.1702, 4.7318], [-73.2082, 4.681], [-73.2204, 4.6761], [-73.2229, 4.7331], [-73.3061, 4.7318], [-73.3245, 4.7802], [-73.3404, 4.7913], [-73.2988, 4.9029], [-73.2229, 4.9735], [-73.1751, 4.8967]]]}}, {"type": "Feature", "id": "15693", "properties": {"daneCode": "15693", "name": "Í", "dptoCode": "15", "dptoName": "Í"}, "geometry": {"type": "Polygon", "coordinates": [[[-73.0111, 5.9626], [-72.9279, 5.9242], [-72.9756, 5.8585], [-72.9438, 5.8065], [-72.9866, 5.7866], [-72.9927, 5.8052], [-73.049, 5.9775], [-73.0307, 6.0209], [-73.0111, 5.9626]]]}}, {"type": "Feature", "id": "15696", "properties": {"daneCode": "15696", "name": "Í", "dptoCode": "15", "dptoName": "Í"}, "geometry": {"type": "Polygon", "coordinates": [[[-73.5828, 5.7904], [-73.5742, 5.6924], [-73.5779, 5.6751], [-73.6538, 5.7023], [-73.6513, 5.7123], [-73.6256, 5.778], [-73.5828, 5.7904]]]}}, {"type": "Feature", "id": "15720", "properties": {"daneCode": "15720", "name": "Í", "dptoCode": "15", "dptoName": "Í"}, "geometry": {"type": "Polygon", "coordinates": [[[-72.6353, 6.1808], [-72.6561, 6.1163], [-72.6549, 6.0829], [-72.7944, 6.1002], [-72.8103, 6.0953], [-72.8287, 6.1523], [-72.825, 6.1585], [-72.7124, 6.1585], [-72.6353, 6.1808]]]}}, {"type": "Feature", "id": "15723", "properties": {"daneCode": "15723", "name": "Í", "dptoCode": "15", "dptoName": "Í"}, "geometry": {"type": "Polygon", "coordinates": [[[-72.6549, 6.0829], [-72.6573, 6.063], [-72.7014, 6.0184], [-72.7161, 6.0618], [-72.7944, 6.1002], [-72.6549, 6.0829]]]}}, {"type": "Feature", "id": "15740", "properties": {"daneCode": "15740", "name": "Í", "dptoCode": "15", "dptoName": "Í"}, "geometry": {"type": "Polygon", "coordinates": [[[-73.1347, 5.5053], [-73.147, 5.4817], [-73.2155, 5.4408], [-73.2865, 5.4854], [-73.2853, 5.5239], [-73.2278, 5.5536], [-73.1347, 5.5053]]]}}, {"type": "Feature", "id": "15753", "properties": {"daneCode": "15753", "name": "Í", "dptoCode": "15", "dptoName": "Í"}, "geometry": {"type": "Polygon", "coordinates": [[[-72.6549, 6.3779], [-72.6414, 6.2787], [-72.7455, 6.275], [-72.7259, 6.3717], [-72.6549, 6.3779]]]}}, {"type": "Feature", "id": "15762", "properties": {"daneCode": "15762", "name": "Í", "dptoCode": "15", "dptoName": "Í"}, "geometry": {"type": "Polygon", "coordinates": [[[-73.4114, 5.5672], [-73.4224, 5.561], [-73.491, 5.5487], [-73.4983, 5.5598], [-73.4114, 5.6168], [-73.4114, 5.5672]]]}}, {"type": "Feature", "id": "15763", "properties": {"daneCode": "15763", "name": "Í", "dptoCode": "15", "dptoName": "Í"}, "geometry": {"type": "Polygon", "coordinates": [[[-73.1837, 5.8498], [-73.1372, 5.8213], [-73.1555, 5.7271], [-73.2645, 5.7036], [-73.3012, 5.7098], [-73.3575, 5.8065], [-73.3453, 5.8424], [-73.1837, 5.8498]]]}}, {"type": "Feature", "id": "15764", "properties": {"daneCode": "15764", "name": "Í", "dptoCode": "15", "dptoName": "Í"}, "geometry": {"type": "Polygon", "coordinates": [[[-73.3086, 5.5437], [-73.2853, 5.5239], [-73.2865, 5.4854], [-73.3147, 5.4495], [-73.3147, 5.4433], [-73.3343, 5.4408], [-73.3612, 5.4743], [-73.3086, 5.5437]]]}}, {"type": "Feature", "id": "15774", "properties": {"daneCode": "15774", "name": "Í", "dptoCode": "15", "dptoName": "Í"}, "geometry": {"type": "Polygon", "coordinates": [[[-72.6414, 6.2787], [-72.6353, 6.2204], [-72.6328, 6.2043], [-72.6353, 6.1808], [-72.7124, 6.1585], [-72.825, 6.1585], [-72.7455, 6.275], [-72.6414, 6.2787]]]}}, {"type": "Feature", "id": "15776", "properties": {"daneCode": "15776", "name": "Í", "dptoCode": "15", "dptoName": "Í"}, "geometry": {"type": "Polygon", "coordinates": [[[-73.5779, 5.6751], [-73.5815, 5.628], [-73.5803, 5.5896], [-73.6244, 5.5697], [-73.6807, 5.6367], [-73.6538, 5.7023], [-73.5779, 5.6751]]]}}, {"type": "Feature", "id": "15778", "properties": {"daneCode": "15778", "name": "Í", "dptoCode": "15", "dptoName": "Í"}, "geometry": {"type": "Polygon", "coordinates": [[[-73.3943, 5.0479], [-73.3881, 5.0157], [-73.4469, 4.9946], [-73.4738, 5.0516], [-73.3943, 5.0479]]]}}, {"type": "Feature", "id": "15790", "properties": {"daneCode": "15790", "name": "Í", "dptoCode": "15", "dptoName": "Í"}, "geometry": {"type": "Polygon", "coordinates": [[[-72.6512, 5.9069], [-72.6316, 5.8288], [-72.7491, 5.8176], [-72.7981, 5.8536], [-72.8262, 5.8784], [-72.7797, 5.954], [-72.743, 5.9874], [-72.6953, 5.8709], [-72.6512, 5.9069]]]}}, {"type": "Feature", "id": "15798", "properties": {"daneCode": "15798", "name": "Í", "dptoCode": "15", "dptoName": "Í"}, "geometry": {"type": "Polygon", "coordinates": [[[-73.3845, 5.0851], [-73.3943, 5.0479], [-73.4738, 5.0516], [-73.4799, 5.0615], [-73.42, 5.1223], [-73.3845, 5.0851]]]}}, {"type": "Feature", "id": "15804", "properties": {"daneCode": "15804", "name": "Í", "dptoCode": "15", "dptoName": "Í"}, "geometry": {"type": "Polygon", "coordinates": [[[-73.3367, 5.3144], [-73.3294, 5.2611], [-73.4016, 5.2425], [-73.4518, 5.3032], [-73.4187, 5.3714], [-73.3367, 5.3144]]]}}, {"type": "Feature", "id": "15806", "properties": {"daneCode": "15806", "name": "Í", "dptoCode": "15", "dptoName": "Í"}, "geometry": {"type": "Polygon", "coordinates": [[[-72.9927, 5.8052], [-72.9866, 5.7866], [-72.945, 5.7457], [-72.9474, 5.7147], [-73.0246, 5.7247], [-73.0601, 5.6875], [-73.0503, 5.7742], [-72.9927, 5.8052]]]}}, {"type": "Feature", "id": "15808", "properties": {"daneCode": "15808", "name": "Í", "dptoCode": "15", "dptoName": "Í"}, "geometry": {"type": "Polygon", "coordinates": [[[-73.6244, 5.5697], [-73.6929, 5.5251], [-73.7162, 5.5908], [-73.6856, 5.6292], [-73.6807, 5.6367], [-73.6244, 5.5697]]]}}, {"type": "Feature", "id": "15810", "properties": {"daneCode": "15810", "name": "Í", "dptoCode": "15", "dptoName": "Í"}, "geometry": {"type": "Polygon", "coordinates": [[[-72.6549, 6.3779], [-72.7259, 6.3717], [-72.7381, 6.4398], [-72.6793, 6.4832], [-72.661, 6.4436], [-72.6549, 6.3779]]]}}, {"type": "Feature", "id": "15814", "properties": {"daneCode": "15814", "name": "Í", "dptoCode": "15", "dptoName": "Í"}, "geometry": {"type": "Polygon", "coordinates": [[[-73.0796, 5.6181], [-73.1347, 5.5053], [-73.2278, 5.5536], [-73.2131, 5.6267], [-73.0796, 5.6181]]]}}, {"type": "Feature", "id": "15816", "properties": {"daneCode": "15816", "name": "Í", "dptoCode": "15", "dptoName": "Í"}, "geometry": {"type": "Polygon", "coordinates": [[[-73.4334, 5.8982], [-73.464, 5.8486], [-73.5375, 5.9106], [-73.5497, 5.9502], [-73.4959, 5.9874], [-73.4334, 5.8982]]]}}, {"type": "Feature", "id": "15820", "properties": {"daneCode": "15820", "name": "Í", "dptoCode": "15", "dptoName": "Í"}, "geometry": {"type": "Polygon", "coordinates": [[[-72.7969, 5.7718], [-72.825, 5.7371], [-72.8715, 5.742], [-72.8826, 5.768], [-72.8752, 5.7705], [-72.8324, 5.7978], [-72.7969, 5.7718]]]}}, {"type": "Feature", "id": "15822", "properties": {"daneCode": "15822", "name": "Í", "dptoCode": "15", "dptoName": "Í"}, "geometry": {"type": "Polygon", "coordinates": [[[-73.0037, 5.5933], [-72.9254, 5.5672], [-73.016, 5.385], [-73.0429, 5.3603], [-73.0503, 5.3739], [-73.0674, 5.4445], [-73.0037, 5.5933]]]}}, {"type": "Feature", "id": "15832", "properties": {"daneCode": "15832", "name": "Í", "dptoCode": "15", "dptoName": "Í"}, "geometry": {"type": "Polygon", "coordinates": [[[-73.8998, 5.7371], [-73.9451, 5.6937], [-73.9818, 5.7209], [-73.9623, 5.7395], [-73.8998, 5.7371]]]}}, {"type": "Feature", "id": "15835", "properties": {"daneCode": "15835", "name": "Í", "dptoCode": "15", "dptoName": "Í"}, "geometry": {"type": "Polygon", "coordinates": [[[-73.4775, 5.2896], [-73.5142, 5.2326], [-73.5485, 5.2995], [-73.4775, 5.3702], [-73.4775, 5.2896]]]}}, {"type": "Feature", "id": "15837", "properties": {"daneCode": "15837", "name": "Í", "dptoCode": "15", "dptoName": "Í"}, "geometry": {"type": "Polygon", "coordinates": [[[-73.1555, 5.7271], [-73.1029, 5.659], [-73.076, 5.628], [-73.0796, 5.6181], [-73.2131, 5.6267], [-73.2314, 5.6267], [-73.2669, 5.6639], [-73.2645, 5.7036], [-73.1555, 5.7271]]]}}, {"type": "Feature", "id": "15839", "properties": {"daneCode": "15839", "name": "Í", "dptoCode": "15", "dptoName": "Í"}, "geometry": {"type": "Polygon", "coordinates": [[[-72.8103, 6.0953], [-72.8128, 6.0234], [-72.8617, 6.0135], [-72.923, 6.0977], [-72.8679, 6.1448], [-72.8287, 6.1523], [-72.8103, 6.0953]]]}}, {"type": "Feature", "id": "15180", "properties": {"daneCode": "15180", "name": "Í", "dptoCode": "15", "dptoName": "Í"}, "geometry": {"type": "Polygon", "coordinates": [[[-72.2999, 6.7162], [-72.3598, 6.57], [-72.4211, 6.5192], [-72.5018, 6.539], [-72.5349, 6.4956], [-72.5422, 6.5836], [-72.4859, 6.6567], [-72.4994, 6.7286], [-72.4774, 6.8427], [-72.3403, 6.8464], [-72.2962, 6.7856], [-72.2999, 6.7162]]]}}, {"type": "Feature", "id": "15223", "properties": {"daneCode": "15223", "name": "Í", "dptoCode": "15", "dptoName": "Í"}, "geometry": {"type": "Polygon", "coordinates": [[[-72.0477, 7.0385], [-71.9485, 7.0112], [-71.9779, 6.9654], [-72.0514, 6.7683], [-72.1003, 6.746], [-72.1419, 6.7571], [-72.2999, 6.7162], [-72.2962, 6.7856], [-72.3403, 6.8464], [-72.4774, 6.8427], [-72.5031, 6.9084], [-72.3929, 6.8724], [-72.3133, 6.9319], [-72.2901, 6.9964], [-72.2203, 6.9864], [-72.1995, 7.041], [-72.0477, 7.0385]]]}}, {"type": "Feature", "id": "15332", "properties": {"daneCode": "15332", "name": "Í", "dptoCode": "15", "dptoName": "Í"}, "geometry": {"type": "Polygon", "coordinates": [[[-72.1003, 6.746], [-72.0918, 6.6481], [-72.1285, 6.5241], [-72.2607, 6.4423], [-72.3146, 6.358], [-72.4308, 6.4398], [-72.437, 6.4944], [-72.4211, 6.5192], [-72.3598, 6.57], [-72.2999, 6.7162], [-72.1419, 6.7571], [-72.1003, 6.746]]]}}, {"type": "Feature", "id": "25019", "properties": {"daneCode": "25019", "name": "Í", "dptoCode": "25", "dptoName": "Í"}, "geometry": {"type": "Polygon", "coordinates": [[[-74.403, 4.8806], [-74.4201, 4.8384], [-74.458, 4.8322], [-74.4825, 4.9388], [-74.4801, 4.9525], [-74.403, 4.8806]]]}}, {"type": "Feature", "id": "25035", "properties": {"daneCode": "25035", "name": "Í", "dptoCode": "25", "dptoName": "Í"}, "geometry": {"type": "Polygon", "coordinates": [[[-74.4776, 4.5757], [-74.4691, 4.4963], [-74.5021, 4.484], [-74.5645, 4.5323], [-74.5976, 4.6265], [-74.5902, 4.6339], [-74.5572, 4.6476], [-74.4776, 4.5757]]]}}, {"type": "Feature", "id": "25040", "properties": {"daneCode": "25040", "name": "Í", "dptoCode": "25", "dptoName": "Í"}, "geometry": {"type": "Polygon", "coordinates": [[[-74.4201, 4.8384], [-74.3944, 4.8037], [-74.4066, 4.7827], [-74.5107, 4.7281], [-74.5241, 4.7938], [-74.5058, 4.8322], [-74.458, 4.8322], [-74.4201, 4.8384]]]}}, {"type": "Feature", "id": "25053", "properties": {"daneCode": "25053", "name": "Í", "dptoCode": "25", "dptoName": "Í"}, "geometry": {"type": "Polygon", "coordinates": [[[-74.3356, 4.2274], [-74.2377, 4.1952], [-74.2401, 4.1865], [-74.2977, 4.1766], [-74.4666, 4.2175], [-74.5192, 4.241], [-74.5413, 4.2522], [-74.4299, 4.2931], [-74.3356, 4.2274]]]}}, {"type": "Feature", "id": "25086", "properties": {"daneCode": "25086", "name": "Í", "dptoCode": "25", "dptoName": "Í"}, "geometry": {"type": "Polygon", "coordinates": [[[-74.6845, 4.7579], [-74.7347, 4.7542], [-74.7629, 4.6835], [-74.7335, 4.6215], [-74.7518, 4.5881], [-74.7935, 4.5918], [-74.8167, 4.6116], [-74.7886, 4.6587], [-74.8155, 4.7133], [-74.7433, 4.7901], [-74.769, 4.8422], [-74.7016, 4.836], [-74.6845, 4.7579]]]}}, {"type": "Feature", "id": "25095", "properties": {"daneCode": "25095", "name": "Í", "dptoCode": "25", "dptoName": "Í"}, "geometry": {"type": "Polygon", "coordinates": [[[-74.5046, 4.9438], [-74.5058, 4.8322], [-74.5241, 4.7938], [-74.5596, 4.7963], [-74.5168, 4.9438], [-74.5046, 4.9438]]]}}, {"type": "Feature", "id": "25099", "properties": {"daneCode": "25099", "name": "Í", "dptoCode": "25", "dptoName": "Í"}, "geometry": {"type": "Polygon", "coordinates": [[[-74.2989, 4.717], [-74.272, 4.6191], [-74.3062, 4.6203], [-74.3442, 4.6538], [-74.3932, 4.6996], [-74.3981, 4.717], [-74.3466, 4.7628], [-74.3283, 4.7653], [-74.2989, 4.717]]]}}, {"type": "Feature", "id": "25120", "properties": {"daneCode": "25120", "name": "Í", "dptoCode": "25", "dptoName": "Í"}, "geometry": {"type": "Polygon", "coordinates": [[[-74.3797, 4.0365], [-74.365, 4.0353], [-74.3601, 3.9138], [-74.4397, 3.7304], [-74.4458, 3.801], [-74.5352, 3.8431], [-74.5401, 3.8444], [-74.5131, 3.9535], [-74.5315, 3.9758], [-74.5241, 4.0229], [-74.3797, 4.0365]]]}}, {"type": "Feature", "id": "25123", "properties": {"daneCode": "25123", "name": "Í", "dptoCode": "25", "dptoName": "Í"}, "geometry": {"type": "Polygon", "coordinates": [[[-74.4372, 4.7133], [-74.5095, 4.6798], [-74.5107, 4.7281], [-74.4066, 4.7827], [-74.4372, 4.7133]]]}}, {"type": "Feature", "id": "25126", "properties": {"daneCode": "25126", "name": "Í", "dptoCode": "25", "dptoName": "Í"}, "geometry": {"type": "Polygon", "coordinates": [[[-73.9978, 4.9735], [-74.0063, 4.9178], [-74.0773, 4.9116], [-74.0333, 4.9636], [-73.9978, 4.9735]]]}}, {"type": "Feature", "id": "25148", "properties": {"daneCode": "25148", "name": "Í", "dptoCode": "25", "dptoName": "Í"}, "geometry": {"type": "Polygon", "coordinates": [[[-74.4225, 5.4433], [-74.4385, 5.3603], [-74.4923, 5.2561], [-74.5144, 5.1942], [-74.6147, 5.2152], [-74.589, 5.3541], [-74.6147, 5.3875], [-74.5902, 5.4817], [-74.5401, 5.5549], [-74.4531, 5.5549], [-74.4225, 5.4433]]]}}, {"type": "Feature", "id": "25151", "properties": {"daneCode": "25151", "name": "Í", "dptoCode": "25", "dptoName": "Í"}, "geometry": {"type": "Polygon", "coordinates": [[[-73.9035, 4.4406], [-73.8753, 4.386], [-73.8962, 4.3488], [-73.9916, 4.355], [-73.9904, 4.4183], [-73.9733, 4.4579], [-73.9035, 4.4406]]]}}, {"type": "Feature", "id": "25154", "properties": {"daneCode": "25154", "name": "Í", "dptoCode": "25", "dptoName": "Í"}, "geometry": {"type": "Polygon", "coordinates": [[[-73.8668, 5.4619], [-73.8398, 5.3677], [-73.8668, 5.2822], [-73.8974, 5.2524], [-73.9525, 5.2053], [-73.9953, 5.2586], [-73.9745, 5.3194], [-73.999, 5.3677], [-73.9476, 5.4235], [-73.9023, 5.4668], [-73.8668, 5.4619]]]}}, {"type": "Feature", "id": "25168", "properties": {"daneCode": "25168", "name": "Í", "dptoCode": "25", "dptoName": "Í"}, "geometry": {"type": "Polygon", "coordinates": [[[-74.5523, 4.9649], [-74.5768, 4.8893], [-74.6441, 4.8967], [-74.7274, 4.9773], [-74.731, 4.9971], [-74.7053, 5.012], [-74.5694, 4.9946], [-74.5523, 4.9649]]]}}, {"type": "Feature", "id": "25178", "properties": {"daneCode": "25178", "name": "Í", "dptoCode": "25", "dptoName": "Í"}, "geometry": {"type": "Polygon", "coordinates": [[[-74.0479, 4.5125], [-73.9733, 4.4579], [-73.9904, 4.4183], [-74.119, 4.3104], [-74.1165, 4.4046], [-74.0479, 4.5125]]]}}, {"type": "Feature", "id": "25181", "properties": {"daneCode": "25181", "name": "Í", "dptoCode": "25", "dptoName": "Í"}, "geometry": {"type": "Polygon", "coordinates": [[[-73.7933, 4.6376], [-73.9047, 4.5001], [-73.9586, 4.5087], [-74.0051, 4.5608], [-73.988, 4.6314], [-73.7933, 4.6376]]]}}, {"type": "Feature", "id": "25183", "properties": {"daneCode": "25183", "name": "Í", "dptoCode": "25", "dptoName": "Í"}, "geometry": {"type": "Polygon", "coordinates": [[[-73.5363, 5.1322], [-73.5375, 5.1223], [-73.617, 5.1322], [-73.688, 4.9835], [-73.7603, 5.0516], [-73.7333, 5.157], [-73.6844, 5.2289], [-73.6623, 5.2425], [-73.6268, 5.188], [-73.5363, 5.1322]]]}}, {"type": "Feature", "id": "25200", "properties": {"daneCode": "25200", "name": "Í", "dptoCode": "25", "dptoName": "Í"}, "geometry": {"type": "Polygon", "coordinates": [[[-73.9059, 5.1334], [-73.9353, 5.043], [-74.0137, 5.0491], [-74.0076, 5.1272], [-74.0455, 5.1582], [-74.0455, 5.1694], [-73.9059, 5.1334]]]}}, {"type": "Feature", "id": "25214", "properties": {"daneCode": "25214", "name": "Í", "dptoCode": "25", "dptoName": "Í"}, "geometry": {"type": "Polygon", "coordinates": [[[-74.0822, 4.8347], [-74.1569, 4.7256], [-74.163, 4.7504], [-74.0945, 4.8484], [-74.0822, 4.8347]]]}}, {"type": "Feature", "id": "25224", "properties": {"daneCode": "25224", "name": "Í", "dptoCode": "25", "dptoName": "Í"}, "geometry": {"type": "Polygon", "coordinates": [[[-73.6844, 5.2289], [-73.7493, 5.219], [-73.8386, 5.1644], [-73.8472, 5.1942], [-73.8043, 5.2586], [-73.7652, 5.2983], [-73.6844, 5.2289]]]}}, {"type": "Feature", "id": "25245", "properties": {"daneCode": "25245", "name": "Í", "dptoCode": "25", "dptoName": "Í"}, "geometry": {"type": "Polygon", "coordinates": [[[-74.3944, 4.6228], [-74.3638, 4.5571], [-74.3944, 4.5001], [-74.4691, 4.4963], [-74.4776, 4.5757], [-74.4458, 4.598], [-74.3944, 4.6228]]]}}, {"type": "Feature", "id": "25258", "properties": {"daneCode": "25258", "name": "Í", "dptoCode": "25", "dptoName": "Í"}, "geometry": {"type": "Polygon", "coordinates": [[[-74.2487, 5.2772], [-74.3001, 5.1929], [-74.3405, 5.2004], [-74.3699, 5.2004], [-74.3552, 5.2561], [-74.3577, 5.3317], [-74.2487, 5.2772]]]}}, {"type": "Feature", "id": "25269", "properties": {"daneCode": "25269", "name": "Í", "dptoCode": "25", "dptoName": "Í"}, "geometry": {"type": "Polygon", "coordinates": [[[-74.3222, 4.8855], [-74.2842, 4.8756], [-74.261, 4.8236], [-74.3283, 4.7653], [-74.3466, 4.7628], [-74.3944, 4.8037], [-74.4201, 4.8384], [-74.403, 4.8806], [-74.3577, 4.8942], [-74.3222, 4.8855]]]}}, {"type": "Feature", "id": "25279", "properties": {"daneCode": "25279", "name": "Í", "dptoCode": "25", "dptoName": "Í"}, "geometry": {"type": "Polygon", "coordinates": [[[-73.6685, 4.5397], [-73.7456, 4.4554], [-73.8092, 4.3959], [-73.8753, 4.386], [-73.9035, 4.4406], [-73.9047, 4.5001], [-73.7933, 4.6376], [-73.7933, 4.681], [-73.7003, 4.624], [-73.6685, 4.5397]]]}}, {"type": "Feature", "id": "25281", "properties": {"daneCode": "25281", "name": "Í", "dptoCode": "25", "dptoName": "Í"}, "geometry": {"type": "Polygon", "coordinates": [[[-73.8962, 4.3488], [-73.9011, 4.2708], [-73.9194, 4.2646], [-74.0431, 4.2968], [-73.9916, 4.355], [-73.8962, 4.3488]]]}}, {"type": "Feature", "id": "25286", "properties": {"daneCode": "25286", "name": "Í", "dptoCode": "25", "dptoName": "Í"}, "geometry": {"type": "Polygon", "coordinates": [[[-74.163, 4.7504], [-74.1569, 4.7256], [-74.1728, 4.6959], [-74.2328, 4.7368], [-74.2181, 4.7938], [-74.163, 4.7504]]]}}, {"type": "Feature", "id": "25288", "properties": {"daneCode": "25288", "name": "Í", "dptoCode": "25", "dptoName": "Í"}, "geometry": {"type": "Polygon", "coordinates": [[[-73.7199, 5.4594], [-73.7737, 5.3516], [-73.8252, 5.3739], [-73.7431, 5.4706], [-73.7199, 5.4594]]]}}, {"type": "Feature", "id": "25293", "properties": {"daneCode": "25293", "name": "Í", "dptoCode": "25", "dptoName": "Í"}, "geometry": {"type": "Polygon", "coordinates": [[[-73.3722, 4.8013], [-73.3404, 4.7913], [-73.3245, 4.7802], [-73.3845, 4.7579], [-73.404, 4.6785], [-73.4689, 4.6314], [-73.5681, 4.5249], [-73.6415, 4.5472], [-73.6158, 4.6686], [-73.5681, 4.6612], [-73.535, 4.7157], [-73.4151, 4.7517], [-73.3722, 4.8013]]]}}, {"type": "Feature", "id": "25295", "properties": {"daneCode": "25295", "name": "Í", "dptoCode": "25", "dptoName": "Í"}, "geometry": {"type": "Polygon", "coordinates": [[[-73.8704, 5.0479], [-73.8558, 5.0355], [-73.8558, 4.9897], [-73.8741, 4.9636], [-73.9121, 5.0281], [-73.8704, 5.0479]]]}}, {"type": "Feature", "id": "25297", "properties": {"daneCode": "25297", "name": "Í", "dptoCode": "25", "dptoName": "Í"}, "geometry": {"type": "Polygon", "coordinates": [[[-73.5424, 4.914], [-73.5203, 4.8793], [-73.5546, 4.7913], [-73.5913, 4.7789], [-73.6232, 4.7951], [-73.7223, 4.8422], [-73.6856, 4.9339], [-73.617, 4.9611], [-73.5424, 4.914]]]}}, {"type": "Feature", "id": "25299", "properties": {"daneCode": "25299", "name": "Í", "dptoCode": "25", "dptoName": "Í"}, "geometry": {"type": "Polygon", "coordinates": [[[-73.5913, 4.7789], [-73.535, 4.7157], [-73.5681, 4.6612], [-73.6158, 4.6686], [-73.6538, 4.7207], [-73.6232, 4.7951], [-73.5913, 4.7789]]]}}, {"type": "Feature", "id": "25312", "properties": {"daneCode": "25312", "name": "Í", "dptoCode": "25", "dptoName": "Í"}, "geometry": {"type": "Polygon", "coordinates": [[[-74.3038, 4.5546], [-74.2842, 4.5125], [-74.3026, 4.5038], [-74.3981, 4.4914], [-74.3944, 4.5001], [-74.3638, 4.5571], [-74.3038, 4.5546]]]}}, {"type": "Feature", "id": "25317", "properties": {"daneCode": "25317", "name": "Í", "dptoCode": "25", "dptoName": "Í"}, "geometry": {"type": "Polygon", "coordinates": [[[-73.6183, 5.4049], [-73.5926, 5.3987], [-73.5987, 5.3788], [-73.6942, 5.3293], [-73.7639, 5.3243], [-73.7737, 5.3516], [-73.7199, 5.4594], [-73.6183, 5.4049]]]}}, {"type": "Feature", "id": "25320", "properties": {"daneCode": "25320", "name": "Í", "dptoCode": "25", "dptoName": "Í"}, "geometry": {"type": "Polygon", "coordinates": [[[-74.6502, 5.4421], [-74.6147, 5.3875], [-74.589, 5.3541], [-74.6147, 5.2152], [-74.5144, 5.1942], [-74.5254, 5.1347], [-74.5413, 5.0653], [-74.5352, 4.9661], [-74.5523, 4.9649], [-74.5694, 4.9946], [-74.7053, 5.012], [-74.731, 4.9971], [-74.7298, 5.0677], [-74.7347, 5.2871], [-74.6502, 5.4421]]]}}, {"type": "Feature", "id": "25322", "properties": {"daneCode": "25322", "name": "Í", "dptoCode": "25", "dptoName": "Í"}, "geometry": {"type": "Polygon", "coordinates": [[[-73.7627, 4.8236], [-73.7493, 4.7281], [-73.7994, 4.6835], [-73.8509, 4.6872], [-73.9598, 4.8124], [-73.9157, 4.914], [-73.9084, 4.9227], [-73.8337, 4.888], [-73.7627, 4.8236]]]}}, {"type": "Feature", "id": "25324", "properties": {"daneCode": "25324", "name": "Í", "dptoCode": "25", "dptoName": "Í"}, "geometry": {"type": "Polygon", "coordinates": [[[-74.7518, 4.5881], [-74.7433, 4.4753], [-74.8216, 4.4455], [-74.7947, 4.5001], [-74.7935, 4.5918], [-74.7518, 4.5881]]]}}, {"type": "Feature", "id": "25326", "properties": {"daneCode": "25326", "name": "Í", "dptoCode": "25", "dptoName": "Í"}, "geometry": {"type": "Polygon", "coordinates": [[[-73.7138, 4.9525], [-73.6856, 4.9339], [-73.7223, 4.8422], [-73.7627, 4.8236], [-73.8337, 4.888], [-73.9084, 4.9227], [-73.8741, 4.9636], [-73.8558, 4.9897], [-73.7138, 4.9525]]]}}, {"type": "Feature", "id": "25328", "properties": {"daneCode": "25328", "name": "Í", "dptoCode": "25", "dptoName": "Í"}, "geometry": {"type": "Polygon", "coordinates": [[[-74.4825, 4.9388], [-74.458, 4.8322], [-74.5058, 4.8322], [-74.5046, 4.9438], [-74.4825, 4.9388]]]}}, {"type": "Feature", "id": "25335", "properties": {"daneCode": "25335", "name": "Í", "dptoCode": "25", "dptoName": "Í"}, "geometry": {"type": "Polygon", "coordinates": [[[-73.7639, 4.2807], [-73.7431, 4.1989], [-73.8141, 4.2014], [-73.8962, 4.1431], [-73.9329, 4.1493], [-73.8986, 4.2175], [-73.9194, 4.2646], [-73.9011, 4.2708], [-73.8325, 4.2782], [-73.7921, 4.3526], [-73.7639, 4.2807]]]}}, {"type": "Feature", "id": "25339", "properties": {"daneCode": "25339", "name": "Í", "dptoCode": "25", "dptoName": "Í"}, "geometry": {"type": "Polygon", "coordinates": [[[-73.9194, 4.2646], [-73.8986, 4.2175], [-73.9329, 4.1493], [-73.9561, 4.0997], [-74.0333, 4.0675], [-74.1006, 4.013], [-74.1508, 4.0043], [-74.1251, 4.0551], [-74.1104, 4.1815], [-74.0431, 4.2968], [-73.9194, 4.2646]]]}}, {"type": "Feature", "id": "25368", "properties": {"daneCode": "25368", "name": "Í", "dptoCode": "25", "dptoName": "Í"}, "geometry": {"type": "Polygon", "coordinates": [[[-74.6086, 4.6513], [-74.5902, 4.6339], [-74.5976, 4.6265], [-74.6, 4.6191], [-74.6319, 4.5608], [-74.7261, 4.4604], [-74.7433, 4.4753], [-74.7518, 4.5881], [-74.7335, 4.6215], [-74.6086, 4.6513]]]}}, {"type": "Feature", "id": "25372", "properties": {"daneCode": "25372", "name": "Í", "dptoCode": "25", "dptoName": "Í"}, "geometry": {"type": "Polygon", "coordinates": [[[-73.6232, 4.7951], [-73.6538, 4.7207], [-73.6158, 4.6686], [-73.6415, 4.5472], [-73.6685, 4.5397], [-73.7003, 4.624], [-73.7933, 4.681], [-73.7994, 4.6835], [-73.7493, 4.7281], [-73.7627, 4.8236], [-73.7223, 4.8422], [-73.6232, 4.7951]]]}}, {"type": "Feature", "id": "25377", "properties": {"daneCode": "25377", "name": "Í", "dptoCode": "25", "dptoName": "Í"}, "geometry": {"type": "Polygon", "coordinates": [[[-73.9598, 4.8124], [-73.8509, 4.6872], [-73.7994, 4.6835], [-73.7933, 4.681], [-73.7933, 4.6376], [-73.988, 4.6314], [-74.0076, 4.6649], [-74.0063, 4.8236], [-73.9598, 4.8124]]]}}, {"type": "Feature", "id": "25386", "properties": {"daneCode": "25386", "name": "Í", "dptoCode": "25", "dptoName": "Í"}, "geometry": {"type": "Polygon", "coordinates": [[[-74.3981, 4.717], [-74.3932, 4.6996], [-74.4458, 4.598], [-74.4776, 4.5757], [-74.5572, 4.6476], [-74.5095, 4.6798], [-74.4372, 4.7133], [-74.3981, 4.717]]]}}, {"type": "Feature", "id": "25394", "properties": {"daneCode": "25394", "name": "Í", "dptoCode": "25", "dptoName": "Í"}, "geometry": {"type": "Polygon", "coordinates": [[[-74.365, 5.4185], [-74.3577, 5.3317], [-74.3552, 5.2561], [-74.3981, 5.2859], [-74.4568, 5.2524], [-74.4923, 5.2561], [-74.4385, 5.3603], [-74.4225, 5.4433], [-74.365, 5.4185]]]}}, {"type": "Feature", "id": "25398", "properties": {"daneCode": "25398", "name": "Í", "dptoCode": "25", "dptoName": "Í"}, "geometry": {"type": "Polygon", "coordinates": [[[-74.3552, 5.2561], [-74.3699, 5.2004], [-74.4079, 5.1198], [-74.447, 5.1248], [-74.4568, 5.2524], [-74.3981, 5.2859], [-74.3552, 5.2561]]]}}, {"type": "Feature", "id": "25402", "properties": {"daneCode": "25402", "name": "Í", "dptoCode": "25", "dptoName": "Í"}, "geometry": {"type": "Polygon", "coordinates": [[[-74.2781, 5.0293], [-74.3209, 5.0058], [-74.2928, 4.9116], [-74.3222, 4.8855], [-74.3577, 4.8942], [-74.3956, 5.0219], [-74.3417, 5.0516], [-74.3038, 5.0739], [-74.2781, 5.0293]]]}}, {"type": "Feature", "id": "25407", "properties": {"daneCode": "25407", "name": "Í", "dptoCode": "25", "dptoName": "Í"}, "geometry": {"type": "Polygon", "coordinates": [[[-73.6623, 5.2425], [-73.6844, 5.2289], [-73.7652, 5.2983], [-73.7639, 5.3243], [-73.6942, 5.3293], [-73.5987, 5.3788], [-73.5962, 5.3652], [-73.6623, 5.2425]]]}}, {"type": "Feature", "id": "25426", "properties": {"daneCode": "25426", "name": "Í", "dptoCode": "25", "dptoName": "Í"}, "geometry": {"type": "Polygon", "coordinates": [[[-73.5375, 5.1223], [-73.5412, 5.0727], [-73.617, 4.9611], [-73.6856, 4.9339], [-73.7138, 4.9525], [-73.688, 4.9835], [-73.617, 5.1322], [-73.5375, 5.1223]]]}}, {"type": "Feature", "id": "25430", "properties": {"daneCode": "25430", "name": "Í", "dptoCode": "25", "dptoName": "Í"}, "geometry": {"type": "Polygon", "coordinates": [[[-74.1777, 4.8583], [-74.2181, 4.7938], [-74.2328, 4.7368], [-74.2989, 4.717], [-74.3283, 4.7653], [-74.261, 4.8236], [-74.201, 4.857], [-74.1777, 4.8583]]]}}, {"type": "Feature", "id": "25436", "properties": {"daneCode": "25436", "name": "Í", "dptoCode": "25", "dptoName": "Í"}, "geometry": {"type": "Polygon", "coordinates": [[[-73.5228, 5.0293], [-73.5069, 4.9959], [-73.5424, 4.914], [-73.617, 4.9611], [-73.5412, 5.0727], [-73.5228, 5.0293]]]}}, {"type": "Feature", "id": "25438", "properties": {"daneCode": "25438", "name": "Í", "dptoCode": "25", "dptoName": "Í"}, "geometry": {"type": "Polygon", "coordinates": [[[-73.2474, 4.624], [-73.1959, 4.5608], [-73.2033, 4.4901], [-73.2547, 4.4232], [-73.3661, 4.3749], [-73.4273, 4.3067], [-73.4726, 4.2757], [-73.5509, 4.3079], [-73.5718, 4.3736], [-73.6024, 4.4616], [-73.5681, 4.5249], [-73.4689, 4.6314], [-73.404, 4.6785], [-73.2474, 4.624]]]}}, {"type": "Feature", "id": "25483", "properties": {"daneCode": "25483", "name": "Í", "dptoCode": "25", "dptoName": "Í"}, "geometry": {"type": "Polygon", "coordinates": [[[-74.7261, 4.4604], [-74.7531, 4.4344], [-74.8559, 4.3352], [-74.8216, 4.4455], [-74.7433, 4.4753], [-74.7261, 4.4604]]]}}, {"type": "Feature", "id": "25486", "properties": {"daneCode": "25486", "name": "Í", "dptoCode": "25", "dptoName": "Í"}, "geometry": {"type": "Polygon", "coordinates": [[[-73.846, 5.1545], [-73.8301, 5.0962], [-73.8704, 5.0479], [-73.9121, 5.0281], [-73.9353, 5.043], [-73.9059, 5.1334], [-73.846, 5.1545]]]}}, {"type": "Feature", "id": "25488", "properties": {"daneCode": "25488", "name": "Í", "dptoCode": "25", "dptoName": "Í"}, "geometry": {"type": "Polygon", "coordinates": [[[-74.5486, 4.3637], [-74.4984, 4.355], [-74.5523, 4.2646], [-74.556, 4.267], [-74.6392, 4.2113], [-74.731, 4.2447], [-74.6612, 4.3055], [-74.6649, 4.3402], [-74.5976, 4.3588], [-74.5486, 4.3637]]]}}, {"type": "Feature", "id": "25489", "properties": {"daneCode": "25489", "name": "Í", "dptoCode": "25", "dptoName": "Í"}, "geometry": {"type": "Polygon", "coordinates": [[[-74.3405, 5.2004], [-74.3748, 5.1049], [-74.4274, 5.0653], [-74.4482, 5.0727], [-74.4507, 5.1235], [-74.447, 5.1248], [-74.4079, 5.1198], [-74.3699, 5.2004], [-74.3405, 5.2004]]]}}, {"type": "Feature", "id": "25491", "properties": {"daneCode": "25491", "name": "Í", "dptoCode": "25", "dptoName": "Í"}, "geometry": {"type": "Polygon", "coordinates": [[[-74.3748, 5.1049], [-74.3417, 5.0516], [-74.3956, 5.0219], [-74.4127, 5.0206], [-74.4274, 5.0653], [-74.3748, 5.1049]]]}}, {"type": "Feature", "id": "25506", "properties": {"daneCode": "25506", "name": "Í", "dptoCode": "25", "dptoName": "Í"}, "geometry": {"type": "Polygon", "coordinates": [[[-74.4446, 4.1109], [-74.3797, 4.0365], [-74.5241, 4.0229], [-74.4764, 4.1195], [-74.4446, 4.1109]]]}}, {"type": "Feature", "id": "25513", "properties": {"daneCode": "25513", "name": "Í", "dptoCode": "25", "dptoName": "Í"}, "geometry": {"type": "Polygon", "coordinates": [[[-74.1373, 5.2351], [-74.0773, 5.2301], [-74.0455, 5.1694], [-74.0455, 5.1582], [-74.0932, 5.0665], [-74.1581, 5.0442], [-74.2267, 5.1186], [-74.3001, 5.1929], [-74.2487, 5.2772], [-74.2132, 5.2958], [-74.2059, 5.2239], [-74.1373, 5.2351]]]}}, {"type": "Feature", "id": "25518", "properties": {"daneCode": "25518", "name": "Í", "dptoCode": "25", "dptoName": "Í"}, "geometry": {"type": "Polygon", "coordinates": [[[-74.0969, 5.4706], [-74.0945, 5.4359], [-74.174, 5.297], [-74.2206, 5.3417], [-74.234, 5.3974], [-74.1777, 5.4594], [-74.1753, 5.4619], [-74.0969, 5.4706]]]}}, {"type": "Feature", "id": "25524", "properties": {"daneCode": "25524", "name": "Í", "dptoCode": "25", "dptoName": "Í"}, "geometry": {"type": "Polygon", "coordinates": [[[-74.4666, 4.2175], [-74.4274, 4.1518], [-74.4446, 4.1109], [-74.4764, 4.1195], [-74.5192, 4.241], [-74.4666, 4.2175]]]}}, {"type": "Feature", "id": "25530", "properties": {"daneCode": "25530", "name": "Í", "dptoCode": "25", "dptoName": "Í"}, "geometry": {"type": "Polygon", "coordinates": [[[-73.0527, 4.7368], [-73.0919, 4.4753], [-73.1249, 4.2571], [-73.3539, 4.3216], [-73.4273, 4.3067], [-73.3661, 4.3749], [-73.2547, 4.4232], [-73.2033, 4.4901], [-73.1959, 4.5608], [-73.2474, 4.624], [-73.2204, 4.6761], [-73.2082, 4.681], [-73.1029, 4.6612], [-73.0527, 4.7368]]]}}, {"type": "Feature", "id": "25535", "properties": {"daneCode": "25535", "name": "Í", "dptoCode": "25", "dptoName": "Í"}, "geometry": {"type": "Polygon", "coordinates": [[[-74.2365, 4.4009], [-74.2144, 4.3811], [-74.2377, 4.1952], [-74.3356, 4.2274], [-74.3515, 4.2956], [-74.3197, 4.386], [-74.283, 4.3798], [-74.2365, 4.4009]]]}}, {"type": "Feature", "id": "25572", "properties": {"daneCode": "25572", "name": "Í", "dptoCode": "25", "dptoName": "Í"}, "geometry": {"type": "Polygon", "coordinates": [[[-74.4862, 5.7705], [-74.4874, 5.6466], [-74.5401, 5.5549], [-74.5902, 5.4817], [-74.6147, 5.3875], [-74.6502, 5.4421], [-74.6747, 5.5164], [-74.627, 5.6974], [-74.6612, 5.7519], [-74.5927, 5.747], [-74.5303, 5.7904], [-74.4862, 5.7705]]]}}, {"type": "Feature", "id": "25580", "properties": {"daneCode": "25580", "name": "Í", "dptoCode": "25", "dptoName": "Í"}, "geometry": {"type": "Polygon", "coordinates": [[[-74.6845, 4.7579], [-74.5902, 4.743], [-74.6086, 4.6513], [-74.7335, 4.6215], [-74.7629, 4.6835], [-74.7347, 4.7542], [-74.6845, 4.7579]]]}}, {"type": "Feature", "id": "25592", "properties": {"daneCode": "25592", "name": "Í", "dptoCode": "25", "dptoName": "Í"}, "geometry": {"type": "Polygon", "coordinates": [[[-74.4507, 5.1235], [-74.4482, 5.0727], [-74.5413, 5.0653], [-74.5254, 5.1347], [-74.4507, 5.1235]]]}}, {"type": "Feature", "id": "25594", "properties": {"daneCode": "25594", "name": "Í", "dptoCode": "25", "dptoName": "Í"}, "geometry": {"type": "Polygon", "coordinates": [[[-73.8092, 4.3959], [-73.7921, 4.3526], [-73.8325, 4.2782], [-73.9011, 4.2708], [-73.8962, 4.3488], [-73.8753, 4.386], [-73.8092, 4.3959]]]}}, {"type": "Feature", "id": "25596", "properties": {"daneCode": "25596", "name": "Í", "dptoCode": "25", "dptoName": "Í"}, "geometry": {"type": "Polygon", "coordinates": [[[-74.5241, 4.7938], [-74.5107, 4.7281], [-74.5095, 4.6798], [-74.5572, 4.6476], [-74.5902, 4.6339], [-74.6086, 4.6513], [-74.5902, 4.743], [-74.5633, 4.7963], [-74.5596, 4.7963], [-74.5241, 4.7938]]]}}, {"type": "Feature", "id": "25599", "properties": {"daneCode": "25599", "name": "Í", "dptoCode": "25", "dptoName": "Í"}, "geometry": {"type": "Polygon", "coordinates": [[[-74.5021, 4.484], [-74.5621, 4.4468], [-74.6209, 4.505], [-74.6, 4.6191], [-74.5976, 4.6265], [-74.5645, 4.5323], [-74.5021, 4.484]]]}}, {"type": "Feature", "id": "25612", "properties": {"daneCode": "25612", "name": "Í", "dptoCode": "25", "dptoName": "Í"}, "geometry": {"type": "Polygon", "coordinates": [[[-74.7359, 4.3811], [-74.6649, 4.3402], [-74.6612, 4.3055], [-74.731, 4.2447], [-74.7445, 4.2361], [-74.7445, 4.2472], [-74.7812, 4.2646], [-74.7971, 4.2881], [-74.7433, 4.3811], [-74.7359, 4.3811]]]}}, {"type": "Feature", "id": "25645", "properties": {"daneCode": "25645", "name": "Í", "dptoCode": "25", "dptoName": "Í"}, "geometry": {"type": "Polygon", "coordinates": [[[-74.3062, 4.6203], [-74.3038, 4.5546], [-74.3638, 4.5571], [-74.3944, 4.6228], [-74.3442, 4.6538], [-74.3062, 4.6203]]]}}, {"type": "Feature", "id": "25649", "properties": {"daneCode": "25649", "name": "Í", "dptoCode": "25", "dptoName": "Í"}, "geometry": {"type": "Polygon", "coordinates": [[[-74.2401, 4.1865], [-74.245, 4.1034], [-74.3246, 4.127], [-74.365, 4.0353], [-74.3797, 4.0365], [-74.4446, 4.1109], [-74.4274, 4.1518], [-74.4666, 4.2175], [-74.2977, 4.1766], [-74.2401, 4.1865]]]}}, {"type": "Feature", "id": "25653", "properties": {"daneCode": "25653", "name": "Í", "dptoCode": "25", "dptoName": "Í"}, "geometry": {"type": "Polygon", "coordinates": [[[-73.999, 5.3677], [-73.9745, 5.3194], [-73.9953, 5.2586], [-74.0773, 5.2301], [-74.1373, 5.2351], [-74.174, 5.297], [-74.0945, 5.4359], [-73.999, 5.3677]]]}}, {"type": "Feature", "id": "25658", "properties": {"daneCode": "25658", "name": "Í", "dptoCode": "25", "dptoName": "Í"}, "geometry": {"type": "Polygon", "coordinates": [[[-74.2144, 4.9971], [-74.2303, 4.945], [-74.2842, 4.8756], [-74.3222, 4.8855], [-74.2928, 4.9116], [-74.3209, 5.0058], [-74.2781, 5.0293], [-74.2144, 4.9971]]]}}, {"type": "Feature", "id": "25718", "properties": {"daneCode": "25718", "name": "Í", "dptoCode": "25", "dptoName": "Í"}, "geometry": {"type": "Polygon", "coordinates": [[[-74.3577, 4.8942], [-74.403, 4.8806], [-74.4801, 4.9525], [-74.4127, 5.0206], [-74.3956, 5.0219], [-74.3577, 4.8942]]]}}, {"type": "Feature", "id": "25736", "properties": {"daneCode": "25736", "name": "Í", "dptoCode": "25", "dptoName": "Í"}, "geometry": {"type": "Polygon", "coordinates": [[[-73.7603, 5.0516], [-73.688, 4.9835], [-73.7138, 4.9525], [-73.8558, 4.9897], [-73.8558, 5.0355], [-73.8105, 5.0826], [-73.7603, 5.0516]]]}}, {"type": "Feature", "id": "25743", "properties": {"daneCode": "25743", "name": "Í", "dptoCode": "25", "dptoName": "Í"}, "geometry": {"type": "Polygon", "coordinates": [[[-74.3001, 4.4269], [-74.3883, 4.3984], [-74.4201, 4.3588], [-74.4519, 4.386], [-74.3981, 4.4914], [-74.3026, 4.5038], [-74.3001, 4.4269]]]}}, {"type": "Feature", "id": "25745", "properties": {"daneCode": "25745", "name": "Í", "dptoCode": "25", "dptoName": "Í"}, "geometry": {"type": "Polygon", "coordinates": [[[-73.7897, 5.5524], [-73.7872, 5.5102], [-73.8668, 5.4619], [-73.9023, 5.4668], [-73.9108, 5.5239], [-73.8484, 5.5462], [-73.7897, 5.5524]]]}}, {"type": "Feature", "id": "25758", "properties": {"daneCode": "25758", "name": "Í", "dptoCode": "25", "dptoName": "Í"}, "geometry": {"type": "Polygon", "coordinates": [[[-73.9916, 4.9723], [-73.9157, 4.914], [-73.9598, 4.8124], [-74.0063, 4.8236], [-74.0063, 4.9178], [-73.9978, 4.9735], [-73.9916, 4.9723]]]}}, {"type": "Feature", "id": "25769", "properties": {"daneCode": "25769", "name": "Í", "dptoCode": "25", "dptoName": "Í"}, "geometry": {"type": "Polygon", "coordinates": [[[-74.0932, 5.0665], [-74.0871, 5.0107], [-74.1287, 4.9041], [-74.1777, 4.8583], [-74.201, 4.857], [-74.2303, 4.945], [-74.2144, 4.9971], [-74.1581, 5.0442], [-74.0932, 5.0665]]]}}, {"type": "Feature", "id": "25772", "properties": {"daneCode": "25772", "name": "Í", "dptoCode": "25", "dptoName": "Í"}, "geometry": {"type": "Polygon", "coordinates": [[[-73.6844, 5.2289], [-73.7333, 5.157], [-73.7603, 5.0516], [-73.8105, 5.0826], [-73.8558, 5.0355], [-73.8704, 5.0479], [-73.8301, 5.0962], [-73.846, 5.1545], [-73.8386, 5.1644], [-73.7493, 5.219], [-73.6844, 5.2289]]]}}, {"type": "Feature", "id": "25777", "properties": {"daneCode": "25777", "name": "Í", "dptoCode": "25", "dptoName": "Í"}, "geometry": {"type": "Polygon", "coordinates": [[[-74.1581, 5.0442], [-74.2144, 4.9971], [-74.2781, 5.0293], [-74.3038, 5.0739], [-74.2267, 5.1186], [-74.1581, 5.0442]]]}}, {"type": "Feature", "id": "25779", "properties": {"daneCode": "25779", "name": "Í", "dptoCode": "25", "dptoName": "Í"}, "geometry": {"type": "Polygon", "coordinates": [[[-73.7431, 5.4706], [-73.8252, 5.3739], [-73.8398, 5.3677], [-73.8668, 5.4619], [-73.7872, 5.5102], [-73.7431, 5.4706]]]}}, {"type": "Feature", "id": "25781", "properties": {"daneCode": "25781", "name": "Í", "dptoCode": "25", "dptoName": "Í"}, "geometry": {"type": "Polygon", "coordinates": [[[-73.8043, 5.2586], [-73.8472, 5.1942], [-73.8974, 5.2524], [-73.8668, 5.2822], [-73.8043, 5.2586]]]}}, {"type": "Feature", "id": "25785", "properties": {"daneCode": "25785", "name": "Í", "dptoCode": "25", "dptoName": "Í"}, "geometry": {"type": "Polygon", "coordinates": [[[-74.0333, 4.9636], [-74.0773, 4.9116], [-74.0822, 4.893], [-74.1287, 4.9041], [-74.0871, 5.0107], [-74.0333, 4.9636]]]}}, {"type": "Feature", "id": "25793", "properties": {"daneCode": "25793", "name": "Í", "dptoCode": "25", "dptoName": "Í"}, "geometry": {"type": "Polygon", "coordinates": [[[-73.9953, 5.2586], [-73.9525, 5.2053], [-73.8974, 5.2524], [-73.8472, 5.1942], [-73.8386, 5.1644], [-73.846, 5.1545], [-73.9059, 5.1334], [-74.0455, 5.1694], [-74.0773, 5.2301], [-73.9953, 5.2586]]]}}, {"type": "Feature", "id": "25797", "properties": {"daneCode": "25797", "name": "Í", "dptoCode": "25", "dptoName": "Í"}, "geometry": {"type": "Polygon", "coordinates": [[[-74.3442, 4.6538], [-74.3944, 4.6228], [-74.4458, 4.598], [-74.3932, 4.6996], [-74.3442, 4.6538]]]}}, {"type": "Feature", "id": "25799", "properties": {"daneCode": "25799", "name": "Í", "dptoCode": "25", "dptoName": "Í"}, "geometry": {"type": "Polygon", "coordinates": [[[-74.0822, 4.893], [-74.0945, 4.8484], [-74.163, 4.7504], [-74.2181, 4.7938], [-74.1777, 4.8583], [-74.1287, 4.9041], [-74.0822, 4.893]]]}}, {"type": "Feature", "id": "25805", "properties": {"daneCode": "25805", "name": "Í", "dptoCode": "25", "dptoName": "Í"}, "geometry": {"type": "Polygon", "coordinates": [[[-74.4201, 4.3588], [-74.4825, 4.2894], [-74.5499, 4.2608], [-74.5523, 4.2646], [-74.4984, 4.355], [-74.4519, 4.386], [-74.4201, 4.3588]]]}}, {"type": "Feature", "id": "25807", "properties": {"daneCode": "25807", "name": "Í", "dptoCode": "25", "dptoName": "Í"}, "geometry": {"type": "Polygon", "coordinates": [[[-73.4922, 5.1285], [-73.4799, 5.0628], [-73.5228, 5.0293], [-73.5412, 5.0727], [-73.5375, 5.1223], [-73.5363, 5.1322], [-73.4922, 5.1285]]]}}, {"type": "Feature", "id": "25815", "properties": {"daneCode": "25815", "name": "Í", "dptoCode": "25", "dptoName": "Í"}, "geometry": {"type": "Polygon", "coordinates": [[[-74.5621, 4.4468], [-74.5486, 4.3637], [-74.5976, 4.3588], [-74.6772, 4.4158], [-74.7359, 4.3811], [-74.7433, 4.3811], [-74.7531, 4.4344], [-74.7261, 4.4604], [-74.6319, 4.5608], [-74.6, 4.6191], [-74.6209, 4.505], [-74.5621, 4.4468]]]}}, {"type": "Feature", "id": "25817", "properties": {"daneCode": "25817", "name": "Í", "dptoCode": "25", "dptoName": "Í"}, "geometry": {"type": "Polygon", "coordinates": [[[-73.8741, 4.9636], [-73.9084, 4.9227], [-73.9157, 4.914], [-73.9916, 4.9723], [-73.9121, 5.0281], [-73.8741, 4.9636]]]}}, {"type": "Feature", "id": "25823", "properties": {"daneCode": "25823", "name": "Í", "dptoCode": "25", "dptoName": "Í"}, "geometry": {"type": "Polygon", "coordinates": [[[-74.234, 5.3974], [-74.2206, 5.3417], [-74.2132, 5.2958], [-74.2487, 5.2772], [-74.3577, 5.3317], [-74.365, 5.4185], [-74.3062, 5.3888], [-74.234, 5.3974]]]}}, {"type": "Feature", "id": "25839", "properties": {"daneCode": "25839", "name": "Í", "dptoCode": "25", "dptoName": "Í"}, "geometry": {"type": "MultiPolygon", "coordinates": [[[[-73.2204, 4.6761], [-73.2474, 4.624], [-73.404, 4.6785], [-73.3845, 4.7579], [-73.3245, 4.7802], [-73.3061, 4.7318], [-73.2229, 4.7331], [-73.2204, 4.6761]]], [[[-73.4469, 4.8893], [-73.4016, 4.8793], [-73.3722, 4.8013], [-73.4151, 4.7517], [-73.535, 4.7157], [-73.5913, 4.7789], [-73.5546, 4.7913], [-73.5203, 4.8793], [-73.4469, 4.8893]]]]}}, {"type": "Feature", "id": "25841", "properties": {"daneCode": "25841", "name": "Í", "dptoCode": "25", "dptoName": "Í"}, "geometry": {"type": "Polygon", "coordinates": [[[-74.0051, 4.5608], [-73.9586, 4.5087], [-73.9047, 4.5001], [-73.9035, 4.4406], [-73.9733, 4.4579], [-74.0479, 4.5125], [-74.0051, 4.5608]]]}}, {"type": "Feature", "id": "25843", "properties": {"daneCode": "25843", "name": "Í", "dptoCode": "25", "dptoName": "Í"}, "geometry": {"type": "Polygon", "coordinates": [[[-73.7737, 5.3516], [-73.7639, 5.3243], [-73.7652, 5.2983], [-73.8043, 5.2586], [-73.8668, 5.2822], [-73.8398, 5.3677], [-73.8252, 5.3739], [-73.7737, 5.3516]]]}}, {"type": "Feature", "id": "25845", "properties": {"daneCode": "25845", "name": "Í", "dptoCode": "25", "dptoName": "Í"}, "geometry": {"type": "Polygon", "coordinates": [[[-73.9904, 4.4183], [-73.9916, 4.355], [-74.0431, 4.2968], [-74.1104, 4.1815], [-74.152, 4.2559], [-74.119, 4.3104], [-73.9904, 4.4183]]]}}, {"type": "Feature", "id": "25851", "properties": {"daneCode": "25851", "name": "Í", "dptoCode": "25", "dptoName": "Í"}, "geometry": {"type": "Polygon", "coordinates": [[[-74.4568, 5.2524], [-74.447, 5.1248], [-74.4507, 5.1235], [-74.5254, 5.1347], [-74.5144, 5.1942], [-74.4923, 5.2561], [-74.4568, 5.2524]]]}}, {"type": "Feature", "id": "25862", "properties": {"daneCode": "25862", "name": "Í", "dptoCode": "25", "dptoName": "Í"}, "geometry": {"type": "Polygon", "coordinates": [[[-74.3001, 5.1929], [-74.2267, 5.1186], [-74.3038, 5.0739], [-74.3417, 5.0516], [-74.3748, 5.1049], [-74.3405, 5.2004], [-74.3001, 5.1929]]]}}, {"type": "Feature", "id": "25867", "properties": {"daneCode": "25867", "name": "Í", "dptoCode": "25", "dptoName": "Í"}, "geometry": {"type": "Polygon", "coordinates": [[[-74.5168, 4.9438], [-74.5596, 4.7963], [-74.5633, 4.7963], [-74.5768, 4.8893], [-74.5523, 4.9649], [-74.5352, 4.9661], [-74.5168, 4.9438]]]}}, {"type": "Feature", "id": "25871", "properties": {"daneCode": "25871", "name": "Í", "dptoCode": "25", "dptoName": "Í"}, "geometry": {"type": "Polygon", "coordinates": [[[-74.174, 5.297], [-74.1373, 5.2351], [-74.2059, 5.2239], [-74.2132, 5.2958], [-74.2206, 5.3417], [-74.174, 5.297]]]}}, {"type": "Feature", "id": "25873", "properties": {"daneCode": "25873", "name": "Í", "dptoCode": "25", "dptoName": "Í"}, "geometry": {"type": "Polygon", "coordinates": [[[-73.5485, 5.2995], [-73.5142, 5.2326], [-73.4775, 5.1483], [-73.4922, 5.1285], [-73.5363, 5.1322], [-73.6268, 5.188], [-73.6623, 5.2425], [-73.5962, 5.3652], [-73.5485, 5.2995]]]}}, {"type": "Feature", "id": "25875", "properties": {"daneCode": "25875", "name": "Í", "dptoCode": "25", "dptoName": "Í"}, "geometry": {"type": "Polygon", "coordinates": [[[-74.4274, 5.0653], [-74.4127, 5.0206], [-74.4801, 4.9525], [-74.4825, 4.9388], [-74.5046, 4.9438], [-74.5168, 4.9438], [-74.5352, 4.9661], [-74.5413, 5.0653], [-74.4482, 5.0727], [-74.4274, 5.0653]]]}}, {"type": "Feature", "id": "25878", "properties": {"daneCode": "25878", "name": "Í", "dptoCode": "25", "dptoName": "Í"}, "geometry": {"type": "Polygon", "coordinates": [[[-74.3944, 4.5001], [-74.3981, 4.4914], [-74.4519, 4.386], [-74.4984, 4.355], [-74.5486, 4.3637], [-74.5621, 4.4468], [-74.5021, 4.484], [-74.4691, 4.4963], [-74.3944, 4.5001]]]}}, {"type": "Feature", "id": "25885", "properties": {"daneCode": "25885", "name": "Í", "dptoCode": "25", "dptoName": "Í"}, "geometry": {"type": "Polygon", "coordinates": [[[-74.2965, 5.7643], [-74.2805, 5.6986], [-74.3062, 5.6379], [-74.2916, 5.5697], [-74.2401, 5.5387], [-74.2548, 5.4978], [-74.2157, 5.4978], [-74.1777, 5.4594], [-74.234, 5.3974], [-74.3062, 5.3888], [-74.365, 5.4185], [-74.4225, 5.4433], [-74.4531, 5.5549], [-74.5401, 5.5549], [-74.4874, 5.6466], [-74.4862, 5.7705], [-74.4323, 5.7581], [-74.3344, 5.8275], [-74.2965, 5.7643]]]}}, {"type": "Feature", "id": "25898", "properties": {"daneCode": "25898", "name": "Í", "dptoCode": "25", "dptoName": "Í"}, "geometry": {"type": "Polygon", "coordinates": [[[-74.3466, 4.7628], [-74.3981, 4.717], [-74.4372, 4.7133], [-74.4066, 4.7827], [-74.3944, 4.8037], [-74.3466, 4.7628]]]}}, {"type": "Feature", "id": "25899", "properties": {"daneCode": "25899", "name": "Í", "dptoCode": "25", "dptoName": "Í"}, "geometry": {"type": "Polygon", "coordinates": [[[-74.0455, 5.1582], [-74.0076, 5.1272], [-74.0137, 5.0491], [-73.9353, 5.043], [-73.9121, 5.0281], [-73.9916, 4.9723], [-73.9978, 4.9735], [-74.0333, 4.9636], [-74.0871, 5.0107], [-74.0932, 5.0665], [-74.0455, 5.1582]]]}}, {"type": "Feature", "id": "25001", "properties": {"daneCode": "25001", "name": "Í", "dptoCode": "25", "dptoName": "Í"}, "geometry": {"type": "Polygon", "coordinates": [[[-74.5976, 4.3588], [-74.6649, 4.3402], [-74.7359, 4.3811], [-74.6772, 4.4158], [-74.5976, 4.3588]]]}}, {"type": "Feature", "id": "54001", "properties": {"daneCode": "54001", "name": "Í", "dptoCode": "54", "dptoName": "Í"}, "geometry": {"type": "Polygon", "coordinates": [[[-72.4725, 8.4304], [-72.4272, 8.3808], [-72.4394, 8.3325], [-72.3868, 8.278], [-72.3537, 8.1565], [-72.3733, 8.1044], [-72.3464, 8.0375], [-72.4872, 7.9458], [-72.4602, 7.9012], [-72.4872, 7.8578], [-72.5325, 7.7549], [-72.5753, 7.7214], [-72.5814, 7.7611], [-72.5643, 7.7871], [-72.5875, 7.9185], [-72.5973, 7.9669], [-72.5777, 8.1082], [-72.5288, 8.1639], [-72.5594, 8.2135], [-72.5471, 8.2866], [-72.6071, 8.2829], [-72.6035, 8.3226], [-72.4725, 8.4304]]]}}, {"type": "Feature", "id": "54003", "properties": {"daneCode": "54003", "name": "Í", "dptoCode": "54", "dptoName": "Í"}, "geometry": {"type": "Polygon", "coordinates": [[[-72.9903, 8.2854], [-72.9621, 8.1875], [-73.0148, 8.1491], [-73.0025, 8.0995], [-73.0282, 8.0425], [-73.0821, 8.0276], [-73.0454, 7.8677], [-73.0711, 7.7871], [-73.1531, 7.8094], [-73.349, 7.8293], [-73.3514, 7.8925], [-73.2792, 7.9359], [-73.2975, 7.9842], [-73.3098, 8.0152], [-73.3257, 8.0908], [-73.2841, 8.1243], [-73.2731, 8.1912], [-73.049, 8.2309], [-73.0552, 8.2854], [-72.9903, 8.2854]]]}}, {"type": "Feature", "id": "54051", "properties": {"daneCode": "54051", "name": "Í", "dptoCode": "54", "dptoName": "Í"}, "geometry": {"type": "Polygon", "coordinates": [[[-72.6965, 7.6334], [-72.743, 7.6235], [-72.7993, 7.6396], [-72.8446, 7.5851], [-72.836, 7.5392], [-72.896, 7.4674], [-72.978, 7.5293], [-72.9829, 7.6198], [-72.9536, 7.6669], [-72.8617, 7.6756], [-72.8397, 7.709], [-72.7467, 7.7165], [-72.7246, 7.7462], [-72.6965, 7.6334]]]}}, {"type": "Feature", "id": "54099", "properties": {"daneCode": "54099", "name": "Í", "dptoCode": "54", "dptoName": "Í"}, "geometry": {"type": "Polygon", "coordinates": [[[-72.5814, 7.7611], [-72.5753, 7.7214], [-72.5863, 7.7016], [-72.6292, 7.6421], [-72.6365, 7.5665], [-72.7075, 7.5256], [-72.743, 7.6235], [-72.6965, 7.6334], [-72.6463, 7.6805], [-72.6194, 7.7537], [-72.5814, 7.7611]]]}}, {"type": "Feature", "id": "54109", "properties": {"daneCode": "54109", "name": "Í", "dptoCode": "54", "dptoName": "Í"}, "geometry": {"type": "Polygon", "coordinates": [[[-72.8556, 8.0264], [-72.874, 7.9978], [-72.9695, 8.0226], [-73.0025, 8.0995], [-73.0148, 8.1491], [-72.9621, 8.1875], [-72.8752, 8.128], [-72.8397, 8.0772], [-72.8556, 8.0264]]]}}, {"type": "Feature", "id": "54125", "properties": {"daneCode": "54125", "name": "Í", "dptoCode": "54", "dptoName": "Í"}, "geometry": {"type": "Polygon", "coordinates": [[[-72.5802, 7.2641], [-72.6512, 7.191], [-72.6989, 7.2455], [-72.7259, 7.2566], [-72.7026, 7.3236], [-72.6157, 7.3298], [-72.5802, 7.2641]]]}}, {"type": "Feature", "id": "54128", "properties": {"daneCode": "54128", "name": "Í", "dptoCode": "54", "dptoName": "Í"}, "geometry": {"type": "Polygon", "coordinates": [[[-72.9989, 7.7648], [-72.9536, 7.6669], [-72.9829, 7.6198], [-73.049, 7.6062], [-73.218, 7.6322], [-73.2816, 7.5479], [-73.3698, 7.564], [-73.2755, 7.6545], [-73.2669, 7.7004], [-73.1776, 7.7376], [-73.1531, 7.8094], [-73.0711, 7.7871], [-73.0454, 7.8677], [-72.9989, 7.7648]]]}}, {"type": "Feature", "id": "54172", "properties": {"daneCode": "54172", "name": "Í", "dptoCode": "54", "dptoName": "Í"}, "geometry": {"type": "Polygon", "coordinates": [[[-72.5276, 7.6372], [-72.5471, 7.5504], [-72.5349, 7.4897], [-72.5777, 7.455], [-72.6365, 7.5665], [-72.6292, 7.6421], [-72.5863, 7.7016], [-72.5276, 7.6372]]]}}, {"type": "Feature", "id": "54223", "properties": {"daneCode": "54223", "name": "Í", "dptoCode": "54", "dptoName": "Í"}, "geometry": {"type": "Polygon", "coordinates": [[[-72.743, 7.6235], [-72.7075, 7.5256], [-72.6904, 7.4723], [-72.7393, 7.4649], [-72.8177, 7.3719], [-72.8385, 7.3595], [-72.863, 7.3831], [-72.896, 7.4674], [-72.836, 7.5392], [-72.8446, 7.5851], [-72.7993, 7.6396], [-72.743, 7.6235]]]}}, {"type": "Feature", "id": "54239", "properties": {"daneCode": "54239", "name": "Í", "dptoCode": "54", "dptoName": "Í"}, "geometry": {"type": "Polygon", "coordinates": [[[-72.6194, 7.7537], [-72.6463, 7.6805], [-72.6965, 7.6334], [-72.7246, 7.7462], [-72.71, 7.8008], [-72.6598, 7.833], [-72.6194, 7.7537]]]}}, {"type": "Feature", "id": "54261", "properties": {"daneCode": "54261", "name": "Í", "dptoCode": "54", "dptoName": "Í"}, "geometry": {"type": "Polygon", "coordinates": [[[-72.5875, 7.9185], [-72.6561, 7.9061], [-72.6904, 7.9743], [-72.7601, 7.9693], [-72.754, 8.0177], [-72.6524, 8.1491], [-72.6487, 8.221], [-72.6071, 8.2829], [-72.5471, 8.2866], [-72.5594, 8.2135], [-72.5288, 8.1639], [-72.5777, 8.1082], [-72.5973, 7.9669], [-72.5875, 7.9185]]]}}, {"type": "Feature", "id": "54313", "properties": {"daneCode": "54313", "name": "Í", "dptoCode": "54", "dptoName": "Í"}, "geometry": {"type": "Polygon", "coordinates": [[[-72.7601, 7.9693], [-72.7601, 7.8479], [-72.8348, 7.8516], [-72.9009, 7.9024], [-72.896, 7.9049], [-72.8177, 7.9235], [-72.7944, 8.0053], [-72.754, 8.0177], [-72.7601, 7.9693]]]}}, {"type": "Feature", "id": "54344", "properties": {"daneCode": "54344", "name": "Í", "dptoCode": "54", "dptoName": "Í"}, "geometry": {"type": "Polygon", "coordinates": [[[-72.9682, 8.4329], [-72.9952, 8.3908], [-72.9903, 8.2854], [-73.0552, 8.2854], [-73.1127, 8.2433], [-73.1837, 8.3114], [-73.1849, 8.3697], [-73.1617, 8.4354], [-73.1017, 8.4205], [-73.0503, 8.4874], [-72.9682, 8.4329]]]}}, {"type": "Feature", "id": "54347", "properties": {"daneCode": "54347", "name": "Í", "dptoCode": "54", "dptoName": "Í"}, "geometry": {"type": "Polygon", "coordinates": [[[-72.4553, 7.5529], [-72.4786, 7.4983], [-72.4162, 7.4004], [-72.4541, 7.4066], [-72.5349, 7.4897], [-72.5471, 7.5504], [-72.4553, 7.5529]]]}}, {"type": "Feature", "id": "54377", "properties": {"daneCode": "54377", "name": "Í", "dptoCode": "54", "dptoName": "Í"}, "geometry": {"type": "Polygon", "coordinates": [[[-72.481, 7.1587], [-72.5765, 7.1649], [-72.5777, 7.2628], [-72.5777, 7.3893], [-72.5692, 7.393], [-72.5067, 7.3831], [-72.4908, 7.2913], [-72.4455, 7.2294], [-72.481, 7.1587]]]}}, {"type": "Feature", "id": "54385", "properties": {"daneCode": "54385", "name": "Í", "dptoCode": "54", "dptoName": "Í"}, "geometry": {"type": "Polygon", "coordinates": [[[-73.1531, 7.8094], [-73.1776, 7.7376], [-73.2669, 7.7004], [-73.2755, 7.6545], [-73.3698, 7.564], [-73.4628, 7.5752], [-73.633, 7.7487], [-73.5803, 7.7388], [-73.4812, 7.6768], [-73.4114, 7.7165], [-73.349, 7.8293], [-73.1531, 7.8094]]]}}, {"type": "Feature", "id": "54398", "properties": {"daneCode": "54398", "name": "Í", "dptoCode": "54", "dptoName": "Í"}, "geometry": {"type": "Polygon", "coordinates": [[[-73.0552, 8.2854], [-73.049, 8.2309], [-73.2731, 8.1912], [-73.2694, 8.3238], [-73.1849, 8.3697], [-73.1837, 8.3114], [-73.1127, 8.2433], [-73.0552, 8.2854]]]}}, {"type": "Feature", "id": "54405", "properties": {"daneCode": "54405", "name": "Í", "dptoCode": "54", "dptoName": "Í"}, "geometry": {"type": "Polygon", "coordinates": [[[-72.4872, 7.8578], [-72.4884, 7.7561], [-72.5214, 7.6483], [-72.5276, 7.6372], [-72.5863, 7.7016], [-72.5753, 7.7214], [-72.5325, 7.7549], [-72.4872, 7.8578]]]}}, {"type": "Feature", "id": "54418", "properties": {"daneCode": "54418", "name": "Í", "dptoCode": "54", "dptoName": "Í"}, "geometry": {"type": "Polygon", "coordinates": [[[-72.7944, 8.0053], [-72.8177, 7.9235], [-72.896, 7.9049], [-72.874, 7.9978], [-72.8556, 8.0264], [-72.7944, 8.0053]]]}}, {"type": "Feature", "id": "54480", "properties": {"daneCode": "54480", "name": "Í", "dptoCode": "54", "dptoName": "Í"}, "geometry": {"type": "Polygon", "coordinates": [[[-72.7026, 7.3236], [-72.7259, 7.2566], [-72.8336, 7.3037], [-72.8385, 7.3595], [-72.8177, 7.3719], [-72.7197, 7.3756], [-72.7026, 7.3236]]]}}, {"type": "Feature", "id": "54498", "properties": {"daneCode": "54498", "name": "Í", "dptoCode": "54", "dptoName": "Í"}, "geometry": {"type": "MultiPolygon", "coordinates": [[[[-73.2743, 8.3895], [-73.2694, 8.3238], [-73.2731, 8.1912], [-73.2841, 8.1243], [-73.3257, 8.0908], [-73.3098, 8.0152], [-73.3661, 8.0226], [-73.393, 8.1131], [-73.4322, 8.1404], [-73.4053, 8.2457], [-73.3612, 8.3275], [-73.349, 8.392], [-73.3245, 8.4069], [-73.2743, 8.3895]]], [[[-73.4114, 8.3697], [-73.4567, 8.361], [-73.4922, 8.4217], [-73.4102, 8.4304], [-73.4114, 8.3697]]]]}}, {"type": "Feature", "id": "54518", "properties": {"daneCode": "54518", "name": "Í", "dptoCode": "54", "dptoName": "Í"}, "geometry": {"type": "Polygon", "coordinates": [[[-72.6904, 7.4723], [-72.6463, 7.4017], [-72.5777, 7.3893], [-72.5777, 7.2628], [-72.5802, 7.2641], [-72.6157, 7.3298], [-72.7026, 7.3236], [-72.7197, 7.3756], [-72.8177, 7.3719], [-72.7393, 7.4649], [-72.6904, 7.4723]]]}}, {"type": "Feature", "id": "54520", "properties": {"daneCode": "54520", "name": "Í", "dptoCode": "54", "dptoName": "Í"}, "geometry": {"type": "Polygon", "coordinates": [[[-72.5777, 7.455], [-72.5692, 7.393], [-72.5777, 7.3893], [-72.6463, 7.4017], [-72.6904, 7.4723], [-72.7075, 7.5256], [-72.6365, 7.5665], [-72.5777, 7.455]]]}}, {"type": "Feature", "id": "54553", "properties": {"daneCode": "54553", "name": "Í", "dptoCode": "54", "dptoName": "Í"}, "geometry": {"type": "Polygon", "coordinates": [[[-72.3868, 8.278], [-72.4394, 8.3325], [-72.4272, 8.3808], [-72.3892, 8.3486], [-72.3868, 8.278]]]}}, {"type": "Feature", "id": "54599", "properties": {"daneCode": "54599", "name": "Í", "dptoCode": "54", "dptoName": "Í"}, "geometry": {"type": "Polygon", "coordinates": [[[-72.4749, 7.6582], [-72.4553, 7.5529], [-72.5471, 7.5504], [-72.5276, 7.6372], [-72.5214, 7.6483], [-72.4749, 7.6582]]]}}, {"type": "Feature", "id": "54660", "properties": {"daneCode": "54660", "name": "Í", "dptoCode": "54", "dptoName": "Í"}, "geometry": {"type": "Polygon", "coordinates": [[[-72.7601, 7.8479], [-72.71, 7.8008], [-72.7246, 7.7462], [-72.7467, 7.7165], [-72.8397, 7.709], [-72.8617, 7.6756], [-72.9536, 7.6669], [-72.9989, 7.7648], [-72.9009, 7.9024], [-72.8348, 7.8516], [-72.7601, 7.8479]]]}}, {"type": "Feature", "id": "54670", "properties": {"daneCode": "54670", "name": "Í", "dptoCode": "54", "dptoName": "Í"}, "geometry": {"type": "Polygon", "coordinates": [[[-73.016, 8.5457], [-72.9695, 8.4651], [-72.9682, 8.4329], [-73.0503, 8.4874], [-73.1017, 8.4205], [-73.1617, 8.4354], [-73.1849, 8.3697], [-73.2694, 8.3238], [-73.2743, 8.3895], [-73.2718, 8.454], [-73.2216, 8.5271], [-73.158, 8.573], [-73.0821, 8.5035], [-73.016, 8.5457]]]}}, {"type": "Feature", "id": "54673", "properties": {"daneCode": "54673", "name": "Í", "dptoCode": "54", "dptoName": "Í"}, "geometry": {"type": "Polygon", "coordinates": [[[-72.5875, 7.9185], [-72.5643, 7.7871], [-72.5814, 7.7611], [-72.6194, 7.7537], [-72.6598, 7.833], [-72.6561, 7.9061], [-72.5875, 7.9185]]]}}, {"type": "Feature", "id": "54680", "properties": {"daneCode": "54680", "name": "Í", "dptoCode": "54", "dptoName": "Í"}, "geometry": {"type": "Polygon", "coordinates": [[[-72.6561, 7.9061], [-72.6598, 7.833], [-72.71, 7.8008], [-72.7601, 7.8479], [-72.7601, 7.9693], [-72.6904, 7.9743], [-72.6561, 7.9061]]]}}, {"type": "Feature", "id": "54720", "properties": {"daneCode": "54720", "name": "Í", "dptoCode": "54", "dptoName": "Í"}, "geometry": {"type": "Polygon", "coordinates": [[[-72.6035, 8.3226], [-72.6071, 8.2829], [-72.6487, 8.221], [-72.6524, 8.1491], [-72.754, 8.0177], [-72.7944, 8.0053], [-72.8556, 8.0264], [-72.8397, 8.0772], [-72.8752, 8.128], [-72.9621, 8.1875], [-72.9903, 8.2854], [-72.9952, 8.3908], [-72.9682, 8.4329], [-72.9695, 8.4651], [-72.9438, 8.511], [-72.8311, 8.4155], [-72.6965, 8.4379], [-72.6035, 8.3226]]]}}, {"type": "Feature", "id": "54743", "properties": {"daneCode": "54743", "name": "Í", "dptoCode": "54", "dptoName": "Í"}, "geometry": {"type": "Polygon", "coordinates": [[[-72.7259, 7.2566], [-72.6989, 7.2455], [-72.7503, 7.0596], [-72.8189, 7.072], [-72.8483, 7.1377], [-72.8409, 7.1947], [-72.8764, 7.2641], [-72.8336, 7.3037], [-72.7259, 7.2566]]]}}, {"type": "Feature", "id": "54871", "properties": {"daneCode": "54871", "name": "Í", "dptoCode": "54", "dptoName": "Í"}, "geometry": {"type": "Polygon", "coordinates": [[[-72.874, 7.9978], [-72.896, 7.9049], [-72.9009, 7.9024], [-72.9989, 7.7648], [-73.0454, 7.8677], [-73.0821, 8.0276], [-73.0282, 8.0425], [-73.0025, 8.0995], [-72.9695, 8.0226], [-72.874, 7.9978]]]}}, {"type": "Feature", "id": "54874", "properties": {"daneCode": "54874", "name": "Í", "dptoCode": "54", "dptoName": "Í"}, "geometry": {"type": "Polygon", "coordinates": [[[-72.4749, 7.6582], [-72.5214, 7.6483], [-72.4884, 7.7561], [-72.4872, 7.8578], [-72.4602, 7.9012], [-72.4749, 7.6582]]]}}, {"type": "Feature", "id": "54174", "properties": {"daneCode": "54174", "name": "Í", "dptoCode": "54", "dptoName": "Í"}, "geometry": {"type": "Polygon", "coordinates": [[[-72.481, 7.1587], [-72.3733, 7.1104], [-72.2901, 6.9964], [-72.3133, 6.9319], [-72.3929, 6.8724], [-72.5031, 6.9084], [-72.5471, 6.886], [-72.5533, 6.9852], [-72.7222, 7.005], [-72.7344, 6.9864], [-72.7503, 7.0596], [-72.6989, 7.2455], [-72.6512, 7.191], [-72.5802, 7.2641], [-72.5777, 7.2628], [-72.5765, 7.1649], [-72.481, 7.1587]]]}}, {"type": "Feature", "id": "54206", "properties": {"daneCode": "54206", "name": "Í", "dptoCode": "54", "dptoName": "Í"}, "geometry": {"type": "Polygon", "coordinates": [[[-72.9854, 9.1456], [-73.0025, 9.0749], [-73.1029, 9.0489], [-73.1482, 8.9733], [-73.1054, 8.9324], [-73.2106, 8.8109], [-73.2474, 8.7267], [-73.24, 8.6696], [-73.2988, 8.625], [-73.3159, 8.5655], [-73.2853, 8.4899], [-73.3245, 8.4069], [-73.349, 8.392], [-73.3428, 8.4366], [-73.4138, 8.4589], [-73.4065, 8.5469], [-73.2804, 8.7415], [-73.3, 8.8023], [-73.2388, 8.8543], [-73.2523, 9.0043], [-73.1409, 9.1146], [-73.0637, 9.1369], [-73.0711, 9.2212], [-73.0037, 9.2745], [-72.9646, 9.2001], [-72.9854, 9.1456]]]}}, {"type": "Feature", "id": "54245", "properties": {"daneCode": "54245", "name": "Í", "dptoCode": "54", "dptoName": "Í"}, "geometry": {"type": "Polygon", "coordinates": [[[-73.0037, 9.2745], [-73.0711, 9.2212], [-73.0637, 9.1369], [-73.1409, 9.1146], [-73.2523, 9.0043], [-73.2388, 8.8543], [-73.3, 8.8023], [-73.2804, 8.7415], [-73.4065, 8.5469], [-73.4138, 8.4589], [-73.4102, 8.4304], [-73.4922, 8.4217], [-73.5767, 8.506], [-73.5314, 8.5283], [-73.5522, 8.6064], [-73.4628, 8.7452], [-73.4285, 8.8233], [-73.4469, 8.8704], [-73.4261, 8.9002], [-73.4359, 8.9993], [-73.4114, 9.0539], [-73.4249, 9.122], [-73.3685, 9.1729], [-73.2523, 9.158], [-73.1764, 9.1766], [-73.0699, 9.2646], [-73.0037, 9.2745]]]}}, {"type": "Feature", "id": "54800", "properties": {"daneCode": "54800", "name": "Í", "dptoCode": "54", "dptoName": "Í"}, "geometry": {"type": "Polygon", "coordinates": [[[-72.9854, 9.1456], [-72.9474, 9.0923], [-73.065, 8.9832], [-73.0601, 8.8667], [-73.0564, 8.7651], [-73.1482, 8.6758], [-73.158, 8.573], [-73.2216, 8.5271], [-73.2718, 8.454], [-73.2743, 8.3895], [-73.3245, 8.4069], [-73.2853, 8.4899], [-73.3159, 8.5655], [-73.2988, 8.625], [-73.24, 8.6696], [-73.2474, 8.7267], [-73.2106, 8.8109], [-73.1054, 8.9324], [-73.1482, 8.9733], [-73.1029, 9.0489], [-73.0025, 9.0749], [-72.9854, 9.1456]]]}}, {"type": "Feature", "id": "54810", "properties": {"daneCode": "54810", "name": "Í", "dptoCode": "54", "dptoName": "Í"}, "geometry": {"type": "Polygon", "coordinates": [[[-72.4725, 8.4304], [-72.6035, 8.3226], [-72.6965, 8.4379], [-72.8311, 8.4155], [-72.9438, 8.511], [-72.9695, 8.4651], [-73.016, 8.5457], [-72.9058, 8.6027], [-72.9168, 8.7093], [-72.9597, 8.7638], [-72.9474, 8.8382], [-72.9756, 8.8841], [-73.0601, 8.8667], [-73.065, 8.9832], [-72.9474, 9.0923], [-72.8826, 9.1307], [-72.7663, 9.0997], [-72.7197, 8.9411], [-72.6549, 8.6151], [-72.6169, 8.5953], [-72.4725, 8.4304]]]}}, {"type": "Feature", "id": "54820", "properties": {"daneCode": "54820", "name": "Í", "dptoCode": "54", "dptoName": "Í"}, "geometry": {"type": "Polygon", "coordinates": [[[-72.4162, 7.4004], [-72.2558, 7.3781], [-72.1983, 7.3868], [-72.1542, 7.3285], [-72.1701, 7.2517], [-72.0477, 7.0385], [-72.1995, 7.041], [-72.2203, 6.9864], [-72.2901, 6.9964], [-72.3733, 7.1104], [-72.481, 7.1587], [-72.4455, 7.2294], [-72.4908, 7.2913], [-72.5067, 7.3831], [-72.5692, 7.393], [-72.5777, 7.455], [-72.5349, 7.4897], [-72.4541, 7.4066], [-72.4162, 7.4004]]]}}, {"type": "Feature", "id": "54250", "properties": {"daneCode": "54250", "name": "Í", "dptoCode": "54", "dptoName": "Í"}, "geometry": {"type": "Polygon", "coordinates": [[[-73.016, 8.5457], [-73.0821, 8.5035], [-73.158, 8.573], [-73.1482, 8.6758], [-73.0564, 8.7651], [-73.0601, 8.8667], [-72.9756, 8.8841], [-72.9474, 8.8382], [-72.9597, 8.7638], [-72.9168, 8.7093], [-72.9058, 8.6027], [-73.016, 8.5457]]]}}, {"type": "Feature", "id": "11001", "properties": {"daneCode": "11001", "name": "Í", "dptoCode": "11", "dptoName": "Í"}, "geometry": {"type": "Polygon", "coordinates": [[[-74.0063, 4.8236], [-74.0076, 4.6649], [-73.988, 4.6314], [-74.0051, 4.5608], [-74.0479, 4.5125], [-74.1165, 4.4046], [-74.119, 4.3104], [-74.152, 4.2559], [-74.1104, 4.1815], [-74.1251, 4.0551], [-74.1508, 4.0043], [-74.2022, 4.0142], [-74.3981, 3.7452], [-74.4164, 3.7403], [-74.4397, 3.7304], [-74.3601, 3.9138], [-74.365, 4.0353], [-74.3246, 4.127], [-74.245, 4.1034], [-74.2401, 4.1865], [-74.2377, 4.1952], [-74.2144, 4.3811], [-74.1777, 4.4864], [-74.1838, 4.5967], [-74.223, 4.629], [-74.1728, 4.6959], [-74.1569, 4.7256], [-74.0822, 4.8347], [-74.0063, 4.8236]]]}}, {"type": "Feature", "id": "50001", "properties": {"daneCode": "50001", "name": "Í", "dptoCode": "50", "dptoName": "Í"}, "geometry": {"type": "Polygon", "coordinates": [[[-73.6281, 4.2869], [-73.5889, 4.1927], [-73.3991, 4.1307], [-73.2608, 4.1295], [-73.1751, 4.0402], [-73.1751, 3.9349], [-73.2425, 3.9696], [-73.2902, 3.9497], [-73.4163, 3.9844], [-73.5767, 4.0179], [-73.7505, 4.0328], [-73.7664, 4.1183], [-73.7431, 4.1989], [-73.7639, 4.2807], [-73.6281, 4.2869]]]}}, {"type": "Feature", "id": "50006", "properties": {"daneCode": "50006", "name": "Í", "dptoCode": "50", "dptoName": "Í"}, "geometry": {"type": "Polygon", "coordinates": [[[-73.7431, 4.1989], [-73.7664, 4.1183], [-73.7505, 4.0328], [-73.5767, 4.0179], [-73.4163, 3.9844], [-73.4579, 3.8555], [-73.5485, 3.8754], [-73.6513, 3.8741], [-73.7284, 3.9212], [-73.8007, 3.9262], [-73.8778, 3.9832], [-74.0333, 4.0675], [-73.9561, 4.0997], [-73.9329, 4.1493], [-73.8962, 4.1431], [-73.8141, 4.2014], [-73.7431, 4.1989]]]}}, {"type": "Feature", "id": "50110", "properties": {"daneCode": "50110", "name": "Í", "dptoCode": "50", "dptoName": "Í"}, "geometry": {"type": "Polygon", "coordinates": [[[-72.8434, 4.4331], [-72.994, 4.4381], [-73.0919, 4.4753], [-73.0527, 4.7368], [-73.0405, 4.6773], [-72.9682, 4.5992], [-72.8972, 4.4753], [-72.8434, 4.4331]]]}}, {"type": "Feature", "id": "50124", "properties": {"daneCode": "50124", "name": "Í", "dptoCode": "50", "dptoName": "Í"}, "geometry": {"type": "Polygon", "coordinates": [[[-72.8434, 4.4331], [-72.7932, 4.3997], [-72.7393, 4.3092], [-72.8471, 4.2608], [-72.874, 4.2088], [-72.945, 4.1518], [-73.0441, 4.1766], [-73.0576, 4.2261], [-73.1249, 4.2571], [-73.0919, 4.4753], [-72.994, 4.4381], [-72.8434, 4.4331]]]}}, {"type": "Feature", "id": "50150", "properties": {"daneCode": "50150", "name": "Í", "dptoCode": "50", "dptoName": "Í"}, "geometry": {"type": "Polygon", "coordinates": [[[-73.4579, 3.8555], [-73.3894, 3.8667], [-73.3575, 3.7105], [-73.5399, 3.7328], [-73.7187, 3.806], [-73.7284, 3.9212], [-73.6513, 3.8741], [-73.5485, 3.8754], [-73.4579, 3.8555]]]}}, {"type": "Feature", "id": "50223", "properties": {"daneCode": "50223", "name": "Í", "dptoCode": "50", "dptoName": "Í"}, "geometry": {"type": "Polygon", "coordinates": [[[-73.7493, 3.8109], [-73.7872, 3.7242], [-73.8411, 3.7675], [-73.8888, 3.7316], [-73.9329, 3.7514], [-74.0039, 3.7043], [-74.0431, 3.7142], [-74.0908, 3.7799], [-74.2352, 3.7861], [-74.2952, 3.7167], [-74.3981, 3.7452], [-74.2022, 4.0142], [-74.163, 3.9373], [-73.8827, 3.884], [-73.857, 3.8915], [-73.7493, 3.8109]]]}}, {"type": "Feature", "id": "50226", "properties": {"daneCode": "50226", "name": "Í", "dptoCode": "50", "dptoName": "Í"}, "geometry": {"type": "Polygon", "coordinates": [[[-73.4273, 4.3067], [-73.3539, 4.3216], [-73.1249, 4.2571], [-73.0576, 4.2261], [-73.0441, 4.1766], [-73.1102, 4.1654], [-73.2327, 4.1828], [-73.2792, 4.1592], [-73.4249, 4.1555], [-73.5742, 4.3203], [-73.5718, 4.3736], [-73.5509, 4.3079], [-73.4726, 4.2757], [-73.4273, 4.3067]]]}}, {"type": "Feature", "id": "50245", "properties": {"daneCode": "50245", "name": "Í", "dptoCode": "50", "dptoName": "Í"}, "geometry": {"type": "Polygon", "coordinates": [[[-73.633, 4.3972], [-73.5999, 4.3402], [-73.6281, 4.2869], [-73.7639, 4.2807], [-73.7921, 4.3526], [-73.8092, 4.3959], [-73.7456, 4.4554], [-73.737, 4.4158], [-73.633, 4.3972]]]}}, {"type": "Feature", "id": "50251", "properties": {"daneCode": "50251", "name": "Í", "dptoCode": "50", "dptoName": "Í"}, "geometry": {"type": "Polygon", "coordinates": [[[-73.8888, 3.7316], [-73.8962, 3.6932], [-73.7652, 3.6585], [-73.7468, 3.6188], [-73.7468, 3.5172], [-73.8815, 3.5085], [-73.9549, 3.5531], [-74.0247, 3.6337], [-74.0431, 3.7142], [-74.0039, 3.7043], [-73.9329, 3.7514], [-73.8888, 3.7316]]]}}, {"type": "Feature", "id": "50270", "properties": {"daneCode": "50270", "name": "Í", "dptoCode": "50", "dptoName": "Í"}, "geometry": {"type": "Polygon", "coordinates": [[[-73.7872, 3.7242], [-73.7652, 3.6585], [-73.8962, 3.6932], [-73.8888, 3.7316], [-73.8411, 3.7675], [-73.7872, 3.7242]]]}}, {"type": "Feature", "id": "50287", "properties": {"daneCode": "50287", "name": "Í", "dptoCode": "50", "dptoName": "Í"}, "geometry": {"type": "Polygon", "coordinates": [[[-73.4236, 3.3461], [-73.4983, 3.325], [-73.5546, 3.2693], [-73.5473, 3.2308], [-73.6525, 3.3102], [-73.7468, 3.361], [-73.6428, 3.5506], [-73.5167, 3.4056], [-73.4812, 3.4143], [-73.4236, 3.3461]]]}}, {"type": "Feature", "id": "50313", "properties": {"daneCode": "50313", "name": "Í", "dptoCode": "50", "dptoName": "Í"}, "geometry": {"type": "Polygon", "coordinates": [[[-73.6428, 3.5506], [-73.7468, 3.361], [-73.797, 3.4168], [-73.8668, 3.4465], [-73.8815, 3.5085], [-73.7468, 3.5172], [-73.7468, 3.6188], [-73.7125, 3.6461], [-73.6428, 3.5506]]]}}, {"type": "Feature", "id": "50318", "properties": {"daneCode": "50318", "name": "Í", "dptoCode": "50", "dptoName": "Í"}, "geometry": {"type": "Polygon", "coordinates": [[[-73.7284, 3.9212], [-73.7187, 3.806], [-73.7493, 3.8109], [-73.857, 3.8915], [-73.8827, 3.884], [-74.163, 3.9373], [-74.2022, 4.0142], [-74.1508, 4.0043], [-74.1006, 4.013], [-74.0333, 4.0675], [-73.8778, 3.9832], [-73.8007, 3.9262], [-73.7284, 3.9212]]]}}, {"type": "Feature", "id": "50330", "properties": {"daneCode": "50330", "name": "Í", "dptoCode": "50", "dptoName": "Í"}, "geometry": {"type": "Polygon", "coordinates": [[[-74.0516, 3.4552], [-74.0186, 3.4329], [-73.9806, 3.3052], [-73.9806, 3.2321], [-74.0406, 3.2445], [-74.0345, 3.154], [-73.9953, 3.0424], [-73.9916, 2.9706], [-74.0565, 2.8367], [-73.9782, 2.7896], [-73.9512, 2.6545], [-73.9721, 2.5702], [-74.0186, 2.6037], [-74.0626, 2.7189], [-74.1655, 2.8441], [-74.223, 3.0226], [-74.2279, 3.0784], [-74.2965, 3.3523], [-74.2989, 3.4515], [-74.2573, 3.5618], [-74.2524, 3.6448], [-74.2108, 3.5296], [-74.1349, 3.5581], [-74.1251, 3.4725], [-74.0516, 3.4552]]]}}, {"type": "Feature", "id": "50370", "properties": {"daneCode": "50370", "name": "Í", "dptoCode": "50", "dptoName": "Í"}, "geometry": {"type": "Polygon", "coordinates": [[[-74.2524, 3.6448], [-74.2573, 3.5618], [-74.2989, 3.4515], [-74.2965, 3.3523], [-74.2279, 3.0784], [-74.223, 3.0226], [-74.1655, 2.8441], [-74.0626, 2.7189], [-74.0186, 2.6037], [-73.9721, 2.5702], [-73.9341, 2.5392], [-74.0235, 2.5665], [-74.0675, 2.5454], [-74.1863, 2.569], [-74.3699, 2.5454], [-74.5021, 2.5107], [-74.5315, 2.5826], [-74.6, 2.6359], [-74.6368, 2.7103], [-74.6196, 2.7524], [-74.6637, 2.8032], [-74.671, 2.8875], [-74.7616, 2.8726], [-74.8033, 2.9359], [-74.8791, 2.9135], [-74.8987, 2.9644], [-74.8694, 2.973], [-74.7665, 3.097], [-74.6661, 3.2296], [-74.616, 3.3213], [-74.6392, 3.3684], [-74.616, 3.4601], [-74.5633, 3.5258], [-74.5021, 3.6473], [-74.4164, 3.7403], [-74.3981, 3.7452], [-74.2952, 3.7167], [-74.2352, 3.7861], [-74.2157, 3.744], [-74.2524, 3.6448]]]}}, {"type": "Feature", "id": "50400", "properties": {"daneCode": "50400", "name": "Í", "dptoCode": "50", "dptoName": "Í"}, "geometry": {"type": "Polygon", "coordinates": [[[-74.0431, 3.7142], [-74.0247, 3.6337], [-73.9549, 3.5531], [-73.8815, 3.5085], [-73.8668, 3.4465], [-73.9892, 3.4998], [-74.0516, 3.4552], [-74.1251, 3.4725], [-74.1349, 3.5581], [-74.2108, 3.5296], [-74.2524, 3.6448], [-74.2157, 3.744], [-74.2352, 3.7861], [-74.0908, 3.7799], [-74.0431, 3.7142]]]}}, {"type": "Feature", "id": "50450", "properties": {"daneCode": "50450", "name": "Í", "dptoCode": "50", "dptoName": "Í"}, "geometry": {"type": "Polygon", "coordinates": [[[-72.4357, 2.74], [-72.4859, 2.6855], [-72.5631, 2.6818], [-72.5998, 2.6148], [-72.7002, 2.6198], [-72.7357, 2.5714], [-72.8165, 2.6148], [-72.9217, 2.5603], [-72.9413, 2.5243], [-72.8201, 2.7958], [-72.8911, 2.8888], [-72.8446, 2.9073], [-72.814, 2.9879], [-72.7075, 2.9297], [-72.6647, 2.854], [-72.6071, 2.8293], [-72.5031, 2.7413], [-72.4357, 2.74]]]}}, {"type": "Feature", "id": "50573", "properties": {"daneCode": "50573", "name": "Í", "dptoCode": "50", "dptoName": "Í"}, "geometry": {"type": "Polygon", "coordinates": [[[-72.0734, 4.3922], [-72.1248, 4.3935], [-72.1603, 4.3427], [-72.2007, 4.1654], [-72.1983, 4.1109], [-72.1248, 4.0439], [-72.2007, 3.9522], [-72.2925, 3.8047], [-72.295, 3.7564], [-72.4614, 3.7204], [-72.6071, 3.7489], [-72.7369, 3.7192], [-72.7932, 3.6746], [-72.9719, 3.656], [-73.1629, 3.7304], [-73.1861, 3.7923], [-73.1164, 3.8469], [-73.1005, 3.9299], [-73.1751, 3.9349], [-73.1751, 4.0402], [-73.2608, 4.1295], [-73.1102, 4.1654], [-73.0441, 4.1766], [-72.945, 4.1518], [-72.874, 4.2088], [-72.8471, 4.2608], [-72.7393, 4.3092], [-72.6169, 4.3104], [-72.5545, 4.3365], [-72.4051, 4.3179], [-72.3035, 4.4071], [-72.2582, 4.4183], [-72.1579, 4.4418], [-72.0734, 4.3922]]]}}, {"type": "Feature", "id": "50577", "properties": {"daneCode": "50577", "name": "Í", "dptoCode": "50", "dptoName": "Í"}, "geometry": {"type": "Polygon", "coordinates": [[[-72.8777, 3.2643], [-72.9119, 3.1366], [-72.9009, 2.9706], [-72.9597, 3.0152], [-73.0503, 3.0189], [-73.1384, 3.092], [-73.2559, 3.0263], [-73.36, 2.9495], [-73.4212, 2.9272], [-73.4371, 3.0338], [-73.5179, 3.092], [-73.475, 3.123], [-73.4616, 3.1577], [-73.5473, 3.2308], [-73.5546, 3.2693], [-73.4983, 3.325], [-73.4236, 3.3461], [-73.3747, 3.4812], [-73.2792, 3.4688], [-73.2216, 3.3858], [-72.9903, 3.2457], [-72.8777, 3.2643]]]}}, {"type": "Feature", "id": "50590", "properties": {"daneCode": "50590", "name": "Í", "dptoCode": "50", "dptoName": "Í"}, "geometry": {"type": "Polygon", "coordinates": [[[-72.9009, 2.9706], [-72.8911, 2.8888], [-72.8201, 2.7958], [-72.9413, 2.5243], [-73.0123, 2.4339], [-73.0699, 2.4252], [-73.1874, 2.4574], [-73.3343, 2.5355], [-73.3539, 2.6086], [-73.3514, 2.7413], [-73.4775, 2.8144], [-73.5093, 2.8888], [-73.4212, 2.9272], [-73.36, 2.9495], [-73.2559, 3.0263], [-73.1384, 3.092], [-73.0503, 3.0189], [-72.9597, 3.0152], [-72.9009, 2.9706]]]}}, {"type": "Feature", "id": "50606", "properties": {"daneCode": "50606", "name": "Í", "dptoCode": "50", "dptoName": "Í"}, "geometry": {"type": "Polygon", "coordinates": [[[-73.5718, 4.3736], [-73.5742, 4.3203], [-73.4249, 4.1555], [-73.2792, 4.1592], [-73.2327, 4.1828], [-73.1102, 4.1654], [-73.2608, 4.1295], [-73.3991, 4.1307], [-73.5889, 4.1927], [-73.6281, 4.2869], [-73.5999, 4.3402], [-73.633, 4.3972], [-73.6024, 4.4616], [-73.5718, 4.3736]]]}}, {"type": "Feature", "id": "50680", "properties": {"daneCode": "50680", "name": "Í", "dptoCode": "50", "dptoName": "Í"}, "geometry": {"type": "Polygon", "coordinates": [[[-73.1751, 3.9349], [-73.1005, 3.9299], [-73.1164, 3.8469], [-73.1861, 3.7923], [-73.1629, 3.7304], [-73.2351, 3.7068], [-73.3575, 3.7105], [-73.3894, 3.8667], [-73.4579, 3.8555], [-73.4163, 3.9844], [-73.2902, 3.9497], [-73.2425, 3.9696], [-73.1751, 3.9349]]]}}, {"type": "Feature", "id": "50683", "properties": {"daneCode": "50683", "name": "Í", "dptoCode": "50", "dptoName": "Í"}, "geometry": {"type": "Polygon", "coordinates": [[[-73.8668, 3.4465], [-73.797, 3.4168], [-73.7468, 3.361], [-73.6525, 3.3102], [-73.5473, 3.2308], [-73.4616, 3.1577], [-73.475, 3.123], [-73.5877, 3.1627], [-73.6929, 3.1714], [-73.7958, 3.216], [-73.8631, 3.2135], [-73.9133, 3.1763], [-74.0345, 3.154], [-74.0406, 3.2445], [-73.9806, 3.2321], [-73.9806, 3.3052], [-74.0186, 3.4329], [-74.0516, 3.4552], [-73.9892, 3.4998], [-73.8668, 3.4465]]]}}, {"type": "Feature", "id": "50686", "properties": {"daneCode": "50686", "name": "Í", "dptoCode": "50", "dptoName": "Í"}, "geometry": {"type": "Polygon", "coordinates": [[[-73.5681, 4.5249], [-73.6024, 4.4616], [-73.633, 4.3972], [-73.737, 4.4158], [-73.7456, 4.4554], [-73.6685, 4.5397], [-73.6415, 4.5472], [-73.5681, 4.5249]]]}}, {"type": "Feature", "id": "50689", "properties": {"daneCode": "50689", "name": "Í", "dptoCode": "50", "dptoName": "Í"}, "geometry": {"type": "Polygon", "coordinates": [[[-73.7187, 3.806], [-73.5399, 3.7328], [-73.3575, 3.7105], [-73.2351, 3.7068], [-73.1629, 3.7304], [-72.9719, 3.656], [-72.7932, 3.6746], [-72.7369, 3.7192], [-72.6071, 3.7489], [-72.4614, 3.7204], [-72.295, 3.7564], [-72.3048, 3.6138], [-72.3501, 3.5705], [-72.4064, 3.4354], [-72.4321, 3.3796], [-72.5031, 3.3312], [-72.6463, 3.3213], [-72.7442, 3.2606], [-72.8777, 3.2643], [-72.9903, 3.2457], [-73.2216, 3.3858], [-73.2792, 3.4688], [-73.3747, 3.4812], [-73.4236, 3.3461], [-73.4812, 3.4143], [-73.5167, 3.4056], [-73.6428, 3.5506], [-73.7125, 3.6461], [-73.7468, 3.6188], [-73.7652, 3.6585], [-73.7872, 3.7242], [-73.7493, 3.8109], [-73.7187, 3.806]]]}}, {"type": "Feature", "id": "50711", "properties": {"daneCode": "50711", "name": "Í", "dptoCode": "50", "dptoName": "Í"}, "geometry": {"type": "Polygon", "coordinates": [[[-73.475, 3.123], [-73.5179, 3.092], [-73.4371, 3.0338], [-73.4212, 2.9272], [-73.5093, 2.8888], [-73.4775, 2.8144], [-73.3514, 2.7413], [-73.3539, 2.6086], [-73.3343, 2.5355], [-73.1874, 2.4574], [-73.0699, 2.4252], [-73.1531, 2.3669], [-73.24, 2.3892], [-73.2988, 2.3359], [-73.3906, 2.3521], [-73.4469, 2.3855], [-73.4444, 2.4475], [-73.5595, 2.6396], [-73.9341, 2.5392], [-73.9721, 2.5702], [-73.9512, 2.6545], [-73.9782, 2.7896], [-74.0565, 2.8367], [-73.9916, 2.9706], [-73.9953, 3.0424], [-74.0345, 3.154], [-73.9133, 3.1763], [-73.8631, 3.2135], [-73.7958, 3.216], [-73.6929, 3.1714], [-73.5877, 3.1627], [-73.475, 3.123]]]}}, {"type": "Feature", "id": "50350", "properties": {"daneCode": "50350", "name": "Í", "dptoCode": "50", "dptoName": "Í"}, "geometry": {"type": "Polygon", "coordinates": [[[-73.4469, 2.3855], [-73.5142, 2.3496], [-73.6317, 2.3533], [-73.6611, 2.2938], [-73.6611, 2.062], [-73.6599, 1.6121], [-73.7395, 1.6381], [-73.8582, 1.6084], [-73.9108, 1.6369], [-73.9941, 1.6394], [-74.1055, 1.6914], [-74.2071, 1.7162], [-74.3222, 1.7881], [-74.4703, 1.8067], [-74.5633, 1.8476], [-74.5609, 1.9629], [-74.6441, 2.0955], [-74.5939, 2.1352], [-74.6502, 2.243], [-74.7433, 2.2703], [-74.742, 2.3236], [-74.6723, 2.4487], [-74.6808, 2.5541], [-74.6, 2.6359], [-74.5315, 2.5826], [-74.5021, 2.5107], [-74.3699, 2.5454], [-74.1863, 2.569], [-74.0675, 2.5454], [-74.0235, 2.5665], [-73.9341, 2.5392], [-73.5595, 2.6396], [-73.4444, 2.4475], [-73.4469, 2.3855]]]}}, {"type": "Feature", "id": "50325", "properties": {"daneCode": "50325", "name": "Í", "dptoCode": "50", "dptoName": "Í"}, "geometry": {"type": "Polygon", "coordinates": [[[-71.0782, 3.356], [-71.0769, 2.8826], [-71.2777, 2.8677], [-71.3291, 2.8925], [-71.3891, 2.8454], [-71.4687, 2.8937], [-71.6523, 2.8206], [-71.7416, 2.8838], [-71.8579, 2.8429], [-72.0465, 2.8181], [-72.1126, 2.8751], [-72.2044, 2.859], [-72.2521, 2.8231], [-72.4357, 2.74], [-72.5031, 2.7413], [-72.6071, 2.8293], [-72.6647, 2.854], [-72.7075, 2.9297], [-72.814, 2.9879], [-72.8446, 2.9073], [-72.8911, 2.8888], [-72.9009, 2.9706], [-72.9119, 3.1366], [-72.8777, 3.2643], [-72.7442, 3.2606], [-72.6463, 3.3213], [-72.5031, 3.3312], [-72.4321, 3.3796], [-72.4064, 3.4354], [-72.3574, 3.3697], [-72.2399, 3.3697], [-72.1934, 3.2767], [-71.8947, 3.4069], [-71.8249, 3.3907], [-71.6498, 3.4862], [-71.5225, 3.4515], [-71.4454, 3.48], [-71.3205, 3.475], [-71.1785, 3.4465], [-71.132, 3.3808], [-71.0782, 3.356]]]}}, {"type": "Feature", "id": "50568", "properties": {"daneCode": "50568", "name": "Í", "dptoCode": "50", "dptoName": "Í"}, "geometry": {"type": "Polygon", "coordinates": [[[-71.0782, 4.8992], [-71.0782, 4.7269], [-71.0782, 3.9733], [-71.0782, 3.356], [-71.132, 3.3808], [-71.1785, 3.4465], [-71.3205, 3.475], [-71.4454, 3.48], [-71.5225, 3.4515], [-71.6498, 3.4862], [-71.8249, 3.3907], [-71.8947, 3.4069], [-72.1934, 3.2767], [-72.2399, 3.3697], [-72.3574, 3.3697], [-72.4064, 3.4354], [-72.3501, 3.5705], [-72.3048, 3.6138], [-72.295, 3.7564], [-72.2925, 3.8047], [-72.2007, 3.9522], [-72.1248, 4.0439], [-72.1983, 4.1109], [-72.2007, 4.1654], [-72.1603, 4.3427], [-72.1248, 4.3935], [-72.0734, 4.3922], [-71.9987, 4.3823], [-71.8677, 4.505], [-71.8139, 4.5744], [-71.7355, 4.5744], [-71.6694, 4.6091], [-71.5788, 4.6736], [-71.3193, 4.769], [-71.2116, 4.8174], [-71.0782, 4.8992]]]}}, {"type": "Feature", "id": "41001", "properties": {"daneCode": "41001", "name": "Í", "dptoCode": "41", "dptoName": "Í"}, "geometry": {"type": "Polygon", "coordinates": [[[-75.2672, 3.1292], [-75.2378, 3.0524], [-75.1815, 2.9953], [-75.1154, 2.9966], [-75.0652, 2.952], [-74.9697, 2.9309], [-74.944, 2.8962], [-75.0701, 2.745], [-75.1448, 2.7239], [-75.2158, 2.8615], [-75.2905, 2.8689], [-75.3394, 3.0412], [-75.4386, 3.0486], [-75.4631, 3.0214], [-75.6002, 3.0486], [-75.5843, 3.1503], [-75.5304, 3.2321], [-75.4851, 3.2308], [-75.337, 3.2717], [-75.4129, 3.1366], [-75.2831, 3.0734], [-75.2672, 3.1292]]]}}, {"type": "Feature", "id": "41306", "properties": {"daneCode": "41306", "name": "Í", "dptoCode": "41", "dptoName": "Í"}, "geometry": {"type": "Polygon", "coordinates": [[[-75.4288, 2.4525], [-75.4447, 2.3868], [-75.3859, 2.3149], [-75.3945, 2.3025], [-75.5157, 2.2529], [-75.6161, 2.3174], [-75.6467, 2.3112], [-75.6663, 2.3558], [-75.5683, 2.4624], [-75.5683, 2.4884], [-75.5279, 2.5343], [-75.4986, 2.4872], [-75.4288, 2.4525]]]}}, {"type": "Feature", "id": "41319", "properties": {"daneCode": "41319", "name": "Í", "dptoCode": "41", "dptoName": "Í"}, "geometry": {"type": "Polygon", "coordinates": [[[-75.5879, 2.0137], [-75.6589, 1.8922], [-75.6883, 1.8811], [-75.7887, 1.9914], [-75.7079, 2.0893], [-75.5879, 2.0137]]]}}, {"type": "Feature", "id": "41349", "properties": {"daneCode": "41349", "name": "Í", "dptoCode": "41", "dptoName": "Í"}, "geometry": {"type": "Polygon", "coordinates": [[[-75.4361, 2.678], [-75.4374, 2.6247], [-75.3786, 2.5095], [-75.4288, 2.4525], [-75.4986, 2.4872], [-75.5279, 2.5343], [-75.4361, 2.678]]]}}, {"type": "Feature", "id": "41357", "properties": {"daneCode": "41357", "name": "Í", "dptoCode": "41", "dptoName": "Í"}, "geometry": {"type": "Polygon", "coordinates": [[[-75.5879, 2.6842], [-75.5843, 2.5491], [-75.6406, 2.5442], [-75.6455, 2.6347], [-75.7312, 2.6656], [-75.7605, 2.6805], [-75.7483, 2.7189], [-75.8107, 2.7871], [-75.6393, 2.7896], [-75.5879, 2.6842]]]}}, {"type": "Feature", "id": "41359", "properties": {"daneCode": "41359", "name": "Í", "dptoCode": "41", "dptoName": "Í"}, "geometry": {"type": "Polygon", "coordinates": [[[-76.1327, 1.9963], [-76.1204, 1.9492], [-76.1951, 1.8625], [-76.282, 1.9319], [-76.2747, 2.0112], [-76.3738, 2.0769], [-76.4191, 2.1922], [-76.3604, 2.2703], [-76.3836, 2.2145], [-76.3457, 2.0856], [-76.1327, 1.9963]]]}}, {"type": "Feature", "id": "41378", "properties": {"daneCode": "41378", "name": "Í", "dptoCode": "41", "dptoName": "Í"}, "geometry": {"type": "Polygon", "coordinates": [[[-76.2086, 2.1984], [-76.1241, 2.1798], [-75.9931, 2.2021], [-75.8891, 2.2603], [-75.9136, 2.2058], [-76.0066, 2.1141], [-76.058, 2.0905], [-76.1498, 2.1178], [-76.2, 2.1352], [-76.342, 2.238], [-76.3604, 2.2703], [-76.2747, 2.2703], [-76.2086, 2.1984]]]}}, {"type": "Feature", "id": "41396", "properties": {"daneCode": "41396", "name": "Í", "dptoCode": "41", "dptoName": "Í"}, "geometry": {"type": "Polygon", "coordinates": [[[-75.9625, 2.4983], [-75.9099, 2.4463], [-75.8413, 2.4587], [-75.8279, 2.3533], [-75.8866, 2.3099], [-75.8891, 2.2603], [-75.9931, 2.2021], [-76.1241, 2.1798], [-76.2086, 2.1984], [-76.1217, 2.2244], [-76.1461, 2.2938], [-76.1266, 2.3806], [-75.9625, 2.4983]]]}}, {"type": "Feature", "id": "41483", "properties": {"daneCode": "41483", "name": "Í", "dptoCode": "41", "dptoName": "Í"}, "geometry": {"type": "Polygon", "coordinates": [[[-75.7312, 2.6656], [-75.7593, 2.6173], [-75.7667, 2.5194], [-75.7948, 2.476], [-75.8144, 2.4834], [-75.8401, 2.5578], [-75.7605, 2.6805], [-75.7312, 2.6656]]]}}, {"type": "Feature", "id": "41503", "properties": {"daneCode": "41503", "name": "Í", "dptoCode": "41", "dptoName": "Í"}, "geometry": {"type": "Polygon", "coordinates": [[[-76.0066, 2.1141], [-75.9625, 2.041], [-76.0054, 2.0013], [-76.1143, 2.0509], [-76.1498, 2.1178], [-76.058, 2.0905], [-76.0066, 2.1141]]]}}, {"type": "Feature", "id": "41518", "properties": {"daneCode": "41518", "name": "Í", "dptoCode": "41", "dptoName": "Í"}, "geometry": {"type": "Polygon", "coordinates": [[[-75.7948, 2.476], [-75.6748, 2.4599], [-75.6087, 2.4339], [-75.5683, 2.4624], [-75.6663, 2.3558], [-75.7862, 2.362], [-75.7826, 2.326], [-75.8279, 2.3533], [-75.8413, 2.4587], [-75.8144, 2.4834], [-75.7948, 2.476]]]}}, {"type": "Feature", "id": "41524", "properties": {"daneCode": "41524", "name": "Í", "dptoCode": "41", "dptoName": "Í"}, "geometry": {"type": "Polygon", "coordinates": [[[-75.2905, 2.8689], [-75.3345, 2.7809], [-75.4227, 2.7338], [-75.4986, 2.7673], [-75.5463, 2.8305], [-75.6185, 2.8503], [-75.5365, 2.89], [-75.4986, 2.9693], [-75.5781, 2.9792], [-75.6136, 3.0239], [-75.6002, 3.0486], [-75.4631, 3.0214], [-75.4386, 3.0486], [-75.3394, 3.0412], [-75.2905, 2.8689]]]}}, {"type": "Feature", "id": "41530", "properties": {"daneCode": "41530", "name": "Í", "dptoCode": "41", "dptoName": "Í"}, "geometry": {"type": "Polygon", "coordinates": [[[-76.058, 1.7385], [-76.1694, 1.5885], [-76.1988, 1.5749], [-76.2269, 1.6642], [-76.1192, 1.7745], [-76.058, 1.7385]]]}}, {"type": "Feature", "id": "41548", "properties": {"daneCode": "41548", "name": "Í", "dptoCode": "41", "dptoName": "Í"}, "geometry": {"type": "Polygon", "coordinates": [[[-75.7826, 2.326], [-75.7789, 2.2356], [-75.7299, 2.1637], [-75.7336, 2.1612], [-75.7875, 2.2008], [-75.9136, 2.2058], [-75.8891, 2.2603], [-75.8866, 2.3099], [-75.8279, 2.3533], [-75.7826, 2.326]]]}}, {"type": "Feature", "id": "41551", "properties": {"daneCode": "41551", "name": "Í", "dptoCode": "41", "dptoName": "Í"}, "geometry": {"type": "Polygon", "coordinates": [[[-76.025, 1.9765], [-75.987, 1.9542], [-75.9625, 1.8538], [-76.058, 1.7385], [-76.1192, 1.7745], [-76.2269, 1.6642], [-76.3163, 1.684], [-76.2392, 1.7683], [-76.1951, 1.8625], [-76.1204, 1.9492], [-76.1327, 1.9963], [-76.025, 1.9765]]]}}, {"type": "Feature", "id": "41615", "properties": {"daneCode": "41615", "name": "Í", "dptoCode": "41", "dptoName": "Í"}, "geometry": {"type": "Polygon", "coordinates": [[[-75.1448, 2.7239], [-75.1521, 2.709], [-75.1717, 2.7028], [-75.1938, 2.6929], [-75.3345, 2.7809], [-75.2905, 2.8689], [-75.2158, 2.8615], [-75.1448, 2.7239]]]}}, {"type": "Feature", "id": "41660", "properties": {"daneCode": "41660", "name": "Í", "dptoCode": "41", "dptoName": "Í"}, "geometry": {"type": "Polygon", "coordinates": [[[-76.1498, 2.1178], [-76.1143, 2.0509], [-76.0054, 2.0013], [-76.025, 1.9765], [-76.1327, 1.9963], [-76.3457, 2.0856], [-76.3836, 2.2145], [-76.3604, 2.2703], [-76.342, 2.238], [-76.2, 2.1352], [-76.1498, 2.1178]]]}}, {"type": "Feature", "id": "41668", "properties": {"daneCode": "41668", "name": "Í", "dptoCode": "41", "dptoName": "Í"}, "geometry": {"type": "Polygon", "coordinates": [[[-76.1951, 1.8625], [-76.2392, 1.7683], [-76.3163, 1.684], [-76.4338, 1.7906], [-76.5905, 1.8687], [-76.6236, 1.9753], [-76.5807, 2.0286], [-76.5893, 2.1079], [-76.5538, 2.1389], [-76.4253, 2.129], [-76.4191, 2.1922], [-76.3738, 2.0769], [-76.2747, 2.0112], [-76.282, 1.9319], [-76.1951, 1.8625]]]}}, {"type": "Feature", "id": "41676", "properties": {"daneCode": "41676", "name": "Í", "dptoCode": "41", "dptoName": "Í"}, "geometry": {"type": "Polygon", "coordinates": [[[-75.6185, 2.8503], [-75.6859, 2.8317], [-75.7679, 2.9148], [-75.692, 2.9929], [-75.6136, 3.0239], [-75.5781, 2.9792], [-75.4986, 2.9693], [-75.5365, 2.89], [-75.6185, 2.8503]]]}}, {"type": "Feature", "id": "41770", "properties": {"daneCode": "41770", "name": "Í", "dptoCode": "41", "dptoName": "Í"}, "geometry": {"type": "Polygon", "coordinates": [[[-75.8205, 1.9976], [-75.7887, 1.9914], [-75.6883, 1.8811], [-75.7348, 1.7869], [-75.7862, 1.7633], [-75.8377, 1.7398], [-75.883, 1.8513], [-75.9503, 1.8563], [-75.8205, 1.9976]]]}}, {"type": "Feature", "id": "41791", "properties": {"daneCode": "41791", "name": "Í", "dptoCode": "41", "dptoName": "Í"}, "geometry": {"type": "Polygon", "coordinates": [[[-75.7336, 2.1612], [-75.8401, 2.0868], [-75.8585, 2.0459], [-75.8621, 2.0434], [-75.9625, 2.041], [-76.0066, 2.1141], [-75.9136, 2.2058], [-75.7875, 2.2008], [-75.7336, 2.1612]]]}}, {"type": "Feature", "id": "41797", "properties": {"daneCode": "41797", "name": "Í", "dptoCode": "41", "dptoName": "Í"}, "geometry": {"type": "Polygon", "coordinates": [[[-75.5843, 2.5491], [-75.5683, 2.4884], [-75.5683, 2.4624], [-75.6087, 2.4339], [-75.6748, 2.4599], [-75.7948, 2.476], [-75.7667, 2.5194], [-75.7593, 2.6173], [-75.7312, 2.6656], [-75.6455, 2.6347], [-75.6406, 2.5442], [-75.5843, 2.5491]]]}}, {"type": "Feature", "id": "41799", "properties": {"daneCode": "41799", "name": "Í", "dptoCode": "41", "dptoName": "Í"}, "geometry": {"type": "Polygon", "coordinates": [[[-75.1632, 3.1354], [-75.1105, 3.0759], [-74.9893, 3.0697], [-74.9342, 3.0387], [-74.9049, 2.9582], [-74.944, 2.8962], [-74.9697, 2.9309], [-75.0652, 2.952], [-75.1154, 2.9966], [-75.1815, 2.9953], [-75.2378, 3.0524], [-75.2672, 3.1292], [-75.266, 3.1391], [-75.2305, 3.1676], [-75.1632, 3.1354]]]}}, {"type": "Feature", "id": "41801", "properties": {"daneCode": "41801", "name": "Í", "dptoCode": "41", "dptoName": "Í"}, "geometry": {"type": "Polygon", "coordinates": [[[-75.7679, 2.9148], [-75.6859, 2.8317], [-75.6185, 2.8503], [-75.5463, 2.8305], [-75.4986, 2.7673], [-75.5879, 2.6842], [-75.6393, 2.7896], [-75.8107, 2.7871], [-75.823, 2.8355], [-75.8964, 2.8553], [-76.0286, 2.9408], [-75.8597, 2.8726], [-75.7679, 2.9148]]]}}, {"type": "Feature", "id": "41807", "properties": {"daneCode": "41807", "name": "Í", "dptoCode": "41", "dptoName": "Í"}, "geometry": {"type": "Polygon", "coordinates": [[[-75.8205, 1.9976], [-75.9503, 1.8563], [-75.9625, 1.8538], [-75.987, 1.9542], [-75.8621, 2.0434], [-75.8585, 2.0459], [-75.8205, 1.9976]]]}}, {"type": "Feature", "id": "41872", "properties": {"daneCode": "41872", "name": "Í", "dptoCode": "41", "dptoName": "Í"}, "geometry": {"type": "Polygon", "coordinates": [[[-75.0346, 3.4279], [-75.0664, 3.2941], [-75.0077, 3.2804], [-75.0885, 3.1887], [-75.1632, 3.1354], [-75.2305, 3.1676], [-75.266, 3.1391], [-75.2293, 3.2011], [-75.2378, 3.3127], [-75.1729, 3.3783], [-75.1497, 3.4354], [-75.0346, 3.4279]]]}}, {"type": "Feature", "id": "41885", "properties": {"daneCode": "41885", "name": "Í", "dptoCode": "41", "dptoName": "Í"}, "geometry": {"type": "Polygon", "coordinates": [[[-75.4227, 2.7338], [-75.4361, 2.678], [-75.5279, 2.5343], [-75.5683, 2.4884], [-75.5843, 2.5491], [-75.5879, 2.6842], [-75.4986, 2.7673], [-75.4227, 2.7338]]]}}, {"type": "Feature", "id": "41298", "properties": {"daneCode": "41298", "name": "Í", "dptoCode": "41", "dptoName": "Í"}, "geometry": {"type": "Polygon", "coordinates": [[[-75.3945, 2.3025], [-75.4263, 2.1947], [-75.4447, 2.1438], [-75.5353, 2.1178], [-75.5879, 2.0137], [-75.7079, 2.0893], [-75.6859, 2.1674], [-75.6479, 2.2256], [-75.6467, 2.3112], [-75.6161, 2.3174], [-75.5157, 2.2529], [-75.3945, 2.3025]]]}}, {"type": "Feature", "id": "41244", "properties": {"daneCode": "41244", "name": "Í", "dptoCode": "41", "dptoName": "Í"}, "geometry": {"type": "Polygon", "coordinates": [[[-75.8621, 2.0434], [-75.987, 1.9542], [-76.025, 1.9765], [-76.0054, 2.0013], [-75.9625, 2.041], [-75.8621, 2.0434]]]}}, {"type": "Feature", "id": "41206", "properties": {"daneCode": "41206", "name": "Í", "dptoCode": "41", "dptoName": "Í"}, "geometry": {"type": "Polygon", "coordinates": [[[-74.4397, 3.7304], [-74.4164, 3.7403], [-74.5021, 3.6473], [-74.5633, 3.5258], [-74.616, 3.4601], [-74.6392, 3.3684], [-74.616, 3.3213], [-74.6661, 3.2296], [-74.7665, 3.097], [-74.8485, 3.1428], [-74.8669, 3.2259], [-74.9098, 3.2903], [-74.8485, 3.3424], [-74.8106, 3.4106], [-74.7653, 3.4403], [-74.7751, 3.5246], [-74.6759, 3.6659], [-74.5572, 3.7675], [-74.5352, 3.8431], [-74.4458, 3.801], [-74.4397, 3.7304]]]}}, {"type": "Feature", "id": "41132", "properties": {"daneCode": "41132", "name": "Í", "dptoCode": "41", "dptoName": "Í"}, "geometry": {"type": "Polygon", "coordinates": [[[-75.1717, 2.7028], [-75.3786, 2.5095], [-75.4374, 2.6247], [-75.4361, 2.678], [-75.4227, 2.7338], [-75.3345, 2.7809], [-75.1938, 2.6929], [-75.1717, 2.7028]]]}}, {"type": "Feature", "id": "41078", "properties": {"daneCode": "41078", "name": "Í", "dptoCode": "41", "dptoName": "Í"}, "geometry": {"type": "Polygon", "coordinates": [[[-74.9098, 3.2903], [-74.8669, 3.2259], [-74.8485, 3.1428], [-74.7665, 3.097], [-74.8694, 2.973], [-74.8987, 2.9644], [-74.9049, 2.9582], [-74.9342, 3.0387], [-74.9893, 3.0697], [-75.1105, 3.0759], [-75.1632, 3.1354], [-75.0885, 3.1887], [-75.0077, 3.2804], [-74.9098, 3.2903]]]}}, {"type": "Feature", "id": "41026", "properties": {"daneCode": "41026", "name": "Í", "dptoCode": "41", "dptoName": "Í"}, "geometry": {"type": "Polygon", "coordinates": [[[-75.6859, 2.1674], [-75.7079, 2.0893], [-75.7887, 1.9914], [-75.8205, 1.9976], [-75.8585, 2.0459], [-75.8401, 2.0868], [-75.7336, 2.1612], [-75.7299, 2.1637], [-75.6859, 2.1674]]]}}, {"type": "Feature", "id": "41020", "properties": {"daneCode": "41020", "name": "Í", "dptoCode": "41", "dptoName": "Í"}, "geometry": {"type": "Polygon", "coordinates": [[[-75.1338, 2.5987], [-75.195, 2.512], [-75.3492, 2.3236], [-75.3859, 2.3149], [-75.4447, 2.3868], [-75.4288, 2.4525], [-75.3786, 2.5095], [-75.1717, 2.7028], [-75.1521, 2.709], [-75.1338, 2.5987]]]}}, {"type": "Feature", "id": "41016", "properties": {"daneCode": "41016", "name": "Í", "dptoCode": "41", "dptoName": "Í"}, "geometry": {"type": "Polygon", "coordinates": [[[-75.2684, 3.3821], [-75.2268, 3.4155], [-75.1729, 3.3783], [-75.2378, 3.3127], [-75.2293, 3.2011], [-75.266, 3.1391], [-75.2672, 3.1292], [-75.2831, 3.0734], [-75.4129, 3.1366], [-75.337, 3.2717], [-75.4851, 3.2308], [-75.5304, 3.2321], [-75.5843, 3.1503], [-75.5769, 3.2209], [-75.479, 3.361], [-75.4263, 3.3523], [-75.3664, 3.4069], [-75.2684, 3.3821]]]}}, {"type": "Feature", "id": "41013", "properties": {"daneCode": "41013", "name": "Í", "dptoCode": "41", "dptoName": "Í"}, "geometry": {"type": "Polygon", "coordinates": [[[-75.6663, 2.3558], [-75.6467, 2.3112], [-75.6479, 2.2256], [-75.6859, 2.1674], [-75.7299, 2.1637], [-75.7789, 2.2356], [-75.7826, 2.326], [-75.7862, 2.362], [-75.6663, 2.3558]]]}}, {"type": "Feature", "id": "41006", "properties": {"daneCode": "41006", "name": "Í", "dptoCode": "41", "dptoName": "Í"}, "geometry": {"type": "Polygon", "coordinates": [[[-75.8377, 1.7398], [-75.9038, 1.7162], [-75.9833, 1.622], [-76.0996, 1.5638], [-76.1694, 1.5885], [-76.058, 1.7385], [-75.9625, 1.8538], [-75.9503, 1.8563], [-75.883, 1.8513], [-75.8377, 1.7398]]]}}, {"type": "Feature", "id": "68013", "properties": {"daneCode": "68013", "name": "Í", "dptoCode": "68", "dptoName": "Í"}, "geometry": {"type": "Polygon", "coordinates": [[[-73.4812, 6.1857], [-73.4812, 6.1634], [-73.5424, 6.1101], [-73.5767, 6.2539], [-73.4812, 6.1857]]]}}, {"type": "Feature", "id": "68020", "properties": {"daneCode": "68020", "name": "Í", "dptoCode": "68", "dptoName": "Í"}, "geometry": {"type": "Polygon", "coordinates": [[[-73.7627, 5.773], [-73.7946, 5.7296], [-73.8802, 5.7073], [-73.8998, 5.7371], [-73.9623, 5.7395], [-73.8962, 5.7829], [-73.8264, 5.7904], [-73.7444, 5.8709], [-73.7627, 5.773]]]}}, {"type": "Feature", "id": "68051", "properties": {"daneCode": "68051", "name": "Í", "dptoCode": "68", "dptoName": "Í"}, "geometry": {"type": "Polygon", "coordinates": [[[-72.9389, 6.6902], [-73.0001, 6.6468], [-73.0809, 6.6865], [-73.0674, 6.7373], [-73.0037, 6.8241], [-72.9829, 6.7918], [-72.9389, 6.6902]]]}}, {"type": "Feature", "id": "68077", "properties": {"daneCode": "68077", "name": "Í", "dptoCode": "68", "dptoName": "Í"}, "geometry": {"type": "Polygon", "coordinates": [[[-73.5877, 5.9973], [-73.5938, 5.9589], [-73.6354, 5.9106], [-73.6636, 5.9279], [-73.6195, 5.9924], [-73.5877, 5.9973]]]}}, {"type": "Feature", "id": "68079", "properties": {"daneCode": "68079", "name": "Í", "dptoCode": "68", "dptoName": "Í"}, "geometry": {"type": "Polygon", "coordinates": [[[-73.1543, 6.5997], [-73.2119, 6.5588], [-73.2645, 6.6295], [-73.2584, 6.6952], [-73.2241, 6.7336], [-73.18, 6.7076], [-73.1935, 6.6468], [-73.1543, 6.5997]]]}}, {"type": "Feature", "id": "68081", "properties": {"daneCode": "68081", "name": "Í", "dptoCode": "68", "dptoName": "Í"}, "geometry": {"type": "Polygon", "coordinates": [[[-73.5681, 7.1835], [-73.5509, 7.1637], [-73.5399, 7.1538], [-73.7027, 6.9455], [-73.7493, 6.86], [-73.8117, 6.8898], [-73.9488, 6.8885], [-74.0945, 6.8042], [-74.0112, 6.9133], [-73.8974, 6.9864], [-73.8876, 7.0707], [-73.9292, 7.1153], [-73.9231, 7.2133], [-73.8864, 7.1897], [-73.8178, 7.2343], [-73.7199, 7.2542], [-73.5681, 7.1835]]]}}, {"type": "Feature", "id": "68092", "properties": {"daneCode": "68092", "name": "Í", "dptoCode": "68", "dptoName": "Í"}, "geometry": {"type": "Polygon", "coordinates": [[[-73.2168, 6.9257], [-73.2633, 6.8575], [-73.3184, 6.8811], [-73.3832, 6.9988], [-73.453, 6.9604], [-73.4983, 6.9864], [-73.5399, 7.1538], [-73.4506, 7.1389], [-73.3783, 7.067], [-73.2975, 7.0199], [-73.2168, 6.9257]]]}}, {"type": "Feature", "id": "68121", "properties": {"daneCode": "68121", "name": "Í", "dptoCode": "68", "dptoName": "Í"}, "geometry": {"type": "Polygon", "coordinates": [[[-73.2119, 6.5588], [-73.2045, 6.5427], [-73.2253, 6.5266], [-73.2718, 6.5105], [-73.2829, 6.565], [-73.2645, 6.6295], [-73.2119, 6.5588]]]}}, {"type": "Feature", "id": "68132", "properties": {"daneCode": "68132", "name": "Í", "dptoCode": "68", "dptoName": "Í"}, "geometry": {"type": "Polygon", "coordinates": [[[-72.8654, 7.3769], [-72.923, 7.2926], [-72.9499, 7.3484], [-72.8654, 7.3769]]]}}, {"type": "Feature", "id": "68147", "properties": {"daneCode": "68147", "name": "Í", "dptoCode": "68", "dptoName": "Í"}, "geometry": {"type": "Polygon", "coordinates": [[[-72.6377, 6.508], [-72.6487, 6.4361], [-72.661, 6.4436], [-72.6793, 6.4832], [-72.743, 6.5663], [-72.7234, 6.5787], [-72.7026, 6.5948], [-72.6377, 6.508]]]}}, {"type": "Feature", "id": "68152", "properties": {"daneCode": "68152", "name": "Í", "dptoCode": "68", "dptoName": "Í"}, "geometry": {"type": "Polygon", "coordinates": [[[-72.4994, 6.7286], [-72.4859, 6.6567], [-72.5422, 6.5836], [-72.5998, 6.5588], [-72.6671, 6.6171], [-72.6243, 6.7014], [-72.59, 6.746], [-72.4994, 6.7286]]]}}, {"type": "Feature", "id": "68160", "properties": {"daneCode": "68160", "name": "Í", "dptoCode": "68", "dptoName": "Í"}, "geometry": {"type": "Polygon", "coordinates": [[[-72.9095, 6.6828], [-72.9083, 6.6766], [-72.9389, 6.6902], [-72.9829, 6.7918], [-72.9376, 6.8067], [-72.885, 6.8142], [-72.8801, 6.7175], [-72.9095, 6.6828]]]}}, {"type": "Feature", "id": "68162", "properties": {"daneCode": "68162", "name": "Í", "dptoCode": "68", "dptoName": "Í"}, "geometry": {"type": "Polygon", "coordinates": [[[-72.5471, 6.886], [-72.5839, 6.798], [-72.7577, 6.8265], [-72.7467, 6.9579], [-72.7344, 6.9864], [-72.7222, 7.005], [-72.5533, 6.9852], [-72.5471, 6.886]]]}}, {"type": "Feature", "id": "68167", "properties": {"daneCode": "68167", "name": "Í", "dptoCode": "68", "dptoName": "Í"}, "geometry": {"type": "Polygon", "coordinates": [[[-73.0013, 6.358], [-73.0417, 6.3345], [-73.1102, 6.2155], [-73.136, 6.2068], [-73.1727, 6.1213], [-73.1396, 5.9986], [-73.0821, 5.9775], [-73.1751, 5.9949], [-73.24, 6.0544], [-73.2376, 6.1275], [-73.2008, 6.2762], [-73.2302, 6.3072], [-73.2045, 6.3295], [-73.1592, 6.3555], [-73.1188, 6.2886], [-73.0699, 6.3828], [-73.0013, 6.358]]]}}, {"type": "Feature", "id": "68169", "properties": {"daneCode": "68169", "name": "Í", "dptoCode": "68", "dptoName": "Í"}, "geometry": {"type": "Polygon", "coordinates": [[[-72.923, 7.2926], [-72.8813, 7.2566], [-73.005, 7.2418], [-73.0564, 7.1848], [-73.0711, 7.1996], [-73.0466, 7.279], [-72.978, 7.3149], [-72.923, 7.2926]]]}}, {"type": "Feature", "id": "68176", "properties": {"daneCode": "68176", "name": "Í", "dptoCode": "68", "dptoName": "Í"}, "geometry": {"type": "Polygon", "coordinates": [[[-73.3208, 6.4002], [-73.3318, 6.3704], [-73.3783, 6.3109], [-73.4077, 6.3109], [-73.464, 6.3159], [-73.4763, 6.3754], [-73.4653, 6.4547], [-73.4383, 6.4113], [-73.3208, 6.4002]]]}}, {"type": "Feature", "id": "68179", "properties": {"daneCode": "68179", "name": "Í", "dptoCode": "68", "dptoName": "Í"}, "geometry": {"type": "Polygon", "coordinates": [[[-73.5791, 6.0866], [-73.5791, 6.0804], [-73.5962, 6.0197], [-73.6942, 6.0407], [-73.6366, 6.1312], [-73.5791, 6.0866]]]}}, {"type": "Feature", "id": "68190", "properties": {"daneCode": "68190", "name": "Í", "dptoCode": "68", "dptoName": "Í"}, "geometry": {"type": "Polygon", "coordinates": [[[-73.8704, 6.513], [-73.8068, 6.4609], [-73.8582, 6.3308], [-73.9855, 6.2229], [-74.1006, 6.2217], [-74.1385, 6.2366], [-74.2108, 6.1671], [-74.2108, 6.0705], [-74.3013, 6.1114], [-74.4054, 6.1287], [-74.4103, 6.2192], [-74.5082, 6.2861], [-74.4507, 6.332], [-74.3968, 6.4522], [-74.4091, 6.5861], [-74.3601, 6.632], [-74.2561, 6.6753], [-74.2316, 6.71], [-74.1092, 6.777], [-74.0639, 6.5997], [-73.9561, 6.5774], [-73.8704, 6.513]]]}}, {"type": "Feature", "id": "68207", "properties": {"daneCode": "68207", "name": "Í", "dptoCode": "68", "dptoName": "Í"}, "geometry": {"type": "Polygon", "coordinates": [[[-72.4774, 6.8427], [-72.4994, 6.7286], [-72.59, 6.746], [-72.6243, 6.7014], [-72.7075, 6.7175], [-72.754, 6.7832], [-72.7577, 6.8265], [-72.5839, 6.798], [-72.5471, 6.886], [-72.5031, 6.9084], [-72.4774, 6.8427]]]}}, {"type": "Feature", "id": "68209", "properties": {"daneCode": "68209", "name": "Í", "dptoCode": "68", "dptoName": "Í"}, "geometry": {"type": "Polygon", "coordinates": [[[-73.2094, 6.4064], [-73.2045, 6.3295], [-73.2302, 6.3072], [-73.278, 6.3345], [-73.3049, 6.3481], [-73.2265, 6.4088], [-73.2094, 6.4064]]]}}, {"type": "Feature", "id": "68615", "properties": {"daneCode": "68615", "name": "Í", "dptoCode": "68", "dptoName": "Í"}, "geometry": {"type": "Polygon", "coordinates": [[[-73.3698, 7.564], [-73.2816, 7.5479], [-73.3257, 7.4983], [-73.3061, 7.4413], [-73.0784, 7.4574], [-73.1188, 7.3261], [-73.0821, 7.2666], [-73.158, 7.2157], [-73.1641, 7.2108], [-73.2265, 7.2232], [-73.2743, 7.3], [-73.3294, 7.3347], [-73.3477, 7.4178], [-73.3967, 7.4029], [-73.4775, 7.5021], [-73.5265, 7.5194], [-73.5669, 7.5888], [-73.6403, 7.6087], [-73.6954, 7.6731], [-73.7603, 7.6954], [-73.7529, 7.7512], [-73.633, 7.7487], [-73.4628, 7.5752], [-73.3698, 7.564]]]}}, {"type": "Feature", "id": "68655", "properties": {"daneCode": "68655", "name": "Í", "dptoCode": "68", "dptoName": "Í"}, "geometry": {"type": "Polygon", "coordinates": [[[-73.3967, 7.4029], [-73.3551, 7.2852], [-73.4371, 7.181], [-73.5509, 7.1637], [-73.5681, 7.1835], [-73.5754, 7.2728], [-73.6477, 7.3422], [-73.7762, 7.4227], [-73.775, 7.5293], [-73.7248, 7.5876], [-73.7652, 7.6384], [-73.7603, 7.6954], [-73.6954, 7.6731], [-73.6403, 7.6087], [-73.5669, 7.5888], [-73.5265, 7.5194], [-73.4775, 7.5021], [-73.3967, 7.4029]]]}}, {"type": "Feature", "id": "68669", "properties": {"daneCode": "68669", "name": "Í", "dptoCode": "68", "dptoName": "Í"}, "geometry": {"type": "Polygon", "coordinates": [[[-72.7577, 6.8265], [-72.754, 6.7832], [-72.7748, 6.7249], [-72.9095, 6.6828], [-72.8801, 6.7175], [-72.885, 6.8142], [-72.8262, 6.8798], [-72.7614, 6.9046], [-72.7467, 6.9579], [-72.7577, 6.8265]]]}}, {"type": "Feature", "id": "68673", "properties": {"daneCode": "68673", "name": "Í", "dptoCode": "68", "dptoName": "Í"}, "geometry": {"type": "Polygon", "coordinates": [[[-73.4812, 6.1634], [-73.4738, 6.156], [-73.4971, 6.1077], [-73.5314, 6.0494], [-73.5375, 6.042], [-73.5791, 6.0804], [-73.5791, 6.0866], [-73.5424, 6.1101], [-73.4812, 6.1634]]]}}, {"type": "Feature", "id": "68679", "properties": {"daneCode": "68679", "name": "Í", "dptoCode": "68", "dptoName": "Í"}, "geometry": {"type": "Polygon", "coordinates": [[[-73.1102, 6.6493], [-73.1115, 6.5849], [-73.0295, 6.5378], [-73.0747, 6.482], [-73.1151, 6.482], [-73.1482, 6.4944], [-73.2045, 6.5427], [-73.2119, 6.5588], [-73.1543, 6.5997], [-73.1102, 6.6493]]]}}, {"type": "Feature", "id": "68682", "properties": {"daneCode": "68682", "name": "Í", "dptoCode": "68", "dptoName": "Í"}, "geometry": {"type": "Polygon", "coordinates": [[[-72.8189, 6.5439], [-72.8177, 6.4002], [-72.9095, 6.3741], [-72.9119, 6.3791], [-72.8789, 6.4981], [-72.8336, 6.5675], [-72.8189, 6.5439]]]}}, {"type": "Feature", "id": "68684", "properties": {"daneCode": "68684", "name": "Í", "dptoCode": "68", "dptoName": "Í"}, "geometry": {"type": "Polygon", "coordinates": [[[-72.7075, 6.6741], [-72.7234, 6.5787], [-72.743, 6.5663], [-72.7699, 6.5799], [-72.7699, 6.6828], [-72.7075, 6.6741]]]}}, {"type": "Feature", "id": "68686", "properties": {"daneCode": "68686", "name": "Í", "dptoCode": "68", "dptoName": "Í"}, "geometry": {"type": "Polygon", "coordinates": [[[-72.5998, 6.5588], [-72.6377, 6.508], [-72.7026, 6.5948], [-72.6671, 6.6171], [-72.5998, 6.5588]]]}}, {"type": "Feature", "id": "68689", "properties": {"daneCode": "68689", "name": "Í", "dptoCode": "68", "dptoName": "Í"}, "geometry": {"type": "Polygon", "coordinates": [[[-73.453, 6.9604], [-73.3588, 6.9443], [-73.333, 6.8885], [-73.36, 6.7832], [-73.3832, 6.7014], [-73.546, 6.8104], [-73.6391, 6.8327], [-73.6354, 6.772], [-73.7309, 6.7633], [-73.7493, 6.86], [-73.7027, 6.9455], [-73.5399, 7.1538], [-73.4983, 6.9864], [-73.453, 6.9604]]]}}, {"type": "Feature", "id": "68705", "properties": {"daneCode": "68705", "name": "Í", "dptoCode": "68", "dptoName": "Í"}, "geometry": {"type": "Polygon", "coordinates": [[[-72.8189, 7.072], [-72.8471, 7.0422], [-72.8703, 6.9294], [-72.9181, 6.8476], [-72.9903, 6.9369], [-72.9205, 6.9951], [-72.9107, 7.0819], [-72.8483, 7.1377], [-72.8189, 7.072]]]}}, {"type": "Feature", "id": "68720", "properties": {"daneCode": "68720", "name": "Í", "dptoCode": "68", "dptoName": "Í"}, "geometry": {"type": "Polygon", "coordinates": [[[-73.4653, 6.4547], [-73.4763, 6.3754], [-73.5522, 6.306], [-73.5999, 6.3208], [-73.6366, 6.2911], [-73.6685, 6.3841], [-73.6428, 6.4473], [-73.6758, 6.4807], [-73.6244, 6.5254], [-73.4653, 6.4547]]]}}, {"type": "Feature", "id": "68745", "properties": {"daneCode": "68745", "name": "Í", "dptoCode": "68", "dptoName": "Í"}, "geometry": {"type": "Polygon", "coordinates": [[[-73.7493, 6.86], [-73.7309, 6.7633], [-73.7346, 6.6171], [-73.677, 6.5514], [-73.4383, 6.5254], [-73.4004, 6.534], [-73.3061, 6.4907], [-73.2926, 6.4845], [-73.3159, 6.4163], [-73.3208, 6.4002], [-73.4383, 6.4113], [-73.4653, 6.4547], [-73.6244, 6.5254], [-73.6758, 6.4807], [-73.7615, 6.5526], [-73.8349, 6.6369], [-73.8631, 6.7026], [-73.9598, 6.8055], [-73.9488, 6.8885], [-73.8117, 6.8898], [-73.7493, 6.86]]]}}, {"type": "Feature", "id": "68755", "properties": {"daneCode": "68755", "name": "Í", "dptoCode": "68", "dptoName": "Í"}, "geometry": {"type": "Polygon", "coordinates": [[[-73.1751, 6.4646], [-73.2094, 6.4064], [-73.2265, 6.4088], [-73.3159, 6.4163], [-73.2926, 6.4845], [-73.2718, 6.5105], [-73.2253, 6.5266], [-73.1751, 6.4646]]]}}, {"type": "Feature", "id": "68770", "properties": {"daneCode": "68770", "name": "Í", "dptoCode": "68", "dptoName": "Í"}, "geometry": {"type": "Polygon", "coordinates": [[[-73.3612, 6.1783], [-73.3, 6.1349], [-73.2376, 6.1275], [-73.24, 6.0544], [-73.3196, 6.0816], [-73.404, 6.0556], [-73.4542, 6.0791], [-73.4971, 6.1077], [-73.4738, 6.156], [-73.3612, 6.1783]]]}}, {"type": "Feature", "id": "68773", "properties": {"daneCode": "68773", "name": "Í", "dptoCode": "68", "dptoName": "Í"}, "geometry": {"type": "Polygon", "coordinates": [[[-74.0773, 6.1548], [-74.0345, 6.0494], [-73.9463, 6.0705], [-73.8509, 6.0147], [-73.8582, 5.9849], [-73.7676, 5.9378], [-73.7578, 5.9044], [-73.8423, 5.8474], [-73.9243, 5.8684], [-73.9194, 5.9205], [-74.0577, 5.9317], [-74.1275, 6.0333], [-74.0773, 6.1548]]]}}, {"type": "Feature", "id": "68780", "properties": {"daneCode": "68780", "name": "Í", "dptoCode": "68", "dptoName": "Í"}, "geometry": {"type": "Polygon", "coordinates": [[[-72.9829, 7.6198], [-72.978, 7.5293], [-72.896, 7.4674], [-72.863, 7.3831], [-72.8654, 7.3769], [-72.9499, 7.3484], [-72.923, 7.2926], [-72.978, 7.3149], [-72.9989, 7.4178], [-73.0454, 7.4587], [-73.0882, 7.5281], [-73.049, 7.6062], [-72.9829, 7.6198]]]}}, {"type": "Feature", "id": "68820", "properties": {"daneCode": "68820", "name": "Í", "dptoCode": "68", "dptoName": "Í"}, "geometry": {"type": "Polygon", "coordinates": [[[-72.8483, 7.1377], [-72.9107, 7.0819], [-73.005, 7.0992], [-73.0466, 7.1389], [-73.0564, 7.1848], [-73.005, 7.2418], [-72.8813, 7.2566], [-72.8764, 7.2641], [-72.8409, 7.1947], [-72.8483, 7.1377]]]}}, {"type": "Feature", "id": "68855", "properties": {"daneCode": "68855", "name": "Í", "dptoCode": "68", "dptoName": "Í"}, "geometry": {"type": "Polygon", "coordinates": [[[-73.0747, 6.482], [-73.0723, 6.3903], [-73.1617, 6.4026], [-73.1151, 6.482], [-73.0747, 6.482]]]}}, {"type": "Feature", "id": "68861", "properties": {"daneCode": "68861", "name": "Í", "dptoCode": "68", "dptoName": "Í"}, "geometry": {"type": "Polygon", "coordinates": [[[-73.7615, 6.5526], [-73.6758, 6.4807], [-73.6428, 6.4473], [-73.6685, 6.3841], [-73.7199, 6.2948], [-73.6819, 6.2527], [-73.6856, 6.1721], [-73.6366, 6.1312], [-73.6942, 6.0407], [-73.5962, 6.0197], [-73.6195, 5.9924], [-73.6636, 5.9279], [-73.7517, 6.0011], [-73.7284, 6.1461], [-73.7688, 6.1944], [-73.726, 6.2403], [-73.7431, 6.3171], [-73.6844, 6.4138], [-73.7848, 6.5043], [-73.7811, 6.5526], [-73.7615, 6.5526]]]}}, {"type": "Feature", "id": "68867", "properties": {"daneCode": "68867", "name": "Í", "dptoCode": "68", "dptoName": "Í"}, "geometry": {"type": "Polygon", "coordinates": [[[-72.8385, 7.3595], [-72.8336, 7.3037], [-72.8764, 7.2641], [-72.8813, 7.2566], [-72.923, 7.2926], [-72.8654, 7.3769], [-72.863, 7.3831], [-72.8385, 7.3595]]]}}, {"type": "Feature", "id": "68872", "properties": {"daneCode": "68872", "name": "Í", "dptoCode": "68", "dptoName": "Í"}, "geometry": {"type": "Polygon", "coordinates": [[[-73.1984, 6.7683], [-73.1458, 6.7299], [-73.1176, 6.6865], [-73.1102, 6.6493], [-73.1543, 6.5997], [-73.1935, 6.6468], [-73.18, 6.7076], [-73.2241, 6.7336], [-73.1984, 6.7683]]]}}, {"type": "Feature", "id": "68895", "properties": {"daneCode": "68895", "name": "Í", "dptoCode": "68", "dptoName": "Í"}, "geometry": {"type": "Polygon", "coordinates": [[[-73.2168, 6.9257], [-73.1764, 6.8848], [-73.1984, 6.7683], [-73.2241, 6.7336], [-73.2584, 6.6952], [-73.36, 6.7832], [-73.333, 6.8885], [-73.3588, 6.9443], [-73.453, 6.9604], [-73.3832, 6.9988], [-73.3184, 6.8811], [-73.2633, 6.8575], [-73.2168, 6.9257]]]}}, {"type": "Feature", "id": "68370", "properties": {"daneCode": "68370", "name": "Í", "dptoCode": "68", "dptoName": "Í"}, "geometry": {"type": "Polygon", "coordinates": [[[-73.0809, 6.6865], [-73.1176, 6.6865], [-73.1458, 6.7299], [-73.0674, 6.7373], [-73.0809, 6.6865]]]}}, {"type": "Feature", "id": "68377", "properties": {"daneCode": "68377", "name": "Í", "dptoCode": "68", "dptoName": "Í"}, "geometry": {"type": "Polygon", "coordinates": [[[-73.9243, 5.8684], [-73.9145, 5.8424], [-73.9965, 5.8226], [-74.0786, 5.8325], [-74.1067, 5.8784], [-74.1802, 5.9106], [-74.1275, 6.0333], [-74.0577, 5.9317], [-73.9194, 5.9205], [-73.9243, 5.8684]]]}}, {"type": "Feature", "id": "68385", "properties": {"daneCode": "68385", "name": "Í", "dptoCode": "68", "dptoName": "Í"}, "geometry": {"type": "Polygon", "coordinates": [[[-73.7811, 6.5526], [-73.7848, 6.5043], [-73.6844, 6.4138], [-73.7431, 6.3171], [-73.726, 6.2403], [-73.7688, 6.1944], [-73.846, 6.1795], [-73.9072, 6.2254], [-73.9769, 6.2242], [-74.0614, 6.1845], [-74.1006, 6.2217], [-73.9855, 6.2229], [-73.8582, 6.3308], [-73.8068, 6.4609], [-73.8704, 6.513], [-73.7811, 6.5526]]]}}, {"type": "Feature", "id": "68397", "properties": {"daneCode": "68397", "name": "Í", "dptoCode": "68", "dptoName": "Í"}, "geometry": {"type": "Polygon", "coordinates": [[[-73.6366, 6.2911], [-73.5767, 6.2539], [-73.5424, 6.1101], [-73.5791, 6.0866], [-73.6366, 6.1312], [-73.6856, 6.1721], [-73.6819, 6.2527], [-73.7199, 6.2948], [-73.6685, 6.3841], [-73.6366, 6.2911]]]}}, {"type": "Feature", "id": "68406", "properties": {"daneCode": "68406", "name": "Í", "dptoCode": "68", "dptoName": "Í"}, "geometry": {"type": "Polygon", "coordinates": [[[-73.1641, 7.2108], [-73.1641, 7.1513], [-73.207, 7.0435], [-73.2608, 7.0534], [-73.3061, 7.1215], [-73.4175, 7.15], [-73.4371, 7.181], [-73.3551, 7.2852], [-73.3967, 7.4029], [-73.3477, 7.4178], [-73.3294, 7.3347], [-73.2743, 7.3], [-73.2265, 7.2232], [-73.1641, 7.2108]]]}}, {"type": "Feature", "id": "68418", "properties": {"daneCode": "68418", "name": "Í", "dptoCode": "68", "dptoName": "Í"}, "geometry": {"type": "Polygon", "coordinates": [[[-73.1054, 6.9108], [-73.0037, 6.8241], [-73.0674, 6.7373], [-73.1458, 6.7299], [-73.1984, 6.7683], [-73.1764, 6.8848], [-73.1054, 6.9108]]]}}, {"type": "Feature", "id": "68425", "properties": {"daneCode": "68425", "name": "Í", "dptoCode": "68", "dptoName": "Í"}, "geometry": {"type": "Polygon", "coordinates": [[[-72.5422, 6.5836], [-72.5349, 6.4956], [-72.5398, 6.4882], [-72.5484, 6.4869], [-72.623, 6.4411], [-72.6487, 6.4361], [-72.6377, 6.508], [-72.5998, 6.5588], [-72.5422, 6.5836]]]}}, {"type": "Feature", "id": "68432", "properties": {"daneCode": "68432", "name": "Í", "dptoCode": "68", "dptoName": "Í"}, "geometry": {"type": "Polygon", "coordinates": [[[-72.7075, 6.7175], [-72.7075, 6.6741], [-72.7699, 6.6828], [-72.7748, 6.7249], [-72.754, 6.7832], [-72.7075, 6.7175]]]}}, {"type": "Feature", "id": "68444", "properties": {"daneCode": "68444", "name": "Í", "dptoCode": "68", "dptoName": "Í"}, "geometry": {"type": "Polygon", "coordinates": [[[-73.0454, 7.4587], [-72.9989, 7.4178], [-72.978, 7.3149], [-73.0466, 7.279], [-73.0711, 7.1996], [-73.0821, 7.2666], [-73.1188, 7.3261], [-73.0784, 7.4574], [-73.0454, 7.4587]]]}}, {"type": "Feature", "id": "68464", "properties": {"daneCode": "68464", "name": "Í", "dptoCode": "68", "dptoName": "Í"}, "geometry": {"type": "Polygon", "coordinates": [[[-72.8728, 6.6307], [-72.8336, 6.5675], [-72.8789, 6.4981], [-72.9119, 6.3791], [-73.0013, 6.358], [-73.0699, 6.3828], [-73.0723, 6.3903], [-73.0747, 6.482], [-73.0295, 6.5378], [-72.9168, 6.6493], [-72.8728, 6.6307]]]}}, {"type": "Feature", "id": "68468", "properties": {"daneCode": "68468", "name": "Í", "dptoCode": "68", "dptoName": "Í"}, "geometry": {"type": "Polygon", "coordinates": [[[-72.7699, 6.6828], [-72.7699, 6.5799], [-72.8116, 6.5427], [-72.8189, 6.5439], [-72.8336, 6.5675], [-72.8728, 6.6307], [-72.9083, 6.6766], [-72.9095, 6.6828], [-72.7748, 6.7249], [-72.7699, 6.6828]]]}}, {"type": "Feature", "id": "68498", "properties": {"daneCode": "68498", "name": "Í", "dptoCode": "68", "dptoName": "Í"}, "geometry": {"type": "Polygon", "coordinates": [[[-73.0723, 6.3903], [-73.0699, 6.3828], [-73.1188, 6.2886], [-73.1592, 6.3555], [-73.1617, 6.4026], [-73.0723, 6.3903]]]}}, {"type": "Feature", "id": "68500", "properties": {"daneCode": "68500", "name": "Í", "dptoCode": "68", "dptoName": "Í"}, "geometry": {"type": "Polygon", "coordinates": [[[-73.278, 6.3345], [-73.2302, 6.3072], [-73.2008, 6.2762], [-73.2376, 6.1275], [-73.3, 6.1349], [-73.3612, 6.1783], [-73.36, 6.2762], [-73.278, 6.3345]]]}}, {"type": "Feature", "id": "68502", "properties": {"daneCode": "68502", "name": "Í", "dptoCode": "68", "dptoName": "Í"}, "geometry": {"type": "Polygon", "coordinates": [[[-72.8116, 6.5427], [-72.7357, 6.4907], [-72.7381, 6.4398], [-72.7259, 6.3717], [-72.7455, 6.275], [-72.825, 6.1585], [-72.8287, 6.1523], [-72.8679, 6.1448], [-72.8764, 6.2713], [-72.9095, 6.3741], [-72.8177, 6.4002], [-72.8189, 6.5439], [-72.8116, 6.5427]]]}}, {"type": "Feature", "id": "68522", "properties": {"daneCode": "68522", "name": "Í", "dptoCode": "68", "dptoName": "Í"}, "geometry": {"type": "Polygon", "coordinates": [[[-73.2829, 6.565], [-73.2718, 6.5105], [-73.2926, 6.4845], [-73.3061, 6.4907], [-73.3037, 6.5663], [-73.2829, 6.565]]]}}, {"type": "Feature", "id": "68524", "properties": {"daneCode": "68524", "name": "Í", "dptoCode": "68", "dptoName": "Í"}, "geometry": {"type": "Polygon", "coordinates": [[[-73.2265, 6.4088], [-73.3049, 6.3481], [-73.3318, 6.3704], [-73.3208, 6.4002], [-73.3159, 6.4163], [-73.2265, 6.4088]]]}}, {"type": "Feature", "id": "68533", "properties": {"daneCode": "68533", "name": "Í", "dptoCode": "68", "dptoName": "Í"}, "geometry": {"type": "Polygon", "coordinates": [[[-73.1151, 6.482], [-73.1617, 6.4026], [-73.1592, 6.3555], [-73.2045, 6.3295], [-73.2094, 6.4064], [-73.1751, 6.4646], [-73.1482, 6.4944], [-73.1151, 6.482]]]}}, {"type": "Feature", "id": "68549", "properties": {"daneCode": "68549", "name": "Í", "dptoCode": "68", "dptoName": "Í"}, "geometry": {"type": "Polygon", "coordinates": [[[-73.1482, 6.4944], [-73.1751, 6.4646], [-73.2253, 6.5266], [-73.2045, 6.5427], [-73.1482, 6.4944]]]}}, {"type": "Feature", "id": "68572", "properties": {"daneCode": "68572", "name": "Í", "dptoCode": "68", "dptoName": "Í"}, "geometry": {"type": "Polygon", "coordinates": [[[-73.6354, 5.9106], [-73.5999, 5.8697], [-73.6256, 5.778], [-73.6513, 5.7123], [-73.7113, 5.7767], [-73.7627, 5.773], [-73.7444, 5.8709], [-73.7505, 5.8932], [-73.6636, 5.9279], [-73.6354, 5.9106]]]}}, {"type": "Feature", "id": "68573", "properties": {"daneCode": "68573", "name": "Í", "dptoCode": "68", "dptoName": "Í"}, "geometry": {"type": "Polygon", "coordinates": [[[-73.7615, 6.5526], [-73.7811, 6.5526], [-73.8704, 6.513], [-73.9561, 6.5774], [-74.0639, 6.5997], [-74.1092, 6.777], [-74.0945, 6.8042], [-73.9488, 6.8885], [-73.9598, 6.8055], [-73.8631, 6.7026], [-73.8349, 6.6369], [-73.7615, 6.5526]]]}}, {"type": "Feature", "id": "68575", "properties": {"daneCode": "68575", "name": "Í", "dptoCode": "68", "dptoName": "Í"}, "geometry": {"type": "Polygon", "coordinates": [[[-73.7211, 8.009], [-73.6709, 7.8937], [-73.7505, 7.8032], [-73.7529, 7.7512], [-73.7603, 7.6954], [-73.7652, 7.6384], [-73.7248, 7.5876], [-73.775, 7.5293], [-73.7762, 7.4227], [-73.6477, 7.3422], [-73.5754, 7.2728], [-73.5681, 7.1835], [-73.7199, 7.2542], [-73.8178, 7.2343], [-73.8864, 7.1897], [-73.9231, 7.2133], [-73.9157, 7.2951], [-73.8949, 7.4302], [-73.917, 7.4723], [-73.846, 7.5417], [-73.8154, 7.6917], [-73.7982, 7.7723], [-73.8313, 7.9322], [-73.8619, 7.9718], [-73.868, 8.0635], [-73.775, 8.1453], [-73.7639, 8.0635], [-73.7211, 8.009]]]}}, {"type": "Feature", "id": "68211", "properties": {"daneCode": "68211", "name": "Í", "dptoCode": "68", "dptoName": "Í"}, "geometry": {"type": "Polygon", "coordinates": [[[-73.4763, 6.3754], [-73.464, 6.3159], [-73.4077, 6.3109], [-73.4506, 6.2316], [-73.4946, 6.2688], [-73.5681, 6.2675], [-73.5999, 6.3208], [-73.5522, 6.306], [-73.4763, 6.3754]]]}}, {"type": "Feature", "id": "68217", "properties": {"daneCode": "68217", "name": "Í", "dptoCode": "68", "dptoName": "Í"}, "geometry": {"type": "Polygon", "coordinates": [[[-72.9095, 6.3741], [-72.8764, 6.2713], [-72.8679, 6.1448], [-72.923, 6.0977], [-72.9585, 6.13], [-73.076, 6.1498], [-73.136, 6.2068], [-73.1102, 6.2155], [-73.0417, 6.3345], [-73.0013, 6.358], [-72.9119, 6.3791], [-72.9095, 6.3741]]]}}, {"type": "Feature", "id": "68229", "properties": {"daneCode": "68229", "name": "Í", "dptoCode": "68", "dptoName": "Í"}, "geometry": {"type": "Polygon", "coordinates": [[[-73.0809, 6.6865], [-73.0001, 6.6468], [-72.9389, 6.6902], [-72.9083, 6.6766], [-72.8728, 6.6307], [-72.9168, 6.6493], [-73.0295, 6.5378], [-73.1115, 6.5849], [-73.1102, 6.6493], [-73.1176, 6.6865], [-73.0809, 6.6865]]]}}, {"type": "Feature", "id": "68235", "properties": {"daneCode": "68235", "name": "Í", "dptoCode": "68", "dptoName": "Í"}, "geometry": {"type": "Polygon", "coordinates": [[[-73.3832, 6.7014], [-73.3991, 6.6357], [-73.4383, 6.5254], [-73.677, 6.5514], [-73.7346, 6.6171], [-73.7309, 6.7633], [-73.6354, 6.772], [-73.6391, 6.8327], [-73.546, 6.8104], [-73.3832, 6.7014]]]}}, {"type": "Feature", "id": "68245", "properties": {"daneCode": "68245", "name": "Í", "dptoCode": "68", "dptoName": "Í"}, "geometry": {"type": "Polygon", "coordinates": [[[-73.4506, 6.2316], [-73.4812, 6.1857], [-73.5767, 6.2539], [-73.6366, 6.2911], [-73.5999, 6.3208], [-73.5681, 6.2675], [-73.4946, 6.2688], [-73.4506, 6.2316]]]}}, {"type": "Feature", "id": "68255", "properties": {"daneCode": "68255", "name": "Í", "dptoCode": "68", "dptoName": "Í"}, "geometry": {"type": "Polygon", "coordinates": [[[-73.049, 7.6062], [-73.0882, 7.5281], [-73.0454, 7.4587], [-73.0784, 7.4574], [-73.3061, 7.4413], [-73.3257, 7.4983], [-73.2816, 7.5479], [-73.218, 7.6322], [-73.049, 7.6062]]]}}, {"type": "Feature", "id": "68264", "properties": {"daneCode": "68264", "name": "Í", "dptoCode": "68", "dptoName": "Í"}, "geometry": {"type": "Polygon", "coordinates": [[[-72.923, 6.0977], [-72.9695, 6.0197], [-73.0111, 5.9626], [-73.0307, 6.0209], [-73.0821, 5.9775], [-73.1396, 5.9986], [-73.1727, 6.1213], [-73.136, 6.2068], [-73.076, 6.1498], [-72.9585, 6.13], [-72.923, 6.0977]]]}}, {"type": "Feature", "id": "68266", "properties": {"daneCode": "68266", "name": "Í", "dptoCode": "68", "dptoName": "Í"}, "geometry": {"type": "Polygon", "coordinates": [[[-72.6243, 6.7014], [-72.6671, 6.6171], [-72.7026, 6.5948], [-72.7234, 6.5787], [-72.7075, 6.6741], [-72.7075, 6.7175], [-72.6243, 6.7014]]]}}, {"type": "Feature", "id": "68271", "properties": {"daneCode": "68271", "name": "Í", "dptoCode": "68", "dptoName": "Í"}, "geometry": {"type": "Polygon", "coordinates": [[[-73.8264, 5.7904], [-73.8962, 5.7829], [-73.9623, 5.7395], [-73.9818, 5.7209], [-74.0259, 5.8065], [-74.0798, 5.8189], [-74.0786, 5.8325], [-73.9965, 5.8226], [-73.9145, 5.8424], [-73.8264, 5.7904]]]}}, {"type": "Feature", "id": "68296", "properties": {"daneCode": "68296", "name": "Í", "dptoCode": "68", "dptoName": "Í"}, "geometry": {"type": "Polygon", "coordinates": [[[-73.2584, 6.6952], [-73.2645, 6.6295], [-73.2829, 6.565], [-73.3037, 6.5663], [-73.3991, 6.6357], [-73.3832, 6.7014], [-73.36, 6.7832], [-73.2584, 6.6952]]]}}, {"type": "Feature", "id": "68298", "properties": {"daneCode": "68298", "name": "Í", "dptoCode": "68", "dptoName": "Í"}, "geometry": {"type": "Polygon", "coordinates": [[[-73.24, 6.0544], [-73.1751, 5.9949], [-73.2192, 5.9131], [-73.1837, 5.8498], [-73.3453, 5.8424], [-73.3575, 5.8065], [-73.382, 5.7606], [-73.4714, 5.8213], [-73.464, 5.8486], [-73.4334, 5.8982], [-73.4016, 5.9019], [-73.371, 6.006], [-73.404, 6.0556], [-73.3196, 6.0816], [-73.24, 6.0544]]]}}, {"type": "Feature", "id": "68318", "properties": {"daneCode": "68318", "name": "Í", "dptoCode": "68", "dptoName": "Í"}, "geometry": {"type": "Polygon", "coordinates": [[[-72.7503, 7.0596], [-72.7344, 6.9864], [-72.7467, 6.9579], [-72.7614, 6.9046], [-72.8262, 6.8798], [-72.885, 6.8142], [-72.9376, 6.8067], [-72.9181, 6.8476], [-72.8703, 6.9294], [-72.8471, 7.0422], [-72.8189, 7.072], [-72.7503, 7.0596]]]}}, {"type": "Feature", "id": "68320", "properties": {"daneCode": "68320", "name": "Í", "dptoCode": "68", "dptoName": "Í"}, "geometry": {"type": "Polygon", "coordinates": [[[-73.3783, 6.3109], [-73.36, 6.2762], [-73.3612, 6.1783], [-73.4738, 6.156], [-73.4812, 6.1634], [-73.4812, 6.1857], [-73.4506, 6.2316], [-73.4077, 6.3109], [-73.3783, 6.3109]]]}}, {"type": "Feature", "id": "68322", "properties": {"daneCode": "68322", "name": "Í", "dptoCode": "68", "dptoName": "Í"}, "geometry": {"type": "Polygon", "coordinates": [[[-73.3049, 6.3481], [-73.278, 6.3345], [-73.36, 6.2762], [-73.3783, 6.3109], [-73.3318, 6.3704], [-73.3049, 6.3481]]]}}, {"type": "Feature", "id": "68324", "properties": {"daneCode": "68324", "name": "Í", "dptoCode": "68", "dptoName": "Í"}, "geometry": {"type": "Polygon", "coordinates": [[[-73.6636, 5.9279], [-73.7505, 5.8932], [-73.7578, 5.9044], [-73.7676, 5.9378], [-73.7517, 6.0011], [-73.6636, 5.9279]]]}}, {"type": "Feature", "id": "68327", "properties": {"daneCode": "68327", "name": "Í", "dptoCode": "68", "dptoName": "Í"}, "geometry": {"type": "Polygon", "coordinates": [[[-73.5375, 6.042], [-73.5877, 5.9973], [-73.6195, 5.9924], [-73.5962, 6.0197], [-73.5791, 6.0804], [-73.5375, 6.042]]]}}, {"type": "Feature", "id": "68344", "properties": {"daneCode": "68344", "name": "Í", "dptoCode": "68", "dptoName": "Í"}, "geometry": {"type": "Polygon", "coordinates": [[[-73.3037, 6.5663], [-73.3061, 6.4907], [-73.4004, 6.534], [-73.4383, 6.5254], [-73.3991, 6.6357], [-73.3037, 6.5663]]]}}, {"type": "Feature", "id": "68368", "properties": {"daneCode": "68368", "name": "Í", "dptoCode": "68", "dptoName": "Í"}, "geometry": {"type": "Polygon", "coordinates": [[[-73.7578, 5.9044], [-73.7505, 5.8932], [-73.7444, 5.8709], [-73.8264, 5.7904], [-73.9145, 5.8424], [-73.9243, 5.8684], [-73.8423, 5.8474], [-73.7578, 5.9044]]]}}, {"type": "Feature", "id": "68307", "properties": {"daneCode": "68307", "name": "Í", "dptoCode": "68", "dptoName": "Í"}, "geometry": {"type": "Polygon", "coordinates": [[[-73.1237, 7.0682], [-73.1176, 7.0187], [-73.1054, 6.9108], [-73.1764, 6.8848], [-73.2168, 6.9257], [-73.2975, 7.0199], [-73.3783, 7.067], [-73.4506, 7.1389], [-73.5399, 7.1538], [-73.5509, 7.1637], [-73.4371, 7.181], [-73.4175, 7.15], [-73.3061, 7.1215], [-73.2608, 7.0534], [-73.207, 7.0435], [-73.1641, 7.1513], [-73.1641, 7.2108], [-73.158, 7.2157], [-73.1641, 7.0868], [-73.1237, 7.0682]]]}}, {"type": "Feature", "id": "68276", "properties": {"daneCode": "68276", "name": "Í", "dptoCode": "68", "dptoName": "Í"}, "geometry": {"type": "Polygon", "coordinates": [[[-73.005, 7.0992], [-73.0368, 7.0521], [-73.1176, 7.0187], [-73.1237, 7.0682], [-73.0466, 7.1389], [-73.005, 7.0992]]]}}, {"type": "Feature", "id": "68101", "properties": {"daneCode": "68101", "name": "Í", "dptoCode": "68", "dptoName": "Í"}, "geometry": {"type": "Polygon", "coordinates": [[[-74.1006, 6.2217], [-74.0614, 6.1845], [-73.9769, 6.2242], [-73.9072, 6.2254], [-73.846, 6.1795], [-73.7688, 6.1944], [-73.7284, 6.1461], [-73.7517, 6.0011], [-73.7676, 5.9378], [-73.8582, 5.9849], [-73.8509, 6.0147], [-73.7639, 6.042], [-73.8019, 6.1287], [-73.928, 6.1473], [-73.9843, 6.1944], [-74.0773, 6.1548], [-74.1275, 6.0333], [-74.1802, 5.9106], [-74.1948, 5.856], [-74.2658, 5.835], [-74.2218, 5.9676], [-74.2867, 6.0829], [-74.3785, 6.0395], [-74.4519, 6.099], [-74.5266, 6.2737], [-74.5082, 6.2861], [-74.4103, 6.2192], [-74.4054, 6.1287], [-74.3013, 6.1114], [-74.2108, 6.0705], [-74.2108, 6.1671], [-74.1385, 6.2366], [-74.1006, 6.2217]]]}}, {"type": "Feature", "id": "68250", "properties": {"daneCode": "68250", "name": "Í", "dptoCode": "68", "dptoName": "Í"}, "geometry": {"type": "Polygon", "coordinates": [[[-73.8509, 6.0147], [-73.9463, 6.0705], [-74.0345, 6.0494], [-74.0773, 6.1548], [-73.9843, 6.1944], [-73.928, 6.1473], [-73.8019, 6.1287], [-73.7639, 6.042], [-73.8509, 6.0147]]]}}, {"type": "Feature", "id": "68547", "properties": {"daneCode": "68547", "name": "Í", "dptoCode": "68", "dptoName": "Í"}, "geometry": {"type": "Polygon", "coordinates": [[[-72.9107, 7.0819], [-72.9205, 6.9951], [-72.9903, 6.9369], [-72.9181, 6.8476], [-72.9376, 6.8067], [-72.9829, 6.7918], [-73.0037, 6.8241], [-73.1054, 6.9108], [-73.1176, 7.0187], [-73.0368, 7.0521], [-73.005, 7.0992], [-72.9107, 7.0819]]]}}, {"type": "Feature", "id": "68001", "properties": {"daneCode": "68001", "name": "Í", "dptoCode": "68", "dptoName": "Í"}, "geometry": {"type": "Polygon", "coordinates": [[[-73.0711, 7.1996], [-73.0564, 7.1848], [-73.0466, 7.1389], [-73.1237, 7.0682], [-73.1641, 7.0868], [-73.158, 7.2157], [-73.0821, 7.2666], [-73.0711, 7.1996]]]}}, {"type": "Feature", "id": "73001", "properties": {"daneCode": "73001", "name": "Í", "dptoCode": "73", "dptoName": "Í"}, "geometry": {"type": "Polygon", "coordinates": [[[-75.0738, 4.5682], [-75.0432, 4.4505], [-75.0664, 4.4059], [-74.9661, 4.3612], [-75.0297, 4.2794], [-75.1485, 4.3216], [-75.2256, 4.2931], [-75.255, 4.3451], [-75.3566, 4.3067], [-75.4998, 4.2819], [-75.5194, 4.2559], [-75.4839, 4.3377], [-75.3945, 4.3798], [-75.37, 4.4443], [-75.4545, 4.5224], [-75.4851, 4.5819], [-75.4153, 4.6228], [-75.3859, 4.7009], [-75.2831, 4.6129], [-75.2892, 4.5732], [-75.2158, 4.5348], [-75.0738, 4.5682]]]}}, {"type": "Feature", "id": "73024", "properties": {"daneCode": "73024", "name": "Í", "dptoCode": "73", "dptoName": "Í"}, "geometry": {"type": "Polygon", "coordinates": [[[-74.8106, 3.4106], [-74.8485, 3.3424], [-74.9098, 3.2903], [-75.0077, 3.2804], [-75.0664, 3.2941], [-75.0346, 3.4279], [-74.9954, 3.5122], [-74.9526, 3.4775], [-74.8449, 3.5097], [-74.851, 3.454], [-74.8106, 3.4106]]]}}, {"type": "Feature", "id": "73026", "properties": {"daneCode": "73026", "name": "Í", "dptoCode": "73", "dptoName": "Í"}, "geometry": {"type": "Polygon", "coordinates": [[[-74.862, 4.6252], [-74.9795, 4.4864], [-75.0432, 4.4505], [-75.0738, 4.5682], [-75.0493, 4.6624], [-75.0175, 4.6885], [-74.9722, 4.7033], [-74.9257, 4.6401], [-74.862, 4.6252]]]}}, {"type": "Feature", "id": "73030", "properties": {"daneCode": "73030", "name": "Í", "dptoCode": "73", "dptoName": "Í"}, "geometry": {"type": "Polygon", "coordinates": [[[-74.769, 4.8422], [-74.7433, 4.7901], [-74.8155, 4.7133], [-74.8718, 4.774], [-74.8694, 4.8198], [-74.8118, 4.8868], [-74.7494, 4.9525], [-74.769, 4.8422]]]}}, {"type": "Feature", "id": "73043", "properties": {"daneCode": "73043", "name": "Í", "dptoCode": "73", "dptoName": "Í"}, "geometry": {"type": "Polygon", "coordinates": [[[-75.0505, 4.6959], [-75.0175, 4.6885], [-75.0493, 4.6624], [-75.0738, 4.5682], [-75.2158, 4.5348], [-75.2892, 4.5732], [-75.2831, 4.6129], [-75.3859, 4.7009], [-75.3835, 4.7083], [-75.1876, 4.712], [-75.0824, 4.66], [-75.0505, 4.6959]]]}}, {"type": "Feature", "id": "73055", "properties": {"daneCode": "73055", "name": "Í", "dptoCode": "73", "dptoName": "Í"}, "geometry": {"type": "Polygon", "coordinates": [[[-74.884, 5.1471], [-74.8461, 5.1012], [-74.7298, 5.0677], [-74.731, 4.9971], [-74.7274, 4.9773], [-74.7494, 4.9525], [-74.8118, 4.8868], [-74.8706, 4.8868], [-74.9061, 4.9525], [-74.9734, 4.9673], [-75.0163, 4.9959], [-75.0089, 5.0095], [-74.8914, 5.038], [-74.9, 5.1421], [-74.884, 5.1471]]]}}, {"type": "Feature", "id": "73067", "properties": {"daneCode": "73067", "name": "Í", "dptoCode": "73", "dptoName": "Í"}, "geometry": {"type": "Polygon", "coordinates": [[[-75.2366, 3.6002], [-75.2892, 3.5618], [-75.2562, 3.5072], [-75.3027, 3.4502], [-75.2684, 3.3821], [-75.3664, 3.4069], [-75.4263, 3.3523], [-75.479, 3.361], [-75.5769, 3.2209], [-75.6112, 3.299], [-75.6602, 3.2792], [-75.7397, 3.3226], [-75.6736, 3.4626], [-75.5794, 3.4639], [-75.4716, 3.4849], [-75.3235, 3.6634], [-75.31, 3.6114], [-75.2366, 3.6002]]]}}, {"type": "Feature", "id": "73124", "properties": {"daneCode": "73124", "name": "Í", "dptoCode": "73", "dptoName": "Í"}, "geometry": {"type": "Polygon", "coordinates": [[[-75.5194, 4.2559], [-75.5696, 4.2385], [-75.5977, 4.2794], [-75.5928, 4.3612], [-75.583, 4.4245], [-75.5561, 4.4716], [-75.4851, 4.5819], [-75.4545, 4.5224], [-75.37, 4.4443], [-75.3945, 4.3798], [-75.4839, 4.3377], [-75.5194, 4.2559]]]}}, {"type": "Feature", "id": "73148", "properties": {"daneCode": "73148", "name": "Í", "dptoCode": "73", "dptoName": "Í"}, "geometry": {"type": "Polygon", "coordinates": [[[-74.7445, 4.2361], [-74.671, 4.1505], [-74.6845, 4.096], [-74.78, 4.0142], [-74.7984, 4.0266], [-74.7898, 4.1753], [-74.7445, 4.2472], [-74.7445, 4.2361]]]}}, {"type": "Feature", "id": "73152", "properties": {"daneCode": "73152", "name": "Í", "dptoCode": "73", "dptoName": "Í"}, "geometry": {"type": "Polygon", "coordinates": [[[-75.0444, 5.1223], [-75.0456, 5.0541], [-75.0664, 5.0318], [-75.1485, 5.0169], [-75.3198, 4.893], [-75.3345, 4.8992], [-75.3431, 4.9488], [-75.2195, 4.9971], [-75.1289, 5.0938], [-75.0444, 5.1223]]]}}, {"type": "Feature", "id": "73168", "properties": {"daneCode": "73168", "name": "Í", "dptoCode": "73", "dptoName": "Í"}, "geometry": {"type": "Polygon", "coordinates": [[[-75.632, 3.9336], [-75.5659, 3.858], [-75.4594, 3.8307], [-75.4398, 3.8729], [-75.2733, 3.7465], [-75.3235, 3.6634], [-75.4716, 3.4849], [-75.5794, 3.4639], [-75.583, 3.5667], [-75.6981, 3.6523], [-75.7471, 3.6473], [-75.8242, 3.7242], [-75.8413, 3.7775], [-75.9172, 3.7489], [-75.8499, 3.889], [-75.823, 3.9051], [-75.7458, 4.0427], [-75.7165, 3.9807], [-75.632, 3.9336]]]}}, {"type": "Feature", "id": "73200", "properties": {"daneCode": "73200", "name": "Í", "dptoCode": "73", "dptoName": "Í"}, "geometry": {"type": "Polygon", "coordinates": [[[-74.7947, 4.5001], [-74.8216, 4.4455], [-74.8559, 4.3352], [-74.8902, 4.2894], [-74.9073, 4.2497], [-74.9477, 4.2088], [-74.9979, 4.2485], [-75.0297, 4.2794], [-74.9661, 4.3612], [-74.9098, 4.3997], [-74.9049, 4.4802], [-74.7947, 4.5001]]]}}, {"type": "Feature", "id": "73217", "properties": {"daneCode": "73217", "name": "Í", "dptoCode": "73", "dptoName": "Í"}, "geometry": {"type": "Polygon", "coordinates": [[[-75.1032, 3.9088], [-75.0334, 3.8196], [-74.9746, 3.7452], [-75.015, 3.687], [-75.0542, 3.6609], [-75.1338, 3.6944], [-75.1852, 3.6225], [-75.2366, 3.6002], [-75.31, 3.6114], [-75.3235, 3.6634], [-75.2733, 3.7465], [-75.2244, 3.7651], [-75.1938, 3.8419], [-75.1032, 3.9088]]]}}, {"type": "Feature", "id": "73226", "properties": {"daneCode": "73226", "name": "Í", "dptoCode": "73", "dptoName": "Í"}, "geometry": {"type": "Polygon", "coordinates": [[[-74.6245, 4.101], [-74.5792, 4.0836], [-74.5315, 3.9758], [-74.6111, 3.9956], [-74.6686, 3.9497], [-74.7065, 3.8022], [-74.7592, 3.8655], [-74.8241, 3.8952], [-74.78, 4.0142], [-74.6845, 4.096], [-74.6245, 4.101]]]}}, {"type": "Feature", "id": "73236", "properties": {"daneCode": "73236", "name": "Í", "dptoCode": "73", "dptoName": "Í"}, "geometry": {"type": "Polygon", "coordinates": [[[-74.5352, 3.8431], [-74.5572, 3.7675], [-74.6759, 3.6659], [-74.7751, 3.5246], [-74.7653, 3.4403], [-74.8106, 3.4106], [-74.851, 3.454], [-74.8449, 3.5097], [-74.9526, 3.4775], [-74.9954, 3.5122], [-74.9306, 3.6176], [-74.9232, 3.6498], [-74.78, 3.6721], [-74.7176, 3.7589], [-74.6723, 3.6969], [-74.6172, 3.7378], [-74.5401, 3.8444], [-74.5352, 3.8431]]]}}, {"type": "Feature", "id": "73268", "properties": {"daneCode": "73268", "name": "Í", "dptoCode": "73", "dptoName": "Í"}, "geometry": {"type": "Polygon", "coordinates": [[[-74.8118, 4.1914], [-74.8277, 4.0898], [-74.9367, 4.122], [-75.0065, 4.2361], [-74.9979, 4.2485], [-74.9477, 4.2088], [-74.9073, 4.2497], [-74.8118, 4.1914]]]}}, {"type": "Feature", "id": "73270", "properties": {"daneCode": "73270", "name": "Í", "dptoCode": "73", "dptoName": "Í"}, "geometry": {"type": "Polygon", "coordinates": [[[-74.9, 5.1421], [-74.8914, 5.038], [-75.0089, 5.0095], [-75.0664, 5.0318], [-75.0456, 5.0541], [-74.982, 5.0777], [-74.9942, 5.1458], [-74.9661, 5.1706], [-74.9, 5.1421]]]}}, {"type": "Feature", "id": "73275", "properties": {"daneCode": "73275", "name": "Í", "dptoCode": "73", "dptoName": "Í"}, "geometry": {"type": "Polygon", "coordinates": [[[-74.7971, 4.2881], [-74.7812, 4.2646], [-74.8118, 4.1914], [-74.9073, 4.2497], [-74.8902, 4.2894], [-74.7971, 4.2881]]]}}, {"type": "Feature", "id": "73283", "properties": {"daneCode": "73283", "name": "Í", "dptoCode": "73", "dptoName": "Í"}, "geometry": {"type": "Polygon", "coordinates": [[[-75.0003, 5.2921], [-75.0089, 5.2375], [-74.9661, 5.1706], [-74.9942, 5.1458], [-75.0444, 5.1223], [-75.1289, 5.0938], [-75.1497, 5.1644], [-75.1166, 5.1607], [-75.0603, 5.271], [-75.0003, 5.2921]]]}}, {"type": "Feature", "id": "73319", "properties": {"daneCode": "73319", "name": "Í", "dptoCode": "73", "dptoName": "Í"}, "geometry": {"type": "Polygon", "coordinates": [[[-75.0065, 4.2361], [-74.9367, 4.122], [-74.8277, 4.0898], [-74.8657, 4.0092], [-74.9195, 3.9559], [-74.9746, 3.9435], [-75.0089, 3.9956], [-75.0615, 3.9857], [-75.0848, 4.0241], [-75.0554, 4.101], [-75.0824, 4.1381], [-75.0346, 4.246], [-75.0065, 4.2361]]]}}, {"type": "Feature", "id": "73347", "properties": {"daneCode": "73347", "name": "Í", "dptoCode": "73", "dptoName": "Í"}, "geometry": {"type": "Polygon", "coordinates": [[[-75.1497, 5.1644], [-75.1289, 5.0938], [-75.2195, 4.9971], [-75.3431, 4.9488], [-75.3345, 4.8992], [-75.3541, 4.9624], [-75.3284, 5.0417], [-75.3382, 5.0454], [-75.288, 5.1384], [-75.2354, 5.126], [-75.1668, 5.1694], [-75.1497, 5.1644]]]}}, {"type": "Feature", "id": "73352", "properties": {"daneCode": "73352", "name": "Í", "dptoCode": "73", "dptoName": "Í"}, "geometry": {"type": "Polygon", "coordinates": [[[-74.5413, 4.2522], [-74.5192, 4.241], [-74.4764, 4.1195], [-74.5241, 4.0229], [-74.5315, 3.9758], [-74.5792, 4.0836], [-74.6245, 4.101], [-74.5584, 4.1927], [-74.556, 4.267], [-74.5523, 4.2646], [-74.5499, 4.2608], [-74.5413, 4.2522]]]}}, {"type": "Feature", "id": "73408", "properties": {"daneCode": "73408", "name": "Í", "dptoCode": "73", "dptoName": "Í"}, "geometry": {"type": "Polygon", "coordinates": [[[-74.8118, 4.8868], [-74.8694, 4.8198], [-74.8718, 4.774], [-75.0077, 4.8112], [-74.9771, 4.8496], [-74.9991, 4.9401], [-74.9734, 4.9673], [-74.9061, 4.9525], [-74.8706, 4.8868], [-74.8118, 4.8868]]]}}, {"type": "Feature", "id": "73411", "properties": {"daneCode": "73411", "name": "Í", "dptoCode": "73", "dptoName": "Í"}, "geometry": {"type": "Polygon", "coordinates": [[[-75.0163, 4.9959], [-74.9734, 4.9673], [-74.9991, 4.9401], [-74.9771, 4.8496], [-75.0077, 4.8112], [-75.0126, 4.8112], [-75.0701, 4.7529], [-75.1093, 4.7678], [-75.1093, 4.8979], [-75.0456, 4.9959], [-75.0163, 4.9959]]]}}, {"type": "Feature", "id": "73443", "properties": {"daneCode": "73443", "name": "Í", "dptoCode": "73", "dptoName": "Í"}, "geometry": {"type": "Polygon", "coordinates": [[[-74.8608, 5.3057], [-74.7947, 5.2276], [-74.884, 5.1471], [-74.9, 5.1421], [-74.9661, 5.1706], [-75.0089, 5.2375], [-75.0003, 5.2921], [-74.9673, 5.3008], [-74.8608, 5.3057]]]}}, {"type": "Feature", "id": "73449", "properties": {"daneCode": "73449", "name": "Í", "dptoCode": "73", "dptoName": "Í"}, "geometry": {"type": "Polygon", "coordinates": [[[-74.6245, 4.101], [-74.6845, 4.096], [-74.671, 4.1505], [-74.7445, 4.2361], [-74.731, 4.2447], [-74.6392, 4.2113], [-74.556, 4.267], [-74.5584, 4.1927], [-74.6245, 4.101]]]}}, {"type": "Feature", "id": "73461", "properties": {"daneCode": "73461", "name": "Í", "dptoCode": "73", "dptoName": "Í"}, "geometry": {"type": "Polygon", "coordinates": [[[-75.1093, 4.8979], [-75.1093, 4.7678], [-75.0701, 4.7529], [-75.1668, 4.7405], [-75.217, 4.7765], [-75.3186, 4.7542], [-75.3749, 4.8025], [-75.3186, 4.8868], [-75.1766, 4.919], [-75.1093, 4.8979]]]}}, {"type": "Feature", "id": "73483", "properties": {"daneCode": "73483", "name": "Í", "dptoCode": "73", "dptoName": "Í"}, "geometry": {"type": "Polygon", "coordinates": [[[-75.015, 3.687], [-74.9306, 3.6176], [-74.9954, 3.5122], [-75.0346, 3.4279], [-75.1497, 3.4354], [-75.1729, 3.3783], [-75.2268, 3.4155], [-75.2684, 3.3821], [-75.3027, 3.4502], [-75.2562, 3.5072], [-75.2892, 3.5618], [-75.2366, 3.6002], [-75.1852, 3.6225], [-75.1338, 3.6944], [-75.0542, 3.6609], [-75.015, 3.687]]]}}, {"type": "Feature", "id": "73504", "properties": {"daneCode": "73504", "name": "Í", "dptoCode": "73", "dptoName": "Í"}, "geometry": {"type": "Polygon", "coordinates": [[[-75.2439, 4.1072], [-75.1901, 4.1084], [-75.2146, 4.0328], [-75.0946, 3.9708], [-75.0726, 3.9373], [-75.1032, 3.9088], [-75.1938, 3.8419], [-75.2244, 3.7651], [-75.2733, 3.7465], [-75.4398, 3.8729], [-75.441, 3.9844], [-75.408, 4.0551], [-75.3688, 4.0415], [-75.2758, 4.1195], [-75.2439, 4.1072]]]}}, {"type": "Feature", "id": "73520", "properties": {"daneCode": "73520", "name": "Í", "dptoCode": "73", "dptoName": "Í"}, "geometry": {"type": "Polygon", "coordinates": [[[-74.9942, 5.1458], [-74.982, 5.0777], [-75.0456, 5.0541], [-75.0444, 5.1223], [-74.9942, 5.1458]]]}}, {"type": "Feature", "id": "73547", "properties": {"daneCode": "73547", "name": "Í", "dptoCode": "73", "dptoName": "Í"}, "geometry": {"type": "Polygon", "coordinates": [[[-74.8167, 4.6116], [-74.7935, 4.5918], [-74.7947, 4.5001], [-74.9049, 4.4802], [-74.9098, 4.3997], [-74.9661, 4.3612], [-75.0664, 4.4059], [-75.0432, 4.4505], [-74.9795, 4.4864], [-74.862, 4.6252], [-74.8167, 4.6116]]]}}, {"type": "Feature", "id": "73555", "properties": {"daneCode": "73555", "name": "Í", "dptoCode": "73", "dptoName": "Í"}, "geometry": {"type": "Polygon", "coordinates": [[[-75.5769, 3.2209], [-75.5843, 3.1503], [-75.6002, 3.0486], [-75.6136, 3.0239], [-75.692, 2.9929], [-75.7679, 2.9148], [-75.8597, 2.8726], [-76.0286, 2.9408], [-76.0213, 3.0053], [-76.0678, 3.0462], [-76.1033, 3.0957], [-76.0837, 3.1577], [-76.0911, 3.1986], [-76.058, 3.1701], [-75.9148, 3.1937], [-75.7397, 3.3226], [-75.6602, 3.2792], [-75.6112, 3.299], [-75.5769, 3.2209]]]}}, {"type": "Feature", "id": "73563", "properties": {"daneCode": "73563", "name": "Í", "dptoCode": "73", "dptoName": "Í"}, "geometry": {"type": "Polygon", "coordinates": [[[-74.7078, 3.7898], [-74.7176, 3.7589], [-74.78, 3.6721], [-74.9232, 3.6498], [-74.9306, 3.6176], [-75.015, 3.687], [-74.9746, 3.7452], [-74.9526, 3.8047], [-74.8963, 3.827], [-74.7457, 3.7713], [-74.7078, 3.7898]]]}}, {"type": "Feature", "id": "73585", "properties": {"daneCode": "73585", "name": "Í", "dptoCode": "73", "dptoName": "Í"}, "geometry": {"type": "Polygon", "coordinates": [[[-74.8241, 3.8952], [-74.7592, 3.8655], [-74.7065, 3.8022], [-74.7078, 3.7898], [-74.7457, 3.7713], [-74.8963, 3.827], [-74.9526, 3.8047], [-74.9746, 3.7452], [-75.0334, 3.8196], [-74.9073, 3.9311], [-74.9195, 3.9559], [-74.8657, 4.0092], [-74.8706, 3.915], [-74.8241, 3.8952]]]}}, {"type": "Feature", "id": "73616", "properties": {"daneCode": "73616", "name": "Í", "dptoCode": "73", "dptoName": "Í"}, "geometry": {"type": "Polygon", "coordinates": [[[-75.5794, 3.4639], [-75.6736, 3.4626], [-75.7397, 3.3226], [-75.9148, 3.1937], [-76.058, 3.1701], [-76.0911, 3.1986], [-76.0556, 3.2234], [-76.0384, 3.3015], [-76.0617, 3.3548], [-76.0372, 3.4527], [-75.9846, 3.5593], [-75.9931, 3.6089], [-75.9601, 3.7043], [-75.9552, 3.7142], [-75.9172, 3.7489], [-75.8413, 3.7775], [-75.8242, 3.7242], [-75.7471, 3.6473], [-75.6981, 3.6523], [-75.583, 3.5667], [-75.5794, 3.4639]]]}}, {"type": "Feature", "id": "73622", "properties": {"daneCode": "73622", "name": "Í", "dptoCode": "73", "dptoName": "Í"}, "geometry": {"type": "Polygon", "coordinates": [[[-75.5696, 4.2385], [-75.5071, 4.1852], [-75.3896, 4.1208], [-75.4569, 4.091], [-75.4716, 4.0204], [-75.6185, 3.9683], [-75.632, 3.9336], [-75.7165, 3.9807], [-75.7458, 4.0427], [-75.752, 4.0774], [-75.6969, 4.1319], [-75.6589, 4.2224], [-75.5977, 4.2794], [-75.5696, 4.2385]]]}}, {"type": "Feature", "id": "73624", "properties": {"daneCode": "73624", "name": "Í", "dptoCode": "73", "dptoName": "Í"}, "geometry": {"type": "Polygon", "coordinates": [[[-75.1485, 4.3216], [-75.1791, 4.2782], [-75.2305, 4.1902], [-75.2439, 4.1072], [-75.2758, 4.1195], [-75.3688, 4.0415], [-75.408, 4.0551], [-75.3896, 4.1208], [-75.5071, 4.1852], [-75.5696, 4.2385], [-75.5194, 4.2559], [-75.4998, 4.2819], [-75.3566, 4.3067], [-75.255, 4.3451], [-75.2256, 4.2931], [-75.1485, 4.3216]]]}}, {"type": "Feature", "id": "73671", "properties": {"daneCode": "73671", "name": "Í", "dptoCode": "73", "dptoName": "Í"}, "geometry": {"type": "Polygon", "coordinates": [[[-74.9195, 3.9559], [-74.9073, 3.9311], [-75.0334, 3.8196], [-75.1032, 3.9088], [-75.0726, 3.9373], [-75.0615, 3.9857], [-75.0089, 3.9956], [-74.9746, 3.9435], [-74.9195, 3.9559]]]}}, {"type": "Feature", "id": "73675", "properties": {"daneCode": "73675", "name": "Í", "dptoCode": "73", "dptoName": "Í"}, "geometry": {"type": "Polygon", "coordinates": [[[-75.3896, 4.1208], [-75.408, 4.0551], [-75.441, 3.9844], [-75.4398, 3.8729], [-75.4594, 3.8307], [-75.5659, 3.858], [-75.632, 3.9336], [-75.6185, 3.9683], [-75.4716, 4.0204], [-75.4569, 4.091], [-75.3896, 4.1208]]]}}, {"type": "Feature", "id": "73678", "properties": {"daneCode": "73678", "name": "Í", "dptoCode": "73", "dptoName": "Í"}, "geometry": {"type": "Polygon", "coordinates": [[[-75.0297, 4.2794], [-74.9979, 4.2485], [-75.0065, 4.2361], [-75.0346, 4.246], [-75.0824, 4.1381], [-75.0554, 4.101], [-75.0848, 4.0241], [-75.0615, 3.9857], [-75.0726, 3.9373], [-75.0946, 3.9708], [-75.2146, 4.0328], [-75.1901, 4.1084], [-75.1105, 4.1679], [-75.1791, 4.2782], [-75.1485, 4.3216], [-75.0297, 4.2794]]]}}, {"type": "Feature", "id": "73686", "properties": {"daneCode": "73686", "name": "Í", "dptoCode": "73", "dptoName": "Í"}, "geometry": {"type": "Polygon", "coordinates": [[[-75.0505, 4.6959], [-75.0824, 4.66], [-75.1876, 4.712], [-75.3835, 4.7083], [-75.3884, 4.7157], [-75.3749, 4.8025], [-75.3186, 4.7542], [-75.217, 4.7765], [-75.1668, 4.7405], [-75.0701, 4.7529], [-75.0126, 4.8112], [-75.0505, 4.6959]]]}}, {"type": "Feature", "id": "73770", "properties": {"daneCode": "73770", "name": "Í", "dptoCode": "73", "dptoName": "Í"}, "geometry": {"type": "Polygon", "coordinates": [[[-74.7445, 4.2472], [-74.7898, 4.1753], [-74.7984, 4.0266], [-74.78, 4.0142], [-74.8241, 3.8952], [-74.8706, 3.915], [-74.8657, 4.0092], [-74.8277, 4.0898], [-74.8118, 4.1914], [-74.7812, 4.2646], [-74.7445, 4.2472]]]}}, {"type": "Feature", "id": "73854", "properties": {"daneCode": "73854", "name": "Í", "dptoCode": "73", "dptoName": "Í"}, "geometry": {"type": "Polygon", "coordinates": [[[-75.1901, 4.1084], [-75.2439, 4.1072], [-75.2305, 4.1902], [-75.1791, 4.2782], [-75.1105, 4.1679], [-75.1901, 4.1084]]]}}, {"type": "Feature", "id": "73861", "properties": {"daneCode": "73861", "name": "Í", "dptoCode": "73", "dptoName": "Í"}, "geometry": {"type": "Polygon", "coordinates": [[[-75.0077, 4.8112], [-74.8718, 4.774], [-74.8155, 4.7133], [-74.7886, 4.6587], [-74.8167, 4.6116], [-74.862, 4.6252], [-74.9257, 4.6401], [-74.9722, 4.7033], [-75.0175, 4.6885], [-75.0505, 4.6959], [-75.0126, 4.8112], [-75.0077, 4.8112]]]}}, {"type": "Feature", "id": "73870", "properties": {"daneCode": "73870", "name": "Í", "dptoCode": "73", "dptoName": "Í"}, "geometry": {"type": "Polygon", "coordinates": [[[-75.0664, 5.0318], [-75.0089, 5.0095], [-75.0163, 4.9959], [-75.0456, 4.9959], [-75.1093, 4.8979], [-75.1766, 4.919], [-75.3186, 4.8868], [-75.3198, 4.893], [-75.1485, 5.0169], [-75.0664, 5.0318]]]}}, {"type": "Feature", "id": "73873", "properties": {"daneCode": "73873", "name": "Í", "dptoCode": "73", "dptoName": "Í"}, "geometry": {"type": "Polygon", "coordinates": [[[-74.5315, 3.9758], [-74.5131, 3.9535], [-74.5401, 3.8444], [-74.6172, 3.7378], [-74.6723, 3.6969], [-74.7176, 3.7589], [-74.7078, 3.7898], [-74.7065, 3.8022], [-74.6686, 3.9497], [-74.6111, 3.9956], [-74.5315, 3.9758]]]}}, {"type": "Feature", "id": "13300", "properties": {"daneCode": "13300", "name": "Í", "dptoCode": "13", "dptoName": "Í"}, "geometry": {"type": "MultiPolygon", "coordinates": [[[[-73.9782, 8.9845], [-74.0712, 8.9485], [-74.2255, 8.9473], [-74.2267, 8.9485], [-74.1936, 8.9869], [-74.1006, 9.0192], [-74.0039, 9.0303], [-73.9782, 8.9845]]], [[[-74.2634, 8.9919], [-74.2781, 8.9721], [-74.3638, 8.9733], [-74.4323, 9.0093], [-74.2634, 8.9919]]]]}}, {"type": "Feature", "id": "13650", "properties": {"daneCode": "13650", "name": "Í", "dptoCode": "13", "dptoName": "Í"}, "geometry": {"type": "Polygon", "coordinates": [[[-74.3001, 9.2039], [-74.2977, 9.1766], [-74.3234, 9.1208], [-74.2646, 9.0415], [-74.2634, 8.9919], [-74.4323, 9.0093], [-74.4801, 9.0787], [-74.354, 9.1865], [-74.3919, 9.215], [-74.3001, 9.2039]]]}}, {"type": "Feature", "id": "13430", "properties": {"daneCode": "13430", "name": "Í", "dptoCode": "13", "dptoName": "Í"}, "geometry": {"type": "Polygon", "coordinates": [[[-74.7396, 9.4257], [-74.7433, 9.3662], [-74.6784, 9.3055], [-74.7335, 9.2633], [-74.7249, 9.1791], [-74.7298, 9.127], [-74.6821, 9.0675], [-74.6062, 9.0204], [-74.5352, 8.9956], [-74.4642, 8.8766], [-74.4691, 8.8246], [-74.5645, 8.837], [-74.6392, 8.977], [-74.7751, 9.0378], [-74.8436, 9.1072], [-74.9085, 9.2051], [-74.9416, 9.2919], [-74.922, 9.3885], [-74.8008, 9.4418], [-74.7396, 9.4257]]]}}, {"type": "Feature", "id": "25307", "properties": {"daneCode": "25307", "name": "Í", "dptoCode": "25", "dptoName": "Í"}, "geometry": {"type": "Polygon", "coordinates": [[[-74.7433, 4.3811], [-74.7971, 4.2881], [-74.8902, 4.2894], [-74.8559, 4.3352], [-74.7531, 4.4344], [-74.7433, 4.3811]]]}}, {"type": "Feature", "id": "25754", "properties": {"daneCode": "25754", "name": "Í", "dptoCode": "25", "dptoName": "Í"}, "geometry": {"type": "Polygon", "coordinates": [[[-74.223, 4.629], [-74.1838, 4.5967], [-74.1777, 4.4864], [-74.2144, 4.3811], [-74.2365, 4.4009], [-74.2181, 4.5162], [-74.2842, 4.5125], [-74.3038, 4.5546], [-74.3062, 4.6203], [-74.272, 4.6191], [-74.223, 4.629]]]}}, {"type": "Feature", "id": "25175", "properties": {"daneCode": "25175", "name": "Í", "dptoCode": "25", "dptoName": "Í"}, "geometry": {"type": "Polygon", "coordinates": [[[-74.0063, 4.8236], [-74.0822, 4.8347], [-74.0945, 4.8484], [-74.0822, 4.893], [-74.0773, 4.9116], [-74.0063, 4.9178], [-74.0063, 4.8236]]]}}, {"type": "Feature", "id": "25260", "properties": {"daneCode": "25260", "name": "Í", "dptoCode": "25", "dptoName": "Í"}, "geometry": {"type": "Polygon", "coordinates": [[[-74.2303, 4.945], [-74.201, 4.857], [-74.261, 4.8236], [-74.2842, 4.8756], [-74.2303, 4.945]]]}}, {"type": "Feature", "id": "25473", "properties": {"daneCode": "25473", "name": "Í", "dptoCode": "25", "dptoName": "Í"}, "geometry": {"type": "Polygon", "coordinates": [[[-74.1728, 4.6959], [-74.223, 4.629], [-74.272, 4.6191], [-74.2989, 4.717], [-74.2328, 4.7368], [-74.1728, 4.6959]]]}}, {"type": "Feature", "id": "25740", "properties": {"daneCode": "25740", "name": "Í", "dptoCode": "25", "dptoName": "Í"}, "geometry": {"type": "Polygon", "coordinates": [[[-74.2365, 4.4009], [-74.283, 4.3798], [-74.3001, 4.4269], [-74.3026, 4.5038], [-74.2842, 4.5125], [-74.2181, 4.5162], [-74.2365, 4.4009]]]}}, {"type": "Feature", "id": "25290", "properties": {"daneCode": "25290", "name": "Í", "dptoCode": "25", "dptoName": "Í"}, "geometry": {"type": "Polygon", "coordinates": [[[-74.283, 4.3798], [-74.3197, 4.386], [-74.3515, 4.2956], [-74.3356, 4.2274], [-74.4299, 4.2931], [-74.5413, 4.2522], [-74.5499, 4.2608], [-74.4825, 4.2894], [-74.4201, 4.3588], [-74.3883, 4.3984], [-74.3001, 4.4269], [-74.283, 4.3798]]]}}, {"type": "Feature", "id": "25662", "properties": {"daneCode": "25662", "name": "Í", "dptoCode": "25", "dptoName": "Í"}, "geometry": {"type": "Polygon", "coordinates": [[[-74.5768, 4.8893], [-74.5633, 4.7963], [-74.5902, 4.743], [-74.6845, 4.7579], [-74.7016, 4.836], [-74.769, 4.8422], [-74.7494, 4.9525], [-74.7274, 4.9773], [-74.6441, 4.8967], [-74.5768, 4.8893]]]}}, {"type": "Feature", "id": "73349", "properties": {"daneCode": "73349", "name": "Í", "dptoCode": "73", "dptoName": "Í"}, "geometry": {"type": "Polygon", "coordinates": [[[-74.7898, 5.2983], [-74.7347, 5.2871], [-74.7298, 5.0677], [-74.8461, 5.1012], [-74.884, 5.1471], [-74.7947, 5.2276], [-74.8608, 5.3057], [-74.7898, 5.2983]]]}}, {"type": "Feature", "id": "05631", "properties": {"daneCode": "05631", "name": "Í", "dptoCode": "05", "dptoName": "Í"}, "geometry": {"type": "Polygon", "coordinates": [[[-75.5904, 6.1126], [-75.6063, 6.1163], [-75.6259, 6.1535], [-75.6051, 6.1634], [-75.5904, 6.1126]]]}}, {"type": "Feature", "id": "05380", "properties": {"daneCode": "05380", "name": "Í", "dptoCode": "05", "dptoName": "Í"}, "geometry": {"type": "Polygon", "coordinates": [[[-75.6479, 6.1721], [-75.6259, 6.1535], [-75.6063, 6.1163], [-75.6724, 6.1188], [-75.6797, 6.1634], [-75.6479, 6.1721]]]}}]}